mtry,trees,min_n,.metric,.estimator,mean,n,std_err,.config,metric
1,250,3,mae,standard,0.11698712782376926,5,0.004607658513980033,pre0_mod001_post0,tau_Zero_Flow_Days_sum
1,250,3,rmse,standard,0.155987842397538,5,0.005727364336030751,pre0_mod001_post0,tau_Zero_Flow_Days_sum
1,250,3,rsq,standard,0.13604443593070734,5,0.050203314082104586,pre0_mod001_post0,tau_Zero_Flow_Days_sum
1,250,6,mae,standard,0.11632106160469942,5,0.004637710878976843,pre0_mod002_post0,tau_Zero_Flow_Days_sum
1,250,6,rmse,standard,0.15477590666412372,5,0.005950952626843759,pre0_mod002_post0,tau_Zero_Flow_Days_sum
1,250,6,rsq,standard,0.15007159625524324,5,0.051256541277239075,pre0_mod002_post0,tau_Zero_Flow_Days_sum
1,250,9,mae,standard,0.11660105466356246,5,0.004680861994271818,pre0_mod003_post0,tau_Zero_Flow_Days_sum
1,250,9,rmse,standard,0.15520824671150574,5,0.006156804417196345,pre0_mod003_post0,tau_Zero_Flow_Days_sum
1,250,9,rsq,standard,0.14422151358966748,5,0.04015581485326466,pre0_mod003_post0,tau_Zero_Flow_Days_sum
1,250,12,mae,standard,0.11706675903762917,5,0.00507769180057927,pre0_mod004_post0,tau_Zero_Flow_Days_sum
1,250,12,rmse,standard,0.15620234096794916,5,0.0061802270962369775,pre0_mod004_post0,tau_Zero_Flow_Days_sum
1,250,12,rsq,standard,0.1394228899231663,5,0.05467215015712101,pre0_mod004_post0,tau_Zero_Flow_Days_sum
1,250,15,mae,standard,0.11741676293732954,5,0.004634935318893242,pre0_mod005_post0,tau_Zero_Flow_Days_sum
1,250,15,rmse,standard,0.1558397525304359,5,0.006361914994769354,pre0_mod005_post0,tau_Zero_Flow_Days_sum
1,250,15,rsq,standard,0.14669413332412137,5,0.05121373202663221,pre0_mod005_post0,tau_Zero_Flow_Days_sum
1,250,18,mae,standard,0.11718036516372474,5,0.004643938799228319,pre0_mod006_post0,tau_Zero_Flow_Days_sum
1,250,18,rmse,standard,0.1556872448582457,5,0.00621038848138303,pre0_mod006_post0,tau_Zero_Flow_Days_sum
1,250,18,rsq,standard,0.14290998599445354,5,0.051008323580780356,pre0_mod006_post0,tau_Zero_Flow_Days_sum
1,250,21,mae,standard,0.11887911138866881,5,0.004559177891912938,pre0_mod007_post0,tau_Zero_Flow_Days_sum
1,250,21,rmse,standard,0.15663118512374297,5,0.006323818113656165,pre0_mod007_post0,tau_Zero_Flow_Days_sum
1,250,21,rsq,standard,0.13098917943882557,5,0.045418588878179574,pre0_mod007_post0,tau_Zero_Flow_Days_sum
1,250,25,mae,standard,0.11792701320343799,5,0.004747081622415157,pre0_mod008_post0,tau_Zero_Flow_Days_sum
1,250,25,rmse,standard,0.15581343628241,5,0.006522728739586887,pre0_mod008_post0,tau_Zero_Flow_Days_sum
1,250,25,rsq,standard,0.1440228789338064,5,0.05075832858146757,pre0_mod008_post0,tau_Zero_Flow_Days_sum
1,450,3,mae,standard,0.11696934368137481,5,0.004277164446878844,pre0_mod009_post0,tau_Zero_Flow_Days_sum
1,450,3,rmse,standard,0.1550446649258575,5,0.005380733915610192,pre0_mod009_post0,tau_Zero_Flow_Days_sum
1,450,3,rsq,standard,0.14556025464577074,5,0.05225882456141479,pre0_mod009_post0,tau_Zero_Flow_Days_sum
1,450,6,mae,standard,0.11753804696344193,5,0.004707832261736989,pre0_mod010_post0,tau_Zero_Flow_Days_sum
1,450,6,rmse,standard,0.15585882588997288,5,0.005572443583447384,pre0_mod010_post0,tau_Zero_Flow_Days_sum
1,450,6,rsq,standard,0.13962561434127035,5,0.05091815451522777,pre0_mod010_post0,tau_Zero_Flow_Days_sum
1,450,9,mae,standard,0.11759438009255031,5,0.005281719918957668,pre0_mod011_post0,tau_Zero_Flow_Days_sum
1,450,9,rmse,standard,0.15621265251064445,5,0.006359135367932685,pre0_mod011_post0,tau_Zero_Flow_Days_sum
1,450,9,rsq,standard,0.13617711140464825,5,0.051852059229144556,pre0_mod011_post0,tau_Zero_Flow_Days_sum
1,450,12,mae,standard,0.11671121635905965,5,0.004810107995058775,pre0_mod012_post0,tau_Zero_Flow_Days_sum
1,450,12,rmse,standard,0.15511307177168923,5,0.005867301342180069,pre0_mod012_post0,tau_Zero_Flow_Days_sum
1,450,12,rsq,standard,0.1495237018970293,5,0.05507647748981599,pre0_mod012_post0,tau_Zero_Flow_Days_sum
1,450,15,mae,standard,0.11751409848293702,5,0.004980390441483257,pre0_mod013_post0,tau_Zero_Flow_Days_sum
1,450,15,rmse,standard,0.1562651839032595,5,0.006495357345953724,pre0_mod013_post0,tau_Zero_Flow_Days_sum
1,450,15,rsq,standard,0.13825627079856517,5,0.05622893919357809,pre0_mod013_post0,tau_Zero_Flow_Days_sum
1,450,18,mae,standard,0.11746328662213347,5,0.004527819665502705,pre0_mod014_post0,tau_Zero_Flow_Days_sum
1,450,18,rmse,standard,0.15600451000951107,5,0.00649977984095042,pre0_mod014_post0,tau_Zero_Flow_Days_sum
1,450,18,rsq,standard,0.13808213779178602,5,0.049341133848936625,pre0_mod014_post0,tau_Zero_Flow_Days_sum
1,450,21,mae,standard,0.11761782911791668,5,0.004308658343541756,pre0_mod015_post0,tau_Zero_Flow_Days_sum
1,450,21,rmse,standard,0.15597930588781922,5,0.005779727947387354,pre0_mod015_post0,tau_Zero_Flow_Days_sum
1,450,21,rsq,standard,0.14361504471291464,5,0.05369035324615887,pre0_mod015_post0,tau_Zero_Flow_Days_sum
1,450,25,mae,standard,0.11845161965287168,5,0.00453855776801623,pre0_mod016_post0,tau_Zero_Flow_Days_sum
1,450,25,rmse,standard,0.15641379004282274,5,0.005945715754798952,pre0_mod016_post0,tau_Zero_Flow_Days_sum
1,450,25,rsq,standard,0.1396074903045254,5,0.05249587857824214,pre0_mod016_post0,tau_Zero_Flow_Days_sum
1,650,3,mae,standard,0.1171404395961819,5,0.004485452071397612,pre0_mod017_post0,tau_Zero_Flow_Days_sum
1,650,3,rmse,standard,0.15628724940403352,5,0.005586875373180405,pre0_mod017_post0,tau_Zero_Flow_Days_sum
1,650,3,rsq,standard,0.12776098478283449,5,0.045875667435922494,pre0_mod017_post0,tau_Zero_Flow_Days_sum
1,650,6,mae,standard,0.11670584698818862,5,0.004540498510667315,pre0_mod018_post0,tau_Zero_Flow_Days_sum
1,650,6,rmse,standard,0.15508972180363845,5,0.0059239923292116305,pre0_mod018_post0,tau_Zero_Flow_Days_sum
1,650,6,rsq,standard,0.1468845924749661,5,0.04887607581155363,pre0_mod018_post0,tau_Zero_Flow_Days_sum
1,650,9,mae,standard,0.1171581530563426,5,0.004593591573823364,pre0_mod019_post0,tau_Zero_Flow_Days_sum
1,650,9,rmse,standard,0.1560834228881757,5,0.005963880042508181,pre0_mod019_post0,tau_Zero_Flow_Days_sum
1,650,9,rsq,standard,0.13759717334818455,5,0.055365109813357453,pre0_mod019_post0,tau_Zero_Flow_Days_sum
1,650,12,mae,standard,0.11757588601043369,5,0.004770090987188156,pre0_mod020_post0,tau_Zero_Flow_Days_sum
1,650,12,rmse,standard,0.15617959532558692,5,0.006227410353955339,pre0_mod020_post0,tau_Zero_Flow_Days_sum
1,650,12,rsq,standard,0.13381171244730009,5,0.048763710335199356,pre0_mod020_post0,tau_Zero_Flow_Days_sum
1,650,15,mae,standard,0.11801991334992594,5,0.004940447449597769,pre0_mod021_post0,tau_Zero_Flow_Days_sum
1,650,15,rmse,standard,0.15645322602539324,5,0.006288750846642332,pre0_mod021_post0,tau_Zero_Flow_Days_sum
1,650,15,rsq,standard,0.13436620079599407,5,0.051210605653582444,pre0_mod021_post0,tau_Zero_Flow_Days_sum
1,650,18,mae,standard,0.11787408097517812,5,0.004525132660008545,pre0_mod022_post0,tau_Zero_Flow_Days_sum
1,650,18,rmse,standard,0.15552927913740872,5,0.006087522338704494,pre0_mod022_post0,tau_Zero_Flow_Days_sum
1,650,18,rsq,standard,0.14551283286365274,5,0.05233081112272842,pre0_mod022_post0,tau_Zero_Flow_Days_sum
1,650,21,mae,standard,0.11796137581138276,5,0.0048148462910136925,pre0_mod023_post0,tau_Zero_Flow_Days_sum
1,650,21,rmse,standard,0.15599471401044745,5,0.006328005188626087,pre0_mod023_post0,tau_Zero_Flow_Days_sum
1,650,21,rsq,standard,0.14332375827099167,5,0.05618088841148899,pre0_mod023_post0,tau_Zero_Flow_Days_sum
1,650,25,mae,standard,0.11791916228415604,5,0.004657436121677193,pre0_mod024_post0,tau_Zero_Flow_Days_sum
1,650,25,rmse,standard,0.15577294506371248,5,0.0063891951992393736,pre0_mod024_post0,tau_Zero_Flow_Days_sum
1,650,25,rsq,standard,0.1506460467236712,5,0.05594820026227746,pre0_mod024_post0,tau_Zero_Flow_Days_sum
1,850,3,mae,standard,0.11679210572618309,5,0.004537852890826718,pre0_mod025_post0,tau_Zero_Flow_Days_sum
1,850,3,rmse,standard,0.15563340597144393,5,0.005773203367768925,pre0_mod025_post0,tau_Zero_Flow_Days_sum
1,850,3,rsq,standard,0.13422373212993946,5,0.038542417928566636,pre0_mod025_post0,tau_Zero_Flow_Days_sum
1,850,6,mae,standard,0.11721029113032823,5,0.004853113690670487,pre0_mod026_post0,tau_Zero_Flow_Days_sum
1,850,6,rmse,standard,0.15594000563775223,5,0.005836415404824991,pre0_mod026_post0,tau_Zero_Flow_Days_sum
1,850,6,rsq,standard,0.131461747016338,5,0.04535399819281889,pre0_mod026_post0,tau_Zero_Flow_Days_sum
1,850,9,mae,standard,0.11710308407898584,5,0.004656191170698362,pre0_mod027_post0,tau_Zero_Flow_Days_sum
1,850,9,rmse,standard,0.15556421118046124,5,0.006029951712869493,pre0_mod027_post0,tau_Zero_Flow_Days_sum
1,850,9,rsq,standard,0.14344001364073397,5,0.05354589689507123,pre0_mod027_post0,tau_Zero_Flow_Days_sum
1,850,12,mae,standard,0.11677000793352155,5,0.004618472979408582,pre0_mod028_post0,tau_Zero_Flow_Days_sum
1,850,12,rmse,standard,0.15549757871709707,5,0.00588479013324576,pre0_mod028_post0,tau_Zero_Flow_Days_sum
1,850,12,rsq,standard,0.14371150494327353,5,0.05083888357023825,pre0_mod028_post0,tau_Zero_Flow_Days_sum
1,850,15,mae,standard,0.11731902394097447,5,0.0044855780778665566,pre0_mod029_post0,tau_Zero_Flow_Days_sum
1,850,15,rmse,standard,0.15609268471565865,5,0.006079086609180299,pre0_mod029_post0,tau_Zero_Flow_Days_sum
1,850,15,rsq,standard,0.13804016918010656,5,0.05116155390636087,pre0_mod029_post0,tau_Zero_Flow_Days_sum
1,850,18,mae,standard,0.11777067023859843,5,0.004599221182748619,pre0_mod030_post0,tau_Zero_Flow_Days_sum
1,850,18,rmse,standard,0.155921698110265,5,0.006159492523446729,pre0_mod030_post0,tau_Zero_Flow_Days_sum
1,850,18,rsq,standard,0.14251155125051743,5,0.053084441385271526,pre0_mod030_post0,tau_Zero_Flow_Days_sum
1,850,21,mae,standard,0.11817678858084886,5,0.004307658293711693,pre0_mod031_post0,tau_Zero_Flow_Days_sum
1,850,21,rmse,standard,0.15600557452309805,5,0.005854042397184697,pre0_mod031_post0,tau_Zero_Flow_Days_sum
1,850,21,rsq,standard,0.14168839959967175,5,0.052554388179799696,pre0_mod031_post0,tau_Zero_Flow_Days_sum
1,850,25,mae,standard,0.11819512824889605,5,0.004757833324771301,pre0_mod032_post0,tau_Zero_Flow_Days_sum
1,850,25,rmse,standard,0.15619664786976015,5,0.006290842796364394,pre0_mod032_post0,tau_Zero_Flow_Days_sum
1,850,25,rsq,standard,0.1416335595046639,5,0.05346843382242277,pre0_mod032_post0,tau_Zero_Flow_Days_sum
1,1050,3,mae,standard,0.11598064127687616,5,0.004694033996718334,pre0_mod033_post0,tau_Zero_Flow_Days_sum
1,1050,3,rmse,standard,0.15495704403377678,5,0.00582761754004051,pre0_mod033_post0,tau_Zero_Flow_Days_sum
1,1050,3,rsq,standard,0.14475304855133206,5,0.04692371800348105,pre0_mod033_post0,tau_Zero_Flow_Days_sum
1,1050,6,mae,standard,0.1169224504768167,5,0.004669439847589184,pre0_mod034_post0,tau_Zero_Flow_Days_sum
1,1050,6,rmse,standard,0.15562243481848595,5,0.005851360351151441,pre0_mod034_post0,tau_Zero_Flow_Days_sum
1,1050,6,rsq,standard,0.14121903946488107,5,0.05149924675380966,pre0_mod034_post0,tau_Zero_Flow_Days_sum
1,1050,9,mae,standard,0.11682309118921513,5,0.004847033216515819,pre0_mod035_post0,tau_Zero_Flow_Days_sum
1,1050,9,rmse,standard,0.15579013558415478,5,0.005957574833624566,pre0_mod035_post0,tau_Zero_Flow_Days_sum
1,1050,9,rsq,standard,0.1399452635335478,5,0.05232228485370533,pre0_mod035_post0,tau_Zero_Flow_Days_sum
1,1050,12,mae,standard,0.11723781429188919,5,0.004857054283708242,pre0_mod036_post0,tau_Zero_Flow_Days_sum
1,1050,12,rmse,standard,0.15569146817617727,5,0.006207101184563861,pre0_mod036_post0,tau_Zero_Flow_Days_sum
1,1050,12,rsq,standard,0.1432318020263883,5,0.05171663793685801,pre0_mod036_post0,tau_Zero_Flow_Days_sum
1,1050,15,mae,standard,0.11713280075344924,5,0.004725864855542503,pre0_mod037_post0,tau_Zero_Flow_Days_sum
1,1050,15,rmse,standard,0.15546861420946523,5,0.00613095811396248,pre0_mod037_post0,tau_Zero_Flow_Days_sum
1,1050,15,rsq,standard,0.14558878988184737,5,0.053774811602134355,pre0_mod037_post0,tau_Zero_Flow_Days_sum
1,1050,18,mae,standard,0.11803642196743717,5,0.004741322930093494,pre0_mod038_post0,tau_Zero_Flow_Days_sum
1,1050,18,rmse,standard,0.156123349320682,5,0.006153065858165237,pre0_mod038_post0,tau_Zero_Flow_Days_sum
1,1050,18,rsq,standard,0.14071361386835915,5,0.054406304638727095,pre0_mod038_post0,tau_Zero_Flow_Days_sum
1,1050,21,mae,standard,0.11791868822587984,5,0.00478330000047108,pre0_mod039_post0,tau_Zero_Flow_Days_sum
1,1050,21,rmse,standard,0.15602999756950303,5,0.0064033433232095075,pre0_mod039_post0,tau_Zero_Flow_Days_sum
1,1050,21,rsq,standard,0.145573743638578,5,0.056611146497406444,pre0_mod039_post0,tau_Zero_Flow_Days_sum
1,1050,25,mae,standard,0.11855549513436833,5,0.004722978129925336,pre0_mod040_post0,tau_Zero_Flow_Days_sum
1,1050,25,rmse,standard,0.15670347614546937,5,0.006230863921385073,pre0_mod040_post0,tau_Zero_Flow_Days_sum
1,1050,25,rsq,standard,0.1368235709055693,5,0.05396438915024881,pre0_mod040_post0,tau_Zero_Flow_Days_sum
1,1250,3,mae,standard,0.11710319150920137,5,0.00454543972860915,pre0_mod041_post0,tau_Zero_Flow_Days_sum
1,1250,3,rmse,standard,0.1557998523215375,5,0.005579029450909799,pre0_mod041_post0,tau_Zero_Flow_Days_sum
1,1250,3,rsq,standard,0.13535486334113442,5,0.04873311520086463,pre0_mod041_post0,tau_Zero_Flow_Days_sum
1,1250,6,mae,standard,0.1168636601956538,5,0.004623362876099162,pre0_mod042_post0,tau_Zero_Flow_Days_sum
1,1250,6,rmse,standard,0.15575417702821961,5,0.006099613691212205,pre0_mod042_post0,tau_Zero_Flow_Days_sum
1,1250,6,rsq,standard,0.1400028491603418,5,0.050435397050059935,pre0_mod042_post0,tau_Zero_Flow_Days_sum
1,1250,9,mae,standard,0.11689720122196962,5,0.004484884192171033,pre0_mod043_post0,tau_Zero_Flow_Days_sum
1,1250,9,rmse,standard,0.15559557662756257,5,0.005856218391285689,pre0_mod043_post0,tau_Zero_Flow_Days_sum
1,1250,9,rsq,standard,0.14087930873159044,5,0.049734330680795164,pre0_mod043_post0,tau_Zero_Flow_Days_sum
1,1250,12,mae,standard,0.11701578764652563,5,0.00480385621197193,pre0_mod044_post0,tau_Zero_Flow_Days_sum
1,1250,12,rmse,standard,0.15532014274305084,5,0.006287740427623825,pre0_mod044_post0,tau_Zero_Flow_Days_sum
1,1250,12,rsq,standard,0.14830748165720287,5,0.05541270142046244,pre0_mod044_post0,tau_Zero_Flow_Days_sum
1,1250,15,mae,standard,0.11724072518751158,5,0.00460937886148912,pre0_mod045_post0,tau_Zero_Flow_Days_sum
1,1250,15,rmse,standard,0.15547504570259998,5,0.006128663061011615,pre0_mod045_post0,tau_Zero_Flow_Days_sum
1,1250,15,rsq,standard,0.1451270229884928,5,0.05084928014834771,pre0_mod045_post0,tau_Zero_Flow_Days_sum
1,1250,18,mae,standard,0.11789523292749585,5,0.004811363035757992,pre0_mod046_post0,tau_Zero_Flow_Days_sum
1,1250,18,rmse,standard,0.15613094252192053,5,0.006331825923338957,pre0_mod046_post0,tau_Zero_Flow_Days_sum
1,1250,18,rsq,standard,0.13944692482615853,5,0.05355962538819001,pre0_mod046_post0,tau_Zero_Flow_Days_sum
1,1250,21,mae,standard,0.11844346339751878,5,0.004652650629013799,pre0_mod047_post0,tau_Zero_Flow_Days_sum
1,1250,21,rmse,standard,0.15601330633192428,5,0.006330296511574438,pre0_mod047_post0,tau_Zero_Flow_Days_sum
1,1250,21,rsq,standard,0.14165324109120905,5,0.05478369283085548,pre0_mod047_post0,tau_Zero_Flow_Days_sum
1,1250,25,mae,standard,0.11802932004980195,5,0.0048888651913104614,pre0_mod048_post0,tau_Zero_Flow_Days_sum
1,1250,25,rmse,standard,0.1560487139162836,5,0.006285767408622835,pre0_mod048_post0,tau_Zero_Flow_Days_sum
1,1250,25,rsq,standard,0.14463963889967754,5,0.05518918966261068,pre0_mod048_post0,tau_Zero_Flow_Days_sum
1,1450,3,mae,standard,0.1167515733220391,5,0.0047723166260701545,pre0_mod049_post0,tau_Zero_Flow_Days_sum
1,1450,3,rmse,standard,0.15581187077714648,5,0.0058795611285153435,pre0_mod049_post0,tau_Zero_Flow_Days_sum
1,1450,3,rsq,standard,0.13682970600421496,5,0.048558169807068806,pre0_mod049_post0,tau_Zero_Flow_Days_sum
1,1450,6,mae,standard,0.11729081652920305,5,0.00467495722425717,pre0_mod050_post0,tau_Zero_Flow_Days_sum
1,1450,6,rmse,standard,0.15595796799395986,5,0.005842870575271048,pre0_mod050_post0,tau_Zero_Flow_Days_sum
1,1450,6,rsq,standard,0.13649393571456286,5,0.050339771441970535,pre0_mod050_post0,tau_Zero_Flow_Days_sum
1,1450,9,mae,standard,0.11694490220278042,5,0.004773112298535238,pre0_mod051_post0,tau_Zero_Flow_Days_sum
1,1450,9,rmse,standard,0.15582312178564772,5,0.006104177453510481,pre0_mod051_post0,tau_Zero_Flow_Days_sum
1,1450,9,rsq,standard,0.13897064889740376,5,0.05118320020423765,pre0_mod051_post0,tau_Zero_Flow_Days_sum
1,1450,12,mae,standard,0.11713238308288625,5,0.004648848000847658,pre0_mod052_post0,tau_Zero_Flow_Days_sum
1,1450,12,rmse,standard,0.1556591056513933,5,0.006108046033582589,pre0_mod052_post0,tau_Zero_Flow_Days_sum
1,1450,12,rsq,standard,0.14198428488382686,5,0.05052470906754504,pre0_mod052_post0,tau_Zero_Flow_Days_sum
1,1450,15,mae,standard,0.11714128247238843,5,0.0047975196792316484,pre0_mod053_post0,tau_Zero_Flow_Days_sum
1,1450,15,rmse,standard,0.15537261466648433,5,0.006209760895957802,pre0_mod053_post0,tau_Zero_Flow_Days_sum
1,1450,15,rsq,standard,0.14847520643807297,5,0.05440009478050997,pre0_mod053_post0,tau_Zero_Flow_Days_sum
1,1450,18,mae,standard,0.11749760870016518,5,0.0046312860620713265,pre0_mod054_post0,tau_Zero_Flow_Days_sum
1,1450,18,rmse,standard,0.15579521318256914,5,0.006251389823361956,pre0_mod054_post0,tau_Zero_Flow_Days_sum
1,1450,18,rsq,standard,0.1449085409941502,5,0.05311190050197663,pre0_mod054_post0,tau_Zero_Flow_Days_sum
1,1450,21,mae,standard,0.11778310627370557,5,0.004679860527690041,pre0_mod055_post0,tau_Zero_Flow_Days_sum
1,1450,21,rmse,standard,0.15615567736743938,5,0.006163992610651461,pre0_mod055_post0,tau_Zero_Flow_Days_sum
1,1450,21,rsq,standard,0.14188700787221312,5,0.05267733309936533,pre0_mod055_post0,tau_Zero_Flow_Days_sum
1,1450,25,mae,standard,0.11790289153518088,5,0.004873203895161132,pre0_mod056_post0,tau_Zero_Flow_Days_sum
1,1450,25,rmse,standard,0.15592359224788005,5,0.006541649715720437,pre0_mod056_post0,tau_Zero_Flow_Days_sum
1,1450,25,rsq,standard,0.1466532954099989,5,0.05642746257328455,pre0_mod056_post0,tau_Zero_Flow_Days_sum
1,1650,3,mae,standard,0.11683863685040902,5,0.004596824249183203,pre0_mod057_post0,tau_Zero_Flow_Days_sum
1,1650,3,rmse,standard,0.15546932130674226,5,0.005838117111909676,pre0_mod057_post0,tau_Zero_Flow_Days_sum
1,1650,3,rsq,standard,0.14058785930225348,5,0.047339303646458504,pre0_mod057_post0,tau_Zero_Flow_Days_sum
1,1650,6,mae,standard,0.11709615523261431,5,0.004601668372924264,pre0_mod058_post0,tau_Zero_Flow_Days_sum
1,1650,6,rmse,standard,0.1559082684588845,5,0.005872110459556742,pre0_mod058_post0,tau_Zero_Flow_Days_sum
1,1650,6,rsq,standard,0.13581021900540519,5,0.04879342963086092,pre0_mod058_post0,tau_Zero_Flow_Days_sum
1,1650,9,mae,standard,0.11710013946972715,5,0.0047795549279137485,pre0_mod059_post0,tau_Zero_Flow_Days_sum
1,1650,9,rmse,standard,0.15547494253937702,5,0.005944350282220298,pre0_mod059_post0,tau_Zero_Flow_Days_sum
1,1650,9,rsq,standard,0.14190416224383948,5,0.048818253568167616,pre0_mod059_post0,tau_Zero_Flow_Days_sum
1,1650,12,mae,standard,0.1168799710782053,5,0.0048865343389194625,pre0_mod060_post0,tau_Zero_Flow_Days_sum
1,1650,12,rmse,standard,0.1555096374945478,5,0.006278421438667604,pre0_mod060_post0,tau_Zero_Flow_Days_sum
1,1650,12,rsq,standard,0.14493743789522806,5,0.05387799641067757,pre0_mod060_post0,tau_Zero_Flow_Days_sum
1,1650,15,mae,standard,0.11762512272733244,5,0.004677668775531225,pre0_mod061_post0,tau_Zero_Flow_Days_sum
1,1650,15,rmse,standard,0.15603220060957326,5,0.006028608466064732,pre0_mod061_post0,tau_Zero_Flow_Days_sum
1,1650,15,rsq,standard,0.1384760681600136,5,0.05243544455709066,pre0_mod061_post0,tau_Zero_Flow_Days_sum
1,1650,18,mae,standard,0.11748414032170215,5,0.004612272373574962,pre0_mod062_post0,tau_Zero_Flow_Days_sum
1,1650,18,rmse,standard,0.1558424731985336,5,0.006213009430818399,pre0_mod062_post0,tau_Zero_Flow_Days_sum
1,1650,18,rsq,standard,0.14295044648129207,5,0.05344527255395067,pre0_mod062_post0,tau_Zero_Flow_Days_sum
1,1650,21,mae,standard,0.11786498515747883,5,0.004866003623942381,pre0_mod063_post0,tau_Zero_Flow_Days_sum
1,1650,21,rmse,standard,0.15606866087550542,5,0.00629343064665749,pre0_mod063_post0,tau_Zero_Flow_Days_sum
1,1650,21,rsq,standard,0.14452505601339766,5,0.05558335898039776,pre0_mod063_post0,tau_Zero_Flow_Days_sum
1,1650,25,mae,standard,0.11827082370529379,5,0.004706518984103939,pre0_mod064_post0,tau_Zero_Flow_Days_sum
1,1650,25,rmse,standard,0.15646995768794716,5,0.006224398111579631,pre0_mod064_post0,tau_Zero_Flow_Days_sum
1,1650,25,rsq,standard,0.1415175947836732,5,0.054413173902416886,pre0_mod064_post0,tau_Zero_Flow_Days_sum
2,250,3,mae,standard,0.11780564343200306,5,0.00472122951774669,pre0_mod065_post0,tau_Zero_Flow_Days_sum
2,250,3,rmse,standard,0.15688162294048047,5,0.005665480829450518,pre0_mod065_post0,tau_Zero_Flow_Days_sum
2,250,3,rsq,standard,0.11978852977159704,5,0.04291631282000728,pre0_mod065_post0,tau_Zero_Flow_Days_sum
2,250,6,mae,standard,0.11814410520329255,5,0.005064982735776156,pre0_mod066_post0,tau_Zero_Flow_Days_sum
2,250,6,rmse,standard,0.157212748436788,5,0.005844462853461896,pre0_mod066_post0,tau_Zero_Flow_Days_sum
2,250,6,rsq,standard,0.12378197267709506,5,0.05411184347521514,pre0_mod066_post0,tau_Zero_Flow_Days_sum
2,250,9,mae,standard,0.11558641681185373,5,0.004945576049667044,pre0_mod067_post0,tau_Zero_Flow_Days_sum
2,250,9,rmse,standard,0.15532830504448672,5,0.005994614617900448,pre0_mod067_post0,tau_Zero_Flow_Days_sum
2,250,9,rsq,standard,0.13940472065056148,5,0.04468974315095139,pre0_mod067_post0,tau_Zero_Flow_Days_sum
2,250,12,mae,standard,0.11676465473959596,5,0.004552154724094719,pre0_mod068_post0,tau_Zero_Flow_Days_sum
2,250,12,rmse,standard,0.1561182441590814,5,0.006099841795325111,pre0_mod068_post0,tau_Zero_Flow_Days_sum
2,250,12,rsq,standard,0.12916934232708963,5,0.04440151780820419,pre0_mod068_post0,tau_Zero_Flow_Days_sum
2,250,15,mae,standard,0.11635651379286778,5,0.0051230500224555215,pre0_mod069_post0,tau_Zero_Flow_Days_sum
2,250,15,rmse,standard,0.15549357337487865,5,0.006482250216319876,pre0_mod069_post0,tau_Zero_Flow_Days_sum
2,250,15,rsq,standard,0.13895858318172996,5,0.049674035050355315,pre0_mod069_post0,tau_Zero_Flow_Days_sum
2,250,18,mae,standard,0.11544727488588902,5,0.005123692060639514,pre0_mod070_post0,tau_Zero_Flow_Days_sum
2,250,18,rmse,standard,0.15462328336381204,5,0.006804985919057647,pre0_mod070_post0,tau_Zero_Flow_Days_sum
2,250,18,rsq,standard,0.1510685709382657,5,0.04896989636387294,pre0_mod070_post0,tau_Zero_Flow_Days_sum
2,250,21,mae,standard,0.11659744597494992,5,0.004947913396638465,pre0_mod071_post0,tau_Zero_Flow_Days_sum
2,250,21,rmse,standard,0.15546017148542926,5,0.006342012096403592,pre0_mod071_post0,tau_Zero_Flow_Days_sum
2,250,21,rsq,standard,0.14179032586632953,5,0.05147718460029008,pre0_mod071_post0,tau_Zero_Flow_Days_sum
2,250,25,mae,standard,0.11731313520734436,5,0.004218037837727818,pre0_mod072_post0,tau_Zero_Flow_Days_sum
2,250,25,rmse,standard,0.15592017035690955,5,0.0059140014912715,pre0_mod072_post0,tau_Zero_Flow_Days_sum
2,250,25,rsq,standard,0.13878150009219778,5,0.052374293272928016,pre0_mod072_post0,tau_Zero_Flow_Days_sum
2,450,3,mae,standard,0.1164645110240473,5,0.004599661431839526,pre0_mod073_post0,tau_Zero_Flow_Days_sum
2,450,3,rmse,standard,0.1557442647672897,5,0.00577335361883923,pre0_mod073_post0,tau_Zero_Flow_Days_sum
2,450,3,rsq,standard,0.13711653166616297,5,0.049632535000770535,pre0_mod073_post0,tau_Zero_Flow_Days_sum
2,450,6,mae,standard,0.11582921100281512,5,0.0051813407642979144,pre0_mod074_post0,tau_Zero_Flow_Days_sum
2,450,6,rmse,standard,0.1555947822789027,5,0.00605198240699547,pre0_mod074_post0,tau_Zero_Flow_Days_sum
2,450,6,rsq,standard,0.13679935084758074,5,0.047135396941074,pre0_mod074_post0,tau_Zero_Flow_Days_sum
2,450,9,mae,standard,0.11607397252489131,5,0.0045266468760472136,pre0_mod075_post0,tau_Zero_Flow_Days_sum
2,450,9,rmse,standard,0.15537899405780561,5,0.005757474119326506,pre0_mod075_post0,tau_Zero_Flow_Days_sum
2,450,9,rsq,standard,0.13699696480328205,5,0.046141631917850146,pre0_mod075_post0,tau_Zero_Flow_Days_sum
2,450,12,mae,standard,0.11635214905626601,5,0.0047782892798549055,pre0_mod076_post0,tau_Zero_Flow_Days_sum
2,450,12,rmse,standard,0.15532219811503495,5,0.00593614501354556,pre0_mod076_post0,tau_Zero_Flow_Days_sum
2,450,12,rsq,standard,0.1390750678308247,5,0.04476364268005254,pre0_mod076_post0,tau_Zero_Flow_Days_sum
2,450,15,mae,standard,0.11615396540230655,5,0.004590937337938858,pre0_mod077_post0,tau_Zero_Flow_Days_sum
2,450,15,rmse,standard,0.1546876204217553,5,0.006044003762873547,pre0_mod077_post0,tau_Zero_Flow_Days_sum
2,450,15,rsq,standard,0.14807895651493336,5,0.04971074740515949,pre0_mod077_post0,tau_Zero_Flow_Days_sum
2,450,18,mae,standard,0.11614626960060326,5,0.004605844549743079,pre0_mod078_post0,tau_Zero_Flow_Days_sum
2,450,18,rmse,standard,0.15536475792166993,5,0.006148191420552338,pre0_mod078_post0,tau_Zero_Flow_Days_sum
2,450,18,rsq,standard,0.13903766098080966,5,0.04667988750869703,pre0_mod078_post0,tau_Zero_Flow_Days_sum
2,450,21,mae,standard,0.11702417325625558,5,0.004830164291408116,pre0_mod079_post0,tau_Zero_Flow_Days_sum
2,450,21,rmse,standard,0.15593624353456748,5,0.006462891716678221,pre0_mod079_post0,tau_Zero_Flow_Days_sum
2,450,21,rsq,standard,0.13756926351694687,5,0.04986006442210148,pre0_mod079_post0,tau_Zero_Flow_Days_sum
2,450,25,mae,standard,0.11674016036855779,5,0.004722349014688555,pre0_mod080_post0,tau_Zero_Flow_Days_sum
2,450,25,rmse,standard,0.1556853258282655,5,0.006368516329628077,pre0_mod080_post0,tau_Zero_Flow_Days_sum
2,450,25,rsq,standard,0.14084256013057683,5,0.04985830215057824,pre0_mod080_post0,tau_Zero_Flow_Days_sum
2,650,3,mae,standard,0.11652940486837095,5,0.004712898440721836,pre0_mod081_post0,tau_Zero_Flow_Days_sum
2,650,3,rmse,standard,0.15601542628282886,5,0.005663986708576668,pre0_mod081_post0,tau_Zero_Flow_Days_sum
2,650,3,rsq,standard,0.13135201116001785,5,0.04619534687550477,pre0_mod081_post0,tau_Zero_Flow_Days_sum
2,650,6,mae,standard,0.11639733133321972,5,0.005113242362615032,pre0_mod082_post0,tau_Zero_Flow_Days_sum
2,650,6,rmse,standard,0.15645547082132816,5,0.00619084969430663,pre0_mod082_post0,tau_Zero_Flow_Days_sum
2,650,6,rsq,standard,0.12826178216956655,5,0.045418506033852266,pre0_mod082_post0,tau_Zero_Flow_Days_sum
2,650,9,mae,standard,0.11524615759614383,5,0.004914709140489274,pre0_mod083_post0,tau_Zero_Flow_Days_sum
2,650,9,rmse,standard,0.15461126079249704,5,0.005969076281121755,pre0_mod083_post0,tau_Zero_Flow_Days_sum
2,650,9,rsq,standard,0.14676812170766954,5,0.04754932255563675,pre0_mod083_post0,tau_Zero_Flow_Days_sum
2,650,12,mae,standard,0.11567896591009677,5,0.004617564836821621,pre0_mod084_post0,tau_Zero_Flow_Days_sum
2,650,12,rmse,standard,0.15500886081259296,5,0.0058530094675233795,pre0_mod084_post0,tau_Zero_Flow_Days_sum
2,650,12,rsq,standard,0.14380744492318556,5,0.049014186865088905,pre0_mod084_post0,tau_Zero_Flow_Days_sum
2,650,15,mae,standard,0.11664927104240375,5,0.004910033687420627,pre0_mod085_post0,tau_Zero_Flow_Days_sum
2,650,15,rmse,standard,0.1557243079608699,5,0.006292111577561042,pre0_mod085_post0,tau_Zero_Flow_Days_sum
2,650,15,rsq,standard,0.13884327380484504,5,0.051918247138572834,pre0_mod085_post0,tau_Zero_Flow_Days_sum
2,650,18,mae,standard,0.11642148982593825,5,0.004997598436166802,pre0_mod086_post0,tau_Zero_Flow_Days_sum
2,650,18,rmse,standard,0.15497889742802298,5,0.0063858383371517445,pre0_mod086_post0,tau_Zero_Flow_Days_sum
2,650,18,rsq,standard,0.14609230879612312,5,0.052154967591648727,pre0_mod086_post0,tau_Zero_Flow_Days_sum
2,650,21,mae,standard,0.11646109160162964,5,0.004859929174605957,pre0_mod087_post0,tau_Zero_Flow_Days_sum
2,650,21,rmse,standard,0.1555102518203715,5,0.006255106654337627,pre0_mod087_post0,tau_Zero_Flow_Days_sum
2,650,21,rsq,standard,0.14452134306818748,5,0.05282777497117278,pre0_mod087_post0,tau_Zero_Flow_Days_sum
2,650,25,mae,standard,0.11658042175832233,5,0.004751537469729271,pre0_mod088_post0,tau_Zero_Flow_Days_sum
2,650,25,rmse,standard,0.15532723682383093,5,0.006434387112305439,pre0_mod088_post0,tau_Zero_Flow_Days_sum
2,650,25,rsq,standard,0.14360976289940325,5,0.05164645043020302,pre0_mod088_post0,tau_Zero_Flow_Days_sum
2,850,3,mae,standard,0.11604377224315139,5,0.004710214537227629,pre0_mod089_post0,tau_Zero_Flow_Days_sum
2,850,3,rmse,standard,0.15517393158019754,5,0.006006403324222371,pre0_mod089_post0,tau_Zero_Flow_Days_sum
2,850,3,rsq,standard,0.1403504271313712,5,0.0463609748759852,pre0_mod089_post0,tau_Zero_Flow_Days_sum
2,850,6,mae,standard,0.11626142521182302,5,0.004970105244935703,pre0_mod090_post0,tau_Zero_Flow_Days_sum
2,850,6,rmse,standard,0.1556878107283761,5,0.00608530868515034,pre0_mod090_post0,tau_Zero_Flow_Days_sum
2,850,6,rsq,standard,0.13675643804391865,5,0.04759180137102083,pre0_mod090_post0,tau_Zero_Flow_Days_sum
2,850,9,mae,standard,0.11541940026483999,5,0.005153565401027755,pre0_mod091_post0,tau_Zero_Flow_Days_sum
2,850,9,rmse,standard,0.15520917418669722,5,0.006100744893518872,pre0_mod091_post0,tau_Zero_Flow_Days_sum
2,850,9,rsq,standard,0.1434945881670248,5,0.048380775097726064,pre0_mod091_post0,tau_Zero_Flow_Days_sum
2,850,12,mae,standard,0.1162221878560698,5,0.0047483635170464215,pre0_mod092_post0,tau_Zero_Flow_Days_sum
2,850,12,rmse,standard,0.15541214098152747,5,0.006057000868522003,pre0_mod092_post0,tau_Zero_Flow_Days_sum
2,850,12,rsq,standard,0.13915944786640527,5,0.04943947105558137,pre0_mod092_post0,tau_Zero_Flow_Days_sum
2,850,15,mae,standard,0.11660773094105589,5,0.004572589446830954,pre0_mod093_post0,tau_Zero_Flow_Days_sum
2,850,15,rmse,standard,0.15556334853989287,5,0.006099105481889983,pre0_mod093_post0,tau_Zero_Flow_Days_sum
2,850,15,rsq,standard,0.13892516059631796,5,0.04626795404057423,pre0_mod093_post0,tau_Zero_Flow_Days_sum
2,850,18,mae,standard,0.11623391979646887,5,0.004511807584166153,pre0_mod094_post0,tau_Zero_Flow_Days_sum
2,850,18,rmse,standard,0.15518936584048554,5,0.006223636632950466,pre0_mod094_post0,tau_Zero_Flow_Days_sum
2,850,18,rsq,standard,0.14134886531664248,5,0.04710342145972504,pre0_mod094_post0,tau_Zero_Flow_Days_sum
2,850,21,mae,standard,0.11653712309064586,5,0.0047124448998762435,pre0_mod095_post0,tau_Zero_Flow_Days_sum
2,850,21,rmse,standard,0.15555836605300627,5,0.00628157411383357,pre0_mod095_post0,tau_Zero_Flow_Days_sum
2,850,21,rsq,standard,0.1400346959727109,5,0.047457950235739906,pre0_mod095_post0,tau_Zero_Flow_Days_sum
2,850,25,mae,standard,0.11659717676376641,5,0.004697704522178864,pre0_mod096_post0,tau_Zero_Flow_Days_sum
2,850,25,rmse,standard,0.15560934289104936,5,0.006384824268710967,pre0_mod096_post0,tau_Zero_Flow_Days_sum
2,850,25,rsq,standard,0.1414203284056641,5,0.052826562544315614,pre0_mod096_post0,tau_Zero_Flow_Days_sum
2,1050,3,mae,standard,0.11564226016358638,5,0.004132824622889173,pre0_mod097_post0,tau_Zero_Flow_Days_sum
2,1050,3,rmse,standard,0.15504136060297602,5,0.005406400534014996,pre0_mod097_post0,tau_Zero_Flow_Days_sum
2,1050,3,rsq,standard,0.13839008657637794,5,0.04132424013666885,pre0_mod097_post0,tau_Zero_Flow_Days_sum
2,1050,6,mae,standard,0.11599537021532522,5,0.004612486031323971,pre0_mod098_post0,tau_Zero_Flow_Days_sum
2,1050,6,rmse,standard,0.1555210282460675,5,0.005987068662570466,pre0_mod098_post0,tau_Zero_Flow_Days_sum
2,1050,6,rsq,standard,0.13612446891578817,5,0.04626619281549252,pre0_mod098_post0,tau_Zero_Flow_Days_sum
2,1050,9,mae,standard,0.11538230051937226,5,0.004832880286442932,pre0_mod099_post0,tau_Zero_Flow_Days_sum
2,1050,9,rmse,standard,0.15463802720260314,5,0.00617725907270469,pre0_mod099_post0,tau_Zero_Flow_Days_sum
2,1050,9,rsq,standard,0.1480299729692816,5,0.05066361098044085,pre0_mod099_post0,tau_Zero_Flow_Days_sum
2,1050,12,mae,standard,0.1163697483254057,5,0.0049810733590458,pre0_mod100_post0,tau_Zero_Flow_Days_sum
2,1050,12,rmse,standard,0.15577852083184227,5,0.006125958142323229,pre0_mod100_post0,tau_Zero_Flow_Days_sum
2,1050,12,rsq,standard,0.13600340061703192,5,0.05179831099666136,pre0_mod100_post0,tau_Zero_Flow_Days_sum
2,1050,15,mae,standard,0.1159550196805116,5,0.0046670014524050766,pre0_mod101_post0,tau_Zero_Flow_Days_sum
2,1050,15,rmse,standard,0.15491920291363187,5,0.0061359383547903755,pre0_mod101_post0,tau_Zero_Flow_Days_sum
2,1050,15,rsq,standard,0.14545673845098192,5,0.047613648281265915,pre0_mod101_post0,tau_Zero_Flow_Days_sum
2,1050,18,mae,standard,0.11656244596117013,5,0.0048524788577092364,pre0_mod102_post0,tau_Zero_Flow_Days_sum
2,1050,18,rmse,standard,0.15526270471538947,5,0.006590850164088992,pre0_mod102_post0,tau_Zero_Flow_Days_sum
2,1050,18,rsq,standard,0.14441337577767283,5,0.05021444034620838,pre0_mod102_post0,tau_Zero_Flow_Days_sum
2,1050,21,mae,standard,0.1158892755471409,5,0.004592361827442498,pre0_mod103_post0,tau_Zero_Flow_Days_sum
2,1050,21,rmse,standard,0.15497850824061699,5,0.006187980742599735,pre0_mod103_post0,tau_Zero_Flow_Days_sum
2,1050,21,rsq,standard,0.14574468731604967,5,0.05162681450197256,pre0_mod103_post0,tau_Zero_Flow_Days_sum
2,1050,25,mae,standard,0.11658540455700994,5,0.004688409847256892,pre0_mod104_post0,tau_Zero_Flow_Days_sum
2,1050,25,rmse,standard,0.15526975973855542,5,0.006283988652568609,pre0_mod104_post0,tau_Zero_Flow_Days_sum
2,1050,25,rsq,standard,0.14488634325182387,5,0.053603449778341986,pre0_mod104_post0,tau_Zero_Flow_Days_sum
2,1250,3,mae,standard,0.1160101484715185,5,0.004701351758072558,pre0_mod105_post0,tau_Zero_Flow_Days_sum
2,1250,3,rmse,standard,0.1555104244813461,5,0.0057663749334421486,pre0_mod105_post0,tau_Zero_Flow_Days_sum
2,1250,3,rsq,standard,0.13754632174600698,5,0.047398114827012616,pre0_mod105_post0,tau_Zero_Flow_Days_sum
2,1250,6,mae,standard,0.11622844246753952,5,0.004569624331554775,pre0_mod106_post0,tau_Zero_Flow_Days_sum
2,1250,6,rmse,standard,0.155856761575111,5,0.005633288773350847,pre0_mod106_post0,tau_Zero_Flow_Days_sum
2,1250,6,rsq,standard,0.13269810070636776,5,0.048108972949165524,pre0_mod106_post0,tau_Zero_Flow_Days_sum
2,1250,9,mae,standard,0.11586999653494438,5,0.004706341957661834,pre0_mod107_post0,tau_Zero_Flow_Days_sum
2,1250,9,rmse,standard,0.15494558528334978,5,0.006100445743053982,pre0_mod107_post0,tau_Zero_Flow_Days_sum
2,1250,9,rsq,standard,0.14288244731325417,5,0.04550317506804016,pre0_mod107_post0,tau_Zero_Flow_Days_sum
2,1250,12,mae,standard,0.1159029853830908,5,0.004790286537443393,pre0_mod108_post0,tau_Zero_Flow_Days_sum
2,1250,12,rmse,standard,0.1551715208942551,5,0.006084985981521978,pre0_mod108_post0,tau_Zero_Flow_Days_sum
2,1250,12,rsq,standard,0.14334280885627548,5,0.049136630359850074,pre0_mod108_post0,tau_Zero_Flow_Days_sum
2,1250,15,mae,standard,0.11621320041795451,5,0.004753956341315375,pre0_mod109_post0,tau_Zero_Flow_Days_sum
2,1250,15,rmse,standard,0.15537197855892954,5,0.006157157768670122,pre0_mod109_post0,tau_Zero_Flow_Days_sum
2,1250,15,rsq,standard,0.14030792804594508,5,0.046934181021278526,pre0_mod109_post0,tau_Zero_Flow_Days_sum
2,1250,18,mae,standard,0.11605672238165587,5,0.004851851034753809,pre0_mod110_post0,tau_Zero_Flow_Days_sum
2,1250,18,rmse,standard,0.15506884138383303,5,0.006365940556842676,pre0_mod110_post0,tau_Zero_Flow_Days_sum
2,1250,18,rsq,standard,0.14434817160627036,5,0.04957503342781618,pre0_mod110_post0,tau_Zero_Flow_Days_sum
2,1250,21,mae,standard,0.11595062567268956,5,0.005058453923021284,pre0_mod111_post0,tau_Zero_Flow_Days_sum
2,1250,21,rmse,standard,0.15496115248004114,5,0.006667247561617542,pre0_mod111_post0,tau_Zero_Flow_Days_sum
2,1250,21,rsq,standard,0.14830898378254764,5,0.05162498602946324,pre0_mod111_post0,tau_Zero_Flow_Days_sum
2,1250,25,mae,standard,0.11693114560283856,5,0.005027493165023316,pre0_mod112_post0,tau_Zero_Flow_Days_sum
2,1250,25,rmse,standard,0.15572597506859817,5,0.006679611562557773,pre0_mod112_post0,tau_Zero_Flow_Days_sum
2,1250,25,rsq,standard,0.1420272949823561,5,0.05311514031103263,pre0_mod112_post0,tau_Zero_Flow_Days_sum
2,1450,3,mae,standard,0.11579989462629789,5,0.004764410451510205,pre0_mod113_post0,tau_Zero_Flow_Days_sum
2,1450,3,rmse,standard,0.1552459840757423,5,0.006003022806906487,pre0_mod113_post0,tau_Zero_Flow_Days_sum
2,1450,3,rsq,standard,0.1410321675412616,5,0.04851886723153034,pre0_mod113_post0,tau_Zero_Flow_Days_sum
2,1450,6,mae,standard,0.1166120142946454,5,0.004961470941283801,pre0_mod114_post0,tau_Zero_Flow_Days_sum
2,1450,6,rmse,standard,0.1559860623887927,5,0.006100129201978658,pre0_mod114_post0,tau_Zero_Flow_Days_sum
2,1450,6,rsq,standard,0.13447498062155708,5,0.04997374821170601,pre0_mod114_post0,tau_Zero_Flow_Days_sum
2,1450,9,mae,standard,0.11651564245181727,5,0.004761633910690755,pre0_mod115_post0,tau_Zero_Flow_Days_sum
2,1450,9,rmse,standard,0.15572062162133046,5,0.00605085757603828,pre0_mod115_post0,tau_Zero_Flow_Days_sum
2,1450,9,rsq,standard,0.13476111785519532,5,0.04819392132309583,pre0_mod115_post0,tau_Zero_Flow_Days_sum
2,1450,12,mae,standard,0.11618215693476582,5,0.0047971505787461665,pre0_mod116_post0,tau_Zero_Flow_Days_sum
2,1450,12,rmse,standard,0.1551927782439999,5,0.006131923113326025,pre0_mod116_post0,tau_Zero_Flow_Days_sum
2,1450,12,rsq,standard,0.14080867685339715,5,0.04747319633955208,pre0_mod116_post0,tau_Zero_Flow_Days_sum
2,1450,15,mae,standard,0.11560427282088072,5,0.004962800012321092,pre0_mod117_post0,tau_Zero_Flow_Days_sum
2,1450,15,rmse,standard,0.15507591054982023,5,0.0063992594514961235,pre0_mod117_post0,tau_Zero_Flow_Days_sum
2,1450,15,rsq,standard,0.14566668673829314,5,0.05162880716279032,pre0_mod117_post0,tau_Zero_Flow_Days_sum
2,1450,18,mae,standard,0.11633608301024817,5,0.004776657264381271,pre0_mod118_post0,tau_Zero_Flow_Days_sum
2,1450,18,rmse,standard,0.15524136564484106,5,0.0064298473744851875,pre0_mod118_post0,tau_Zero_Flow_Days_sum
2,1450,18,rsq,standard,0.14358668948361214,5,0.04968818668043287,pre0_mod118_post0,tau_Zero_Flow_Days_sum
2,1450,21,mae,standard,0.11618918767144029,5,0.004789300579731558,pre0_mod119_post0,tau_Zero_Flow_Days_sum
2,1450,21,rmse,standard,0.15514897354577495,5,0.006328386075270551,pre0_mod119_post0,tau_Zero_Flow_Days_sum
2,1450,21,rsq,standard,0.1454080047122373,5,0.050919306478072086,pre0_mod119_post0,tau_Zero_Flow_Days_sum
2,1450,25,mae,standard,0.11688001333355541,5,0.0048230546352338415,pre0_mod120_post0,tau_Zero_Flow_Days_sum
2,1450,25,rmse,standard,0.15542464738779885,5,0.006466884464417484,pre0_mod120_post0,tau_Zero_Flow_Days_sum
2,1450,25,rsq,standard,0.14459349776707967,5,0.0517869544691521,pre0_mod120_post0,tau_Zero_Flow_Days_sum
2,1650,3,mae,standard,0.11519483944640227,5,0.004711715888176046,pre0_mod121_post0,tau_Zero_Flow_Days_sum
2,1650,3,rmse,standard,0.15500678428152415,5,0.005959634259095188,pre0_mod121_post0,tau_Zero_Flow_Days_sum
2,1650,3,rsq,standard,0.14126088772108056,5,0.04640134715382573,pre0_mod121_post0,tau_Zero_Flow_Days_sum
2,1650,6,mae,standard,0.11570563655132873,5,0.00499246599359676,pre0_mod122_post0,tau_Zero_Flow_Days_sum
2,1650,6,rmse,standard,0.15512283855457096,5,0.0061220397454848285,pre0_mod122_post0,tau_Zero_Flow_Days_sum
2,1650,6,rsq,standard,0.14081365882956168,5,0.04808097835761658,pre0_mod122_post0,tau_Zero_Flow_Days_sum
2,1650,9,mae,standard,0.11578859648572236,5,0.004791456141239042,pre0_mod123_post0,tau_Zero_Flow_Days_sum
2,1650,9,rmse,standard,0.15534955209717144,5,0.006099263332792118,pre0_mod123_post0,tau_Zero_Flow_Days_sum
2,1650,9,rsq,standard,0.13789426613497238,5,0.04523488642714994,pre0_mod123_post0,tau_Zero_Flow_Days_sum
2,1650,12,mae,standard,0.11593176252286441,5,0.004900965329058905,pre0_mod124_post0,tau_Zero_Flow_Days_sum
2,1650,12,rmse,standard,0.15509527338715218,5,0.0062337257058613415,pre0_mod124_post0,tau_Zero_Flow_Days_sum
2,1650,12,rsq,standard,0.14209232158061705,5,0.0490591373501895,pre0_mod124_post0,tau_Zero_Flow_Days_sum
2,1650,15,mae,standard,0.11588773351761043,5,0.004964085851964602,pre0_mod125_post0,tau_Zero_Flow_Days_sum
2,1650,15,rmse,standard,0.15499606670580915,5,0.00649615754775128,pre0_mod125_post0,tau_Zero_Flow_Days_sum
2,1650,15,rsq,standard,0.14490724601071298,5,0.05026343435444436,pre0_mod125_post0,tau_Zero_Flow_Days_sum
2,1650,18,mae,standard,0.11641377917643549,5,0.004818391628173374,pre0_mod126_post0,tau_Zero_Flow_Days_sum
2,1650,18,rmse,standard,0.1553165173295114,5,0.006394084788121585,pre0_mod126_post0,tau_Zero_Flow_Days_sum
2,1650,18,rsq,standard,0.14152932197187879,5,0.04932261069934521,pre0_mod126_post0,tau_Zero_Flow_Days_sum
2,1650,21,mae,standard,0.11582610414676582,5,0.0048663916390321825,pre0_mod127_post0,tau_Zero_Flow_Days_sum
2,1650,21,rmse,standard,0.15489417393810243,5,0.006401947614889904,pre0_mod127_post0,tau_Zero_Flow_Days_sum
2,1650,21,rsq,standard,0.1485960992241761,5,0.0521185716064964,pre0_mod127_post0,tau_Zero_Flow_Days_sum
2,1650,25,mae,standard,0.11652424685927693,5,0.004871874427300697,pre0_mod128_post0,tau_Zero_Flow_Days_sum
2,1650,25,rmse,standard,0.15553125183700597,5,0.006621714196812883,pre0_mod128_post0,tau_Zero_Flow_Days_sum
2,1650,25,rsq,standard,0.1409029627943635,5,0.04894923039370365,pre0_mod128_post0,tau_Zero_Flow_Days_sum
3,250,3,mae,standard,0.11787901686647204,5,0.0038969751660983777,pre0_mod129_post0,tau_Zero_Flow_Days_sum
3,250,3,rmse,standard,0.15663271384682942,5,0.005011431507174325,pre0_mod129_post0,tau_Zero_Flow_Days_sum
3,250,3,rsq,standard,0.1230136615590342,5,0.04237670815847482,pre0_mod129_post0,tau_Zero_Flow_Days_sum
3,250,6,mae,standard,0.11617293614555521,5,0.005402030840809518,pre0_mod130_post0,tau_Zero_Flow_Days_sum
3,250,6,rmse,standard,0.15548472002171296,5,0.006473177047265183,pre0_mod130_post0,tau_Zero_Flow_Days_sum
3,250,6,rsq,standard,0.14003674240871627,5,0.04584257153457101,pre0_mod130_post0,tau_Zero_Flow_Days_sum
3,250,9,mae,standard,0.11548114175493623,5,0.005168244585977934,pre0_mod131_post0,tau_Zero_Flow_Days_sum
3,250,9,rmse,standard,0.15551267656334822,5,0.005955381917221524,pre0_mod131_post0,tau_Zero_Flow_Days_sum
3,250,9,rsq,standard,0.13770699704941747,5,0.04701328567756019,pre0_mod131_post0,tau_Zero_Flow_Days_sum
3,250,12,mae,standard,0.11685248139284399,5,0.004730914932662427,pre0_mod132_post0,tau_Zero_Flow_Days_sum
3,250,12,rmse,standard,0.1563512135916498,5,0.005982724483834714,pre0_mod132_post0,tau_Zero_Flow_Days_sum
3,250,12,rsq,standard,0.12962929560736505,5,0.045519189872556216,pre0_mod132_post0,tau_Zero_Flow_Days_sum
3,250,15,mae,standard,0.11578606746636855,5,0.005443798243392924,pre0_mod133_post0,tau_Zero_Flow_Days_sum
3,250,15,rmse,standard,0.15565137099193835,5,0.006954951436329337,pre0_mod133_post0,tau_Zero_Flow_Days_sum
3,250,15,rsq,standard,0.13808760281919674,5,0.04951160477843532,pre0_mod133_post0,tau_Zero_Flow_Days_sum
3,250,18,mae,standard,0.11605476838744826,5,0.004665567744684935,pre0_mod134_post0,tau_Zero_Flow_Days_sum
3,250,18,rmse,standard,0.1543571871730293,5,0.006064160913328229,pre0_mod134_post0,tau_Zero_Flow_Days_sum
3,250,18,rsq,standard,0.14765000840775622,5,0.04128037643367507,pre0_mod134_post0,tau_Zero_Flow_Days_sum
3,250,21,mae,standard,0.11533541099706635,5,0.004964102738592918,pre0_mod135_post0,tau_Zero_Flow_Days_sum
3,250,21,rmse,standard,0.15462743828874004,5,0.006358375034281056,pre0_mod135_post0,tau_Zero_Flow_Days_sum
3,250,21,rsq,standard,0.14776247587975794,5,0.0503061547254209,pre0_mod135_post0,tau_Zero_Flow_Days_sum
3,250,25,mae,standard,0.11650034572516847,5,0.005431444559214713,pre0_mod136_post0,tau_Zero_Flow_Days_sum
3,250,25,rmse,standard,0.15571909175039989,5,0.0068603258845049385,pre0_mod136_post0,tau_Zero_Flow_Days_sum
3,250,25,rsq,standard,0.13657106666955715,5,0.050712306673285946,pre0_mod136_post0,tau_Zero_Flow_Days_sum
3,450,3,mae,standard,0.11623655294886005,5,0.0050335383319842185,pre0_mod137_post0,tau_Zero_Flow_Days_sum
3,450,3,rmse,standard,0.15528714214922906,5,0.00584289263520895,pre0_mod137_post0,tau_Zero_Flow_Days_sum
3,450,3,rsq,standard,0.14064912586867048,5,0.04835019447185344,pre0_mod137_post0,tau_Zero_Flow_Days_sum
3,450,6,mae,standard,0.1165791596769094,5,0.004937538144990819,pre0_mod138_post0,tau_Zero_Flow_Days_sum
3,450,6,rmse,standard,0.1557997199541756,5,0.006181948251369199,pre0_mod138_post0,tau_Zero_Flow_Days_sum
3,450,6,rsq,standard,0.13375792663723468,5,0.04541439540604206,pre0_mod138_post0,tau_Zero_Flow_Days_sum
3,450,9,mae,standard,0.11529341401844567,5,0.005158112883803728,pre0_mod139_post0,tau_Zero_Flow_Days_sum
3,450,9,rmse,standard,0.1553107063145836,5,0.006130472499266755,pre0_mod139_post0,tau_Zero_Flow_Days_sum
3,450,9,rsq,standard,0.14035681263620237,5,0.046452516928316416,pre0_mod139_post0,tau_Zero_Flow_Days_sum
3,450,12,mae,standard,0.11643404736278017,5,0.004969406487002309,pre0_mod140_post0,tau_Zero_Flow_Days_sum
3,450,12,rmse,standard,0.15500385270507303,5,0.006078657896828638,pre0_mod140_post0,tau_Zero_Flow_Days_sum
3,450,12,rsq,standard,0.14322576176637375,5,0.044014312703202156,pre0_mod140_post0,tau_Zero_Flow_Days_sum
3,450,15,mae,standard,0.11530138483250094,5,0.0051795799554823305,pre0_mod141_post0,tau_Zero_Flow_Days_sum
3,450,15,rmse,standard,0.1548018844067235,5,0.006207211347183912,pre0_mod141_post0,tau_Zero_Flow_Days_sum
3,450,15,rsq,standard,0.14527730375945858,5,0.048522009151073575,pre0_mod141_post0,tau_Zero_Flow_Days_sum
3,450,18,mae,standard,0.11527769074338699,5,0.004645760714752428,pre0_mod142_post0,tau_Zero_Flow_Days_sum
3,450,18,rmse,standard,0.1541053326165859,5,0.006308371755033602,pre0_mod142_post0,tau_Zero_Flow_Days_sum
3,450,18,rsq,standard,0.15093615860837734,5,0.04604390257514802,pre0_mod142_post0,tau_Zero_Flow_Days_sum
3,450,21,mae,standard,0.1156292876548814,5,0.004845431830380108,pre0_mod143_post0,tau_Zero_Flow_Days_sum
3,450,21,rmse,standard,0.15474630645400972,5,0.006351556936061022,pre0_mod143_post0,tau_Zero_Flow_Days_sum
3,450,21,rsq,standard,0.148674033306455,5,0.051641359345726355,pre0_mod143_post0,tau_Zero_Flow_Days_sum
3,450,25,mae,standard,0.11591111689176319,5,0.005089762373222073,pre0_mod144_post0,tau_Zero_Flow_Days_sum
3,450,25,rmse,standard,0.15515487729919503,5,0.006574418005269129,pre0_mod144_post0,tau_Zero_Flow_Days_sum
3,450,25,rsq,standard,0.14422144013034968,5,0.04887126404858269,pre0_mod144_post0,tau_Zero_Flow_Days_sum
3,650,3,mae,standard,0.11561538375989983,5,0.004790780325956589,pre0_mod145_post0,tau_Zero_Flow_Days_sum
3,650,3,rmse,standard,0.1548007005770082,5,0.005921138369252891,pre0_mod145_post0,tau_Zero_Flow_Days_sum
3,650,3,rsq,standard,0.14327333954266241,5,0.04487090819872581,pre0_mod145_post0,tau_Zero_Flow_Days_sum
3,650,6,mae,standard,0.11614601372674875,5,0.005271238586057049,pre0_mod146_post0,tau_Zero_Flow_Days_sum
3,650,6,rmse,standard,0.15583297004389057,5,0.006412959905459117,pre0_mod146_post0,tau_Zero_Flow_Days_sum
3,650,6,rsq,standard,0.13894726068899468,5,0.05098764795132057,pre0_mod146_post0,tau_Zero_Flow_Days_sum
3,650,9,mae,standard,0.11628525015759439,5,0.0047437503499847085,pre0_mod147_post0,tau_Zero_Flow_Days_sum
3,650,9,rmse,standard,0.15572743199410705,5,0.0060100325778288406,pre0_mod147_post0,tau_Zero_Flow_Days_sum
3,650,9,rsq,standard,0.1343191842658372,5,0.04514142237655521,pre0_mod147_post0,tau_Zero_Flow_Days_sum
3,650,12,mae,standard,0.11540705993227442,5,0.004897673620540527,pre0_mod148_post0,tau_Zero_Flow_Days_sum
3,650,12,rmse,standard,0.15481699317032463,5,0.005992281770748649,pre0_mod148_post0,tau_Zero_Flow_Days_sum
3,650,12,rsq,standard,0.14361703053386324,5,0.044243634514214474,pre0_mod148_post0,tau_Zero_Flow_Days_sum
3,650,15,mae,standard,0.11576354144573445,5,0.004910562886497022,pre0_mod149_post0,tau_Zero_Flow_Days_sum
3,650,15,rmse,standard,0.15551726119095097,5,0.006173121914647562,pre0_mod149_post0,tau_Zero_Flow_Days_sum
3,650,15,rsq,standard,0.1362963294755835,5,0.04632496109074318,pre0_mod149_post0,tau_Zero_Flow_Days_sum
3,650,18,mae,standard,0.11554321139129381,5,0.004977704690028977,pre0_mod150_post0,tau_Zero_Flow_Days_sum
3,650,18,rmse,standard,0.15516898284303876,5,0.0065461141228755175,pre0_mod150_post0,tau_Zero_Flow_Days_sum
3,650,18,rsq,standard,0.1454655659069757,5,0.0499677196719576,pre0_mod150_post0,tau_Zero_Flow_Days_sum
3,650,21,mae,standard,0.11559250862513566,5,0.004985890423521747,pre0_mod151_post0,tau_Zero_Flow_Days_sum
3,650,21,rmse,standard,0.15431457496429465,5,0.006406853037026209,pre0_mod151_post0,tau_Zero_Flow_Days_sum
3,650,21,rsq,standard,0.15266178684228696,5,0.047731499877789366,pre0_mod151_post0,tau_Zero_Flow_Days_sum
3,650,25,mae,standard,0.11609818747873711,5,0.004981594468987039,pre0_mod152_post0,tau_Zero_Flow_Days_sum
3,650,25,rmse,standard,0.1548888511948775,5,0.006521303068005331,pre0_mod152_post0,tau_Zero_Flow_Days_sum
3,650,25,rsq,standard,0.14759434250221373,5,0.04940266135105092,pre0_mod152_post0,tau_Zero_Flow_Days_sum
3,850,3,mae,standard,0.11613032940326538,5,0.005195531290324513,pre0_mod153_post0,tau_Zero_Flow_Days_sum
3,850,3,rmse,standard,0.1560619021325685,5,0.006144428129020125,pre0_mod153_post0,tau_Zero_Flow_Days_sum
3,850,3,rsq,standard,0.1312818845272086,5,0.043594775311496393,pre0_mod153_post0,tau_Zero_Flow_Days_sum
3,850,6,mae,standard,0.11659112321413702,5,0.005007319515284154,pre0_mod154_post0,tau_Zero_Flow_Days_sum
3,850,6,rmse,standard,0.1563162108979178,5,0.006183649984598912,pre0_mod154_post0,tau_Zero_Flow_Days_sum
3,850,6,rsq,standard,0.1280657081018537,5,0.045091512333183315,pre0_mod154_post0,tau_Zero_Flow_Days_sum
3,850,9,mae,standard,0.11643106254744535,5,0.00509406301994995,pre0_mod155_post0,tau_Zero_Flow_Days_sum
3,850,9,rmse,standard,0.15571048251858194,5,0.00649535195793549,pre0_mod155_post0,tau_Zero_Flow_Days_sum
3,850,9,rsq,standard,0.1343373883395976,5,0.044650779239927926,pre0_mod155_post0,tau_Zero_Flow_Days_sum
3,850,12,mae,standard,0.11552382869339958,5,0.004851855699327006,pre0_mod156_post0,tau_Zero_Flow_Days_sum
3,850,12,rmse,standard,0.1552867798798039,5,0.006125924916662677,pre0_mod156_post0,tau_Zero_Flow_Days_sum
3,850,12,rsq,standard,0.14003682487524904,5,0.04607602668358307,pre0_mod156_post0,tau_Zero_Flow_Days_sum
3,850,15,mae,standard,0.11503643037759143,5,0.0049017766095429734,pre0_mod157_post0,tau_Zero_Flow_Days_sum
3,850,15,rmse,standard,0.15442225869415618,5,0.006149153459536512,pre0_mod157_post0,tau_Zero_Flow_Days_sum
3,850,15,rsq,standard,0.14907828632516543,5,0.049193022083589014,pre0_mod157_post0,tau_Zero_Flow_Days_sum
3,850,18,mae,standard,0.11561815392877614,5,0.0050340089677518764,pre0_mod158_post0,tau_Zero_Flow_Days_sum
3,850,18,rmse,standard,0.1551096213556481,5,0.006500132548954153,pre0_mod158_post0,tau_Zero_Flow_Days_sum
3,850,18,rsq,standard,0.14257913810797507,5,0.04730986564186212,pre0_mod158_post0,tau_Zero_Flow_Days_sum
3,850,21,mae,standard,0.1162275284306091,5,0.005106638519708386,pre0_mod159_post0,tau_Zero_Flow_Days_sum
3,850,21,rmse,standard,0.15550835239967195,5,0.006572990888126461,pre0_mod159_post0,tau_Zero_Flow_Days_sum
3,850,21,rsq,standard,0.13920100392103557,5,0.04781991735748227,pre0_mod159_post0,tau_Zero_Flow_Days_sum
3,850,25,mae,standard,0.11611308374281702,5,0.004989205989457972,pre0_mod160_post0,tau_Zero_Flow_Days_sum
3,850,25,rmse,standard,0.15514378310401986,5,0.00637753109269898,pre0_mod160_post0,tau_Zero_Flow_Days_sum
3,850,25,rsq,standard,0.14558757439172118,5,0.0516786880687596,pre0_mod160_post0,tau_Zero_Flow_Days_sum
3,1050,3,mae,standard,0.11627343893589782,5,0.004996364090053342,pre0_mod161_post0,tau_Zero_Flow_Days_sum
3,1050,3,rmse,standard,0.15595433209681558,5,0.005786286321082055,pre0_mod161_post0,tau_Zero_Flow_Days_sum
3,1050,3,rsq,standard,0.1333186908205485,5,0.0497673931737543,pre0_mod161_post0,tau_Zero_Flow_Days_sum
3,1050,6,mae,standard,0.11626991483968652,5,0.004928470236987889,pre0_mod162_post0,tau_Zero_Flow_Days_sum
3,1050,6,rmse,standard,0.155648060023662,5,0.006036439609033663,pre0_mod162_post0,tau_Zero_Flow_Days_sum
3,1050,6,rsq,standard,0.13510676916080294,5,0.0441985067536686,pre0_mod162_post0,tau_Zero_Flow_Days_sum
3,1050,9,mae,standard,0.11562888501427218,5,0.005007277272432744,pre0_mod163_post0,tau_Zero_Flow_Days_sum
3,1050,9,rmse,standard,0.1552644734757752,5,0.006162265883018855,pre0_mod163_post0,tau_Zero_Flow_Days_sum
3,1050,9,rsq,standard,0.1414604227545336,5,0.05151178131487871,pre0_mod163_post0,tau_Zero_Flow_Days_sum
3,1050,12,mae,standard,0.11569290506609757,5,0.004822167714995868,pre0_mod164_post0,tau_Zero_Flow_Days_sum
3,1050,12,rmse,standard,0.15523517222255673,5,0.006208350357990274,pre0_mod164_post0,tau_Zero_Flow_Days_sum
3,1050,12,rsq,standard,0.14160724394558197,5,0.04778725702005902,pre0_mod164_post0,tau_Zero_Flow_Days_sum
3,1050,15,mae,standard,0.11659047359374847,5,0.005046710915746522,pre0_mod165_post0,tau_Zero_Flow_Days_sum
3,1050,15,rmse,standard,0.15579388891209187,5,0.006466581973877251,pre0_mod165_post0,tau_Zero_Flow_Days_sum
3,1050,15,rsq,standard,0.13440605691483645,5,0.045955821884584754,pre0_mod165_post0,tau_Zero_Flow_Days_sum
3,1050,18,mae,standard,0.11573652766022365,5,0.004959584898751022,pre0_mod166_post0,tau_Zero_Flow_Days_sum
3,1050,18,rmse,standard,0.15518147543753688,5,0.0065102406180919895,pre0_mod166_post0,tau_Zero_Flow_Days_sum
3,1050,18,rsq,standard,0.14087898979751287,5,0.046618299034719826,pre0_mod166_post0,tau_Zero_Flow_Days_sum
3,1050,21,mae,standard,0.11589378595956537,5,0.004796311124464786,pre0_mod167_post0,tau_Zero_Flow_Days_sum
3,1050,21,rmse,standard,0.1548384739784192,5,0.006295431797977938,pre0_mod167_post0,tau_Zero_Flow_Days_sum
3,1050,21,rsq,standard,0.14615861864575233,5,0.04751513723307459,pre0_mod167_post0,tau_Zero_Flow_Days_sum
3,1050,25,mae,standard,0.1162796970564376,5,0.004950464359714307,pre0_mod168_post0,tau_Zero_Flow_Days_sum
3,1050,25,rmse,standard,0.1552103419637148,5,0.006545423201196714,pre0_mod168_post0,tau_Zero_Flow_Days_sum
3,1050,25,rsq,standard,0.14340436962033626,5,0.050722747963020155,pre0_mod168_post0,tau_Zero_Flow_Days_sum
3,1250,3,mae,standard,0.11629517368869796,5,0.004599239297812269,pre0_mod169_post0,tau_Zero_Flow_Days_sum
3,1250,3,rmse,standard,0.1554731405638562,5,0.005944493151747366,pre0_mod169_post0,tau_Zero_Flow_Days_sum
3,1250,3,rsq,standard,0.13763156040723537,5,0.04558679969297936,pre0_mod169_post0,tau_Zero_Flow_Days_sum
3,1250,6,mae,standard,0.11601644824247241,5,0.005002282900000846,pre0_mod170_post0,tau_Zero_Flow_Days_sum
3,1250,6,rmse,standard,0.15550538337196465,5,0.005968985460596527,pre0_mod170_post0,tau_Zero_Flow_Days_sum
3,1250,6,rsq,standard,0.1372778906260446,5,0.04558002732643624,pre0_mod170_post0,tau_Zero_Flow_Days_sum
3,1250,9,mae,standard,0.11578223887061141,5,0.004916151437551278,pre0_mod171_post0,tau_Zero_Flow_Days_sum
3,1250,9,rmse,standard,0.15530759114500675,5,0.006042519234251433,pre0_mod171_post0,tau_Zero_Flow_Days_sum
3,1250,9,rsq,standard,0.1395589818676246,5,0.047052621163187425,pre0_mod171_post0,tau_Zero_Flow_Days_sum
3,1250,12,mae,standard,0.11568328053536743,5,0.0050245977259307795,pre0_mod172_post0,tau_Zero_Flow_Days_sum
3,1250,12,rmse,standard,0.15505503271060153,5,0.006543044354414025,pre0_mod172_post0,tau_Zero_Flow_Days_sum
3,1250,12,rsq,standard,0.14067374931613325,5,0.04474204735005991,pre0_mod172_post0,tau_Zero_Flow_Days_sum
3,1250,15,mae,standard,0.11574406374527102,5,0.005054236143903173,pre0_mod173_post0,tau_Zero_Flow_Days_sum
3,1250,15,rmse,standard,0.15532685027943152,5,0.006360815828987303,pre0_mod173_post0,tau_Zero_Flow_Days_sum
3,1250,15,rsq,standard,0.14061336394751395,5,0.04830667413980489,pre0_mod173_post0,tau_Zero_Flow_Days_sum
3,1250,18,mae,standard,0.11578250959874703,5,0.004990521614644921,pre0_mod174_post0,tau_Zero_Flow_Days_sum
3,1250,18,rmse,standard,0.15520703622494508,5,0.006519535965655411,pre0_mod174_post0,tau_Zero_Flow_Days_sum
3,1250,18,rsq,standard,0.14028616955962958,5,0.04656090341558582,pre0_mod174_post0,tau_Zero_Flow_Days_sum
3,1250,21,mae,standard,0.11579380386341731,5,0.005065464896220415,pre0_mod175_post0,tau_Zero_Flow_Days_sum
3,1250,21,rmse,standard,0.15484063463190198,5,0.006483309591134061,pre0_mod175_post0,tau_Zero_Flow_Days_sum
3,1250,21,rsq,standard,0.14795501888947768,5,0.04992589119206665,pre0_mod175_post0,tau_Zero_Flow_Days_sum
3,1250,25,mae,standard,0.1163216491812201,5,0.004907675335967329,pre0_mod176_post0,tau_Zero_Flow_Days_sum
3,1250,25,rmse,standard,0.1554684277259978,5,0.006238894902128592,pre0_mod176_post0,tau_Zero_Flow_Days_sum
3,1250,25,rsq,standard,0.1414234991122932,5,0.05062234316655267,pre0_mod176_post0,tau_Zero_Flow_Days_sum
3,1450,3,mae,standard,0.1158619179083737,5,0.004555557492040959,pre0_mod177_post0,tau_Zero_Flow_Days_sum
3,1450,3,rmse,standard,0.15529400344091376,5,0.005557279662348336,pre0_mod177_post0,tau_Zero_Flow_Days_sum
3,1450,3,rsq,standard,0.1371099732057687,5,0.041126063575013215,pre0_mod177_post0,tau_Zero_Flow_Days_sum
3,1450,6,mae,standard,0.11564233749545332,5,0.004785107464243829,pre0_mod178_post0,tau_Zero_Flow_Days_sum
3,1450,6,rmse,standard,0.1550688091501017,5,0.00601445887362593,pre0_mod178_post0,tau_Zero_Flow_Days_sum
3,1450,6,rsq,standard,0.1412081186636522,5,0.04510938323378795,pre0_mod178_post0,tau_Zero_Flow_Days_sum
3,1450,9,mae,standard,0.11579996220368963,5,0.005026454381995861,pre0_mod179_post0,tau_Zero_Flow_Days_sum
3,1450,9,rmse,standard,0.15544061212555954,5,0.006244006955069953,pre0_mod179_post0,tau_Zero_Flow_Days_sum
3,1450,9,rsq,standard,0.13731786374752306,5,0.04559223542452932,pre0_mod179_post0,tau_Zero_Flow_Days_sum
3,1450,12,mae,standard,0.11562231843684796,5,0.005113776746357223,pre0_mod180_post0,tau_Zero_Flow_Days_sum
3,1450,12,rmse,standard,0.15502483757795146,5,0.006404013043481371,pre0_mod180_post0,tau_Zero_Flow_Days_sum
3,1450,12,rsq,standard,0.1426465149240741,5,0.04601110806091067,pre0_mod180_post0,tau_Zero_Flow_Days_sum
3,1450,15,mae,standard,0.11571255568686098,5,0.0050486396013227856,pre0_mod181_post0,tau_Zero_Flow_Days_sum
3,1450,15,rmse,standard,0.15533154785408584,5,0.006248404545516146,pre0_mod181_post0,tau_Zero_Flow_Days_sum
3,1450,15,rsq,standard,0.1392965474720944,5,0.04850968804801836,pre0_mod181_post0,tau_Zero_Flow_Days_sum
3,1450,18,mae,standard,0.11551920472977388,5,0.00513656716692392,pre0_mod182_post0,tau_Zero_Flow_Days_sum
3,1450,18,rmse,standard,0.15508143137690958,5,0.006442296417067552,pre0_mod182_post0,tau_Zero_Flow_Days_sum
3,1450,18,rsq,standard,0.14196718456776292,5,0.04705102735441427,pre0_mod182_post0,tau_Zero_Flow_Days_sum
3,1450,21,mae,standard,0.11598259058462525,5,0.004923906881578578,pre0_mod183_post0,tau_Zero_Flow_Days_sum
3,1450,21,rmse,standard,0.15510471090426833,5,0.006428691967187508,pre0_mod183_post0,tau_Zero_Flow_Days_sum
3,1450,21,rsq,standard,0.14397426848009515,5,0.04833016180592141,pre0_mod183_post0,tau_Zero_Flow_Days_sum
3,1450,25,mae,standard,0.11638089560896274,5,0.005146707103277542,pre0_mod184_post0,tau_Zero_Flow_Days_sum
3,1450,25,rmse,standard,0.15548337865051706,5,0.006578261532307137,pre0_mod184_post0,tau_Zero_Flow_Days_sum
3,1450,25,rsq,standard,0.14121780491802355,5,0.05197705939998108,pre0_mod184_post0,tau_Zero_Flow_Days_sum
3,1650,3,mae,standard,0.11545221380257045,5,0.004893257866487392,pre0_mod185_post0,tau_Zero_Flow_Days_sum
3,1650,3,rmse,standard,0.1551234416376,5,0.006052421134956128,pre0_mod185_post0,tau_Zero_Flow_Days_sum
3,1650,3,rsq,standard,0.14040079127110477,5,0.04313357583964864,pre0_mod185_post0,tau_Zero_Flow_Days_sum
3,1650,6,mae,standard,0.11585863683293453,5,0.004969512307354932,pre0_mod186_post0,tau_Zero_Flow_Days_sum
3,1650,6,rmse,standard,0.1555176279192044,5,0.006141129359207996,pre0_mod186_post0,tau_Zero_Flow_Days_sum
3,1650,6,rsq,standard,0.13662834143122873,5,0.046103483767566726,pre0_mod186_post0,tau_Zero_Flow_Days_sum
3,1650,9,mae,standard,0.115791889510924,5,0.004881466146334917,pre0_mod187_post0,tau_Zero_Flow_Days_sum
3,1650,9,rmse,standard,0.15520491512635373,5,0.006185224322843536,pre0_mod187_post0,tau_Zero_Flow_Days_sum
3,1650,9,rsq,standard,0.13932610313607122,5,0.04515807230833042,pre0_mod187_post0,tau_Zero_Flow_Days_sum
3,1650,12,mae,standard,0.11546286214264505,5,0.0048611184117839275,pre0_mod188_post0,tau_Zero_Flow_Days_sum
3,1650,12,rmse,standard,0.1551008667150653,5,0.006105925059195468,pre0_mod188_post0,tau_Zero_Flow_Days_sum
3,1650,12,rsq,standard,0.14065247920440307,5,0.04718913212128847,pre0_mod188_post0,tau_Zero_Flow_Days_sum
3,1650,15,mae,standard,0.11596664742779299,5,0.004926667482727383,pre0_mod189_post0,tau_Zero_Flow_Days_sum
3,1650,15,rmse,standard,0.15548048132666234,5,0.006383838401493046,pre0_mod189_post0,tau_Zero_Flow_Days_sum
3,1650,15,rsq,standard,0.1394732760070212,5,0.04835398080817606,pre0_mod189_post0,tau_Zero_Flow_Days_sum
3,1650,18,mae,standard,0.11574139208138737,5,0.004983674072145833,pre0_mod190_post0,tau_Zero_Flow_Days_sum
3,1650,18,rmse,standard,0.15469498038676807,5,0.006413606409645309,pre0_mod190_post0,tau_Zero_Flow_Days_sum
3,1650,18,rsq,standard,0.1482473792515194,5,0.04941596438369965,pre0_mod190_post0,tau_Zero_Flow_Days_sum
3,1650,21,mae,standard,0.11557626501636677,5,0.005179261392146545,pre0_mod191_post0,tau_Zero_Flow_Days_sum
3,1650,21,rmse,standard,0.15493151182105308,5,0.006780246465373999,pre0_mod191_post0,tau_Zero_Flow_Days_sum
3,1650,21,rsq,standard,0.14643306073762397,5,0.05108544969022517,pre0_mod191_post0,tau_Zero_Flow_Days_sum
3,1650,25,mae,standard,0.11660776596487735,5,0.005009976910180774,pre0_mod192_post0,tau_Zero_Flow_Days_sum
3,1650,25,rmse,standard,0.15527907064401858,5,0.0064982664892399705,pre0_mod192_post0,tau_Zero_Flow_Days_sum
3,1650,25,rsq,standard,0.1448807843189129,5,0.052406329509224976,pre0_mod192_post0,tau_Zero_Flow_Days_sum
4,250,3,mae,standard,0.11752073787340057,5,0.005369346057093613,pre0_mod193_post0,tau_Zero_Flow_Days_sum
4,250,3,rmse,standard,0.15602757379872906,5,0.006250054328511825,pre0_mod193_post0,tau_Zero_Flow_Days_sum
4,250,3,rsq,standard,0.13125027939784362,5,0.04468162588970994,pre0_mod193_post0,tau_Zero_Flow_Days_sum
4,250,6,mae,standard,0.11583676547468148,5,0.005516470734055585,pre0_mod194_post0,tau_Zero_Flow_Days_sum
4,250,6,rmse,standard,0.15616301538615487,5,0.006759650682828566,pre0_mod194_post0,tau_Zero_Flow_Days_sum
4,250,6,rsq,standard,0.1361046251883739,5,0.052208006425844215,pre0_mod194_post0,tau_Zero_Flow_Days_sum
4,250,9,mae,standard,0.11690211383446694,5,0.0053756007163325405,pre0_mod195_post0,tau_Zero_Flow_Days_sum
4,250,9,rmse,standard,0.1564901662130731,5,0.0065152812851453695,pre0_mod195_post0,tau_Zero_Flow_Days_sum
4,250,9,rsq,standard,0.13166563742011783,5,0.046416992827786475,pre0_mod195_post0,tau_Zero_Flow_Days_sum
4,250,12,mae,standard,0.1154786466010617,5,0.005103256868533599,pre0_mod196_post0,tau_Zero_Flow_Days_sum
4,250,12,rmse,standard,0.15456498989808598,5,0.00643421836562336,pre0_mod196_post0,tau_Zero_Flow_Days_sum
4,250,12,rsq,standard,0.14938083347997716,5,0.04626788674911249,pre0_mod196_post0,tau_Zero_Flow_Days_sum
4,250,15,mae,standard,0.1162824293983845,5,0.0049315093842265435,pre0_mod197_post0,tau_Zero_Flow_Days_sum
4,250,15,rmse,standard,0.15564216987590312,5,0.0064263166601218995,pre0_mod197_post0,tau_Zero_Flow_Days_sum
4,250,15,rsq,standard,0.1358766837564872,5,0.04738857230937841,pre0_mod197_post0,tau_Zero_Flow_Days_sum
4,250,18,mae,standard,0.11601885509530406,5,0.00462227597403939,pre0_mod198_post0,tau_Zero_Flow_Days_sum
4,250,18,rmse,standard,0.1556549707792636,5,0.00617195265584595,pre0_mod198_post0,tau_Zero_Flow_Days_sum
4,250,18,rsq,standard,0.13600888944792466,5,0.043378202867731946,pre0_mod198_post0,tau_Zero_Flow_Days_sum
4,250,21,mae,standard,0.11534496889203787,5,0.005362609993833111,pre0_mod199_post0,tau_Zero_Flow_Days_sum
4,250,21,rmse,standard,0.15440527162844134,5,0.00667369138798923,pre0_mod199_post0,tau_Zero_Flow_Days_sum
4,250,21,rsq,standard,0.1530908436763402,5,0.05699231734164004,pre0_mod199_post0,tau_Zero_Flow_Days_sum
4,250,25,mae,standard,0.11731126179041942,5,0.005570049728728357,pre0_mod200_post0,tau_Zero_Flow_Days_sum
4,250,25,rmse,standard,0.15639741495081236,5,0.00675990599756271,pre0_mod200_post0,tau_Zero_Flow_Days_sum
4,250,25,rsq,standard,0.1344311059080025,5,0.051492150223954314,pre0_mod200_post0,tau_Zero_Flow_Days_sum
4,450,3,mae,standard,0.11692935522513734,5,0.005141817437722062,pre0_mod201_post0,tau_Zero_Flow_Days_sum
4,450,3,rmse,standard,0.15559692616302423,5,0.00583477816485161,pre0_mod201_post0,tau_Zero_Flow_Days_sum
4,450,3,rsq,standard,0.1358736437471108,5,0.04469071290860356,pre0_mod201_post0,tau_Zero_Flow_Days_sum
4,450,6,mae,standard,0.11625777147385566,5,0.004568138546498226,pre0_mod202_post0,tau_Zero_Flow_Days_sum
4,450,6,rmse,standard,0.1563715952567932,5,0.005727040433216676,pre0_mod202_post0,tau_Zero_Flow_Days_sum
4,450,6,rsq,standard,0.1301064047498118,5,0.04262809325045059,pre0_mod202_post0,tau_Zero_Flow_Days_sum
4,450,9,mae,standard,0.11618640531434393,5,0.005176106453745799,pre0_mod203_post0,tau_Zero_Flow_Days_sum
4,450,9,rmse,standard,0.15595028780445308,5,0.006334294066494563,pre0_mod203_post0,tau_Zero_Flow_Days_sum
4,450,9,rsq,standard,0.13274304584751617,5,0.044157150465572774,pre0_mod203_post0,tau_Zero_Flow_Days_sum
4,450,12,mae,standard,0.11566758468912576,5,0.005120304920188614,pre0_mod204_post0,tau_Zero_Flow_Days_sum
4,450,12,rmse,standard,0.15551785458436654,5,0.006358122298136632,pre0_mod204_post0,tau_Zero_Flow_Days_sum
4,450,12,rsq,standard,0.13492301995727451,5,0.04229346241452599,pre0_mod204_post0,tau_Zero_Flow_Days_sum
4,450,15,mae,standard,0.11594055530125086,5,0.004723133978348324,pre0_mod205_post0,tau_Zero_Flow_Days_sum
4,450,15,rmse,standard,0.15501798778959097,5,0.0060745577836503134,pre0_mod205_post0,tau_Zero_Flow_Days_sum
4,450,15,rsq,standard,0.1417597998119327,5,0.04509337854079954,pre0_mod205_post0,tau_Zero_Flow_Days_sum
4,450,18,mae,standard,0.11595873052492416,5,0.005030073000676622,pre0_mod206_post0,tau_Zero_Flow_Days_sum
4,450,18,rmse,standard,0.1549139140634023,5,0.006599868207122067,pre0_mod206_post0,tau_Zero_Flow_Days_sum
4,450,18,rsq,standard,0.14475197277294397,5,0.04910284108318248,pre0_mod206_post0,tau_Zero_Flow_Days_sum
4,450,21,mae,standard,0.11564442178907904,5,0.005084795295164886,pre0_mod207_post0,tau_Zero_Flow_Days_sum
4,450,21,rmse,standard,0.15490883458669036,5,0.0064166393208778824,pre0_mod207_post0,tau_Zero_Flow_Days_sum
4,450,21,rsq,standard,0.14277847347481304,5,0.045647397938989566,pre0_mod207_post0,tau_Zero_Flow_Days_sum
4,450,25,mae,standard,0.11653878756742538,5,0.005098454467819284,pre0_mod208_post0,tau_Zero_Flow_Days_sum
4,450,25,rmse,standard,0.15541866538729845,5,0.00628467064890135,pre0_mod208_post0,tau_Zero_Flow_Days_sum
4,450,25,rsq,standard,0.14101771665977955,5,0.049792367398539414,pre0_mod208_post0,tau_Zero_Flow_Days_sum
4,650,3,mae,standard,0.11562922795067661,5,0.004898968570432163,pre0_mod209_post0,tau_Zero_Flow_Days_sum
4,650,3,rmse,standard,0.15542780656770916,5,0.0060264378418400525,pre0_mod209_post0,tau_Zero_Flow_Days_sum
4,650,3,rsq,standard,0.13307661118688768,5,0.034996703034521875,pre0_mod209_post0,tau_Zero_Flow_Days_sum
4,650,6,mae,standard,0.11709759728462904,5,0.005294143387722962,pre0_mod210_post0,tau_Zero_Flow_Days_sum
4,650,6,rmse,standard,0.1565090904499794,5,0.0059758884579762875,pre0_mod210_post0,tau_Zero_Flow_Days_sum
4,650,6,rsq,standard,0.12700420089204695,5,0.04193083276616859,pre0_mod210_post0,tau_Zero_Flow_Days_sum
4,650,9,mae,standard,0.11571964582309048,5,0.0051989167265926355,pre0_mod211_post0,tau_Zero_Flow_Days_sum
4,650,9,rmse,standard,0.1547356772600485,5,0.006307345797434435,pre0_mod211_post0,tau_Zero_Flow_Days_sum
4,650,9,rsq,standard,0.14552807114620078,5,0.045359860192482664,pre0_mod211_post0,tau_Zero_Flow_Days_sum
4,650,12,mae,standard,0.11580568653123313,5,0.005097562850450368,pre0_mod212_post0,tau_Zero_Flow_Days_sum
4,650,12,rmse,standard,0.15551695255475148,5,0.006078731481041996,pre0_mod212_post0,tau_Zero_Flow_Days_sum
4,650,12,rsq,standard,0.13609601143139263,5,0.04475860665887607,pre0_mod212_post0,tau_Zero_Flow_Days_sum
4,650,15,mae,standard,0.11514913578839403,5,0.004946723375222368,pre0_mod213_post0,tau_Zero_Flow_Days_sum
4,650,15,rmse,standard,0.1548358019817278,5,0.006401041955232803,pre0_mod213_post0,tau_Zero_Flow_Days_sum
4,650,15,rsq,standard,0.14453511799744423,5,0.04882394637343398,pre0_mod213_post0,tau_Zero_Flow_Days_sum
4,650,18,mae,standard,0.11511605565199208,5,0.005007435652533716,pre0_mod214_post0,tau_Zero_Flow_Days_sum
4,650,18,rmse,standard,0.1548006518284799,5,0.006346621807201666,pre0_mod214_post0,tau_Zero_Flow_Days_sum
4,650,18,rsq,standard,0.1444037852114066,5,0.04287836621473006,pre0_mod214_post0,tau_Zero_Flow_Days_sum
4,650,21,mae,standard,0.11608179131653901,5,0.0053771297263581425,pre0_mod215_post0,tau_Zero_Flow_Days_sum
4,650,21,rmse,standard,0.15567422195859346,5,0.00680996045852177,pre0_mod215_post0,tau_Zero_Flow_Days_sum
4,650,21,rsq,standard,0.1380819953794889,5,0.04975060981252625,pre0_mod215_post0,tau_Zero_Flow_Days_sum
4,650,25,mae,standard,0.11580451045606657,5,0.00504666145689166,pre0_mod216_post0,tau_Zero_Flow_Days_sum
4,650,25,rmse,standard,0.15492492837175176,5,0.006731333881887506,pre0_mod216_post0,tau_Zero_Flow_Days_sum
4,650,25,rsq,standard,0.14575271651005092,5,0.04943239973495277,pre0_mod216_post0,tau_Zero_Flow_Days_sum
4,850,3,mae,standard,0.11621479822822554,5,0.004910439032998228,pre0_mod217_post0,tau_Zero_Flow_Days_sum
4,850,3,rmse,standard,0.1556529745689531,5,0.00614819307803942,pre0_mod217_post0,tau_Zero_Flow_Days_sum
4,850,3,rsq,standard,0.1365027341782193,5,0.04465588208760894,pre0_mod217_post0,tau_Zero_Flow_Days_sum
4,850,6,mae,standard,0.11663661519912547,5,0.005070465333614173,pre0_mod218_post0,tau_Zero_Flow_Days_sum
4,850,6,rmse,standard,0.15604179574884508,5,0.005912934489889924,pre0_mod218_post0,tau_Zero_Flow_Days_sum
4,850,6,rsq,standard,0.13172871001658853,5,0.04418254550709635,pre0_mod218_post0,tau_Zero_Flow_Days_sum
4,850,9,mae,standard,0.11613439802692302,5,0.004878235858535002,pre0_mod219_post0,tau_Zero_Flow_Days_sum
4,850,9,rmse,standard,0.1554920908350044,5,0.00607709128414917,pre0_mod219_post0,tau_Zero_Flow_Days_sum
4,850,9,rsq,standard,0.13601779611451606,5,0.042669759432421094,pre0_mod219_post0,tau_Zero_Flow_Days_sum
4,850,12,mae,standard,0.11632168886453262,5,0.005103154204298414,pre0_mod220_post0,tau_Zero_Flow_Days_sum
4,850,12,rmse,standard,0.15568116876554688,5,0.006375457714799238,pre0_mod220_post0,tau_Zero_Flow_Days_sum
4,850,12,rsq,standard,0.13542420063315802,5,0.04404425675357482,pre0_mod220_post0,tau_Zero_Flow_Days_sum
4,850,15,mae,standard,0.1153674983224192,5,0.004950319320543188,pre0_mod221_post0,tau_Zero_Flow_Days_sum
4,850,15,rmse,standard,0.1547994061635826,5,0.006161257911087736,pre0_mod221_post0,tau_Zero_Flow_Days_sum
4,850,15,rsq,standard,0.1437380753801006,5,0.047080558965259554,pre0_mod221_post0,tau_Zero_Flow_Days_sum
4,850,18,mae,standard,0.1157222838643031,5,0.004953342181684273,pre0_mod222_post0,tau_Zero_Flow_Days_sum
4,850,18,rmse,standard,0.15488397130844697,5,0.006257705024379944,pre0_mod222_post0,tau_Zero_Flow_Days_sum
4,850,18,rsq,standard,0.14498637736691933,5,0.04758323322277262,pre0_mod222_post0,tau_Zero_Flow_Days_sum
4,850,21,mae,standard,0.11521066574590505,5,0.005052998384171398,pre0_mod223_post0,tau_Zero_Flow_Days_sum
4,850,21,rmse,standard,0.15469516121161475,5,0.006405116701016826,pre0_mod223_post0,tau_Zero_Flow_Days_sum
4,850,21,rsq,standard,0.1494437075468518,5,0.05068775820507428,pre0_mod223_post0,tau_Zero_Flow_Days_sum
4,850,25,mae,standard,0.11587021604566311,5,0.0050591740272132426,pre0_mod224_post0,tau_Zero_Flow_Days_sum
4,850,25,rmse,standard,0.1548505973478584,5,0.006537006585796124,pre0_mod224_post0,tau_Zero_Flow_Days_sum
4,850,25,rsq,standard,0.14678350365254061,5,0.047722831903762926,pre0_mod224_post0,tau_Zero_Flow_Days_sum
4,1050,3,mae,standard,0.11622834801432864,5,0.0052013453146724,pre0_mod225_post0,tau_Zero_Flow_Days_sum
4,1050,3,rmse,standard,0.1556233082434081,5,0.006045429029310767,pre0_mod225_post0,tau_Zero_Flow_Days_sum
4,1050,3,rsq,standard,0.1369265646863554,5,0.045629210563539316,pre0_mod225_post0,tau_Zero_Flow_Days_sum
4,1050,6,mae,standard,0.1161643506204074,5,0.004938415663704671,pre0_mod226_post0,tau_Zero_Flow_Days_sum
4,1050,6,rmse,standard,0.1554581887342164,5,0.0058739620436094675,pre0_mod226_post0,tau_Zero_Flow_Days_sum
4,1050,6,rsq,standard,0.13598140444128232,5,0.04107845325087116,pre0_mod226_post0,tau_Zero_Flow_Days_sum
4,1050,9,mae,standard,0.11531980526013647,5,0.004804502458658205,pre0_mod227_post0,tau_Zero_Flow_Days_sum
4,1050,9,rmse,standard,0.1551206003699237,5,0.006023599814384775,pre0_mod227_post0,tau_Zero_Flow_Days_sum
4,1050,9,rsq,standard,0.13908960470600254,5,0.043228342825356585,pre0_mod227_post0,tau_Zero_Flow_Days_sum
4,1050,12,mae,standard,0.11608714759407135,5,0.004932667535087006,pre0_mod228_post0,tau_Zero_Flow_Days_sum
4,1050,12,rmse,standard,0.15556617162610284,5,0.0061912559978726115,pre0_mod228_post0,tau_Zero_Flow_Days_sum
4,1050,12,rsq,standard,0.13711758989778539,5,0.04613215303765342,pre0_mod228_post0,tau_Zero_Flow_Days_sum
4,1050,15,mae,standard,0.1163005150539949,5,0.004805702560255217,pre0_mod229_post0,tau_Zero_Flow_Days_sum
4,1050,15,rmse,standard,0.15549895256740856,5,0.0059433871616775946,pre0_mod229_post0,tau_Zero_Flow_Days_sum
4,1050,15,rsq,standard,0.13655756527061974,5,0.045174993775686886,pre0_mod229_post0,tau_Zero_Flow_Days_sum
4,1050,18,mae,standard,0.11549435801094259,5,0.0053115585600124506,pre0_mod230_post0,tau_Zero_Flow_Days_sum
4,1050,18,rmse,standard,0.15467865115426246,5,0.006630238947510884,pre0_mod230_post0,tau_Zero_Flow_Days_sum
4,1050,18,rsq,standard,0.1476399147135673,5,0.04781674259316016,pre0_mod230_post0,tau_Zero_Flow_Days_sum
4,1050,21,mae,standard,0.11587952974351866,5,0.004910479706628455,pre0_mod231_post0,tau_Zero_Flow_Days_sum
4,1050,21,rmse,standard,0.1551160609937166,5,0.006324043999636983,pre0_mod231_post0,tau_Zero_Flow_Days_sum
4,1050,21,rsq,standard,0.1434284146333979,5,0.04856709180405841,pre0_mod231_post0,tau_Zero_Flow_Days_sum
4,1050,25,mae,standard,0.11610765121425862,5,0.0050800402733724,pre0_mod232_post0,tau_Zero_Flow_Days_sum
4,1050,25,rmse,standard,0.15549556644787912,5,0.00648728275731159,pre0_mod232_post0,tau_Zero_Flow_Days_sum
4,1050,25,rsq,standard,0.14029007602633,5,0.04978368547790494,pre0_mod232_post0,tau_Zero_Flow_Days_sum
4,1250,3,mae,standard,0.11678409370706028,5,0.004977171284884679,pre0_mod233_post0,tau_Zero_Flow_Days_sum
4,1250,3,rmse,standard,0.1565014246494565,5,0.0059887436143888795,pre0_mod233_post0,tau_Zero_Flow_Days_sum
4,1250,3,rsq,standard,0.12779957055237784,5,0.04213361033221243,pre0_mod233_post0,tau_Zero_Flow_Days_sum
4,1250,6,mae,standard,0.11611641154346156,5,0.004732148883902348,pre0_mod234_post0,tau_Zero_Flow_Days_sum
4,1250,6,rmse,standard,0.1555139272695495,5,0.006006775766604074,pre0_mod234_post0,tau_Zero_Flow_Days_sum
4,1250,6,rsq,standard,0.13668091266871785,5,0.043198219912871205,pre0_mod234_post0,tau_Zero_Flow_Days_sum
4,1250,9,mae,standard,0.11611257702924221,5,0.005082856943201469,pre0_mod235_post0,tau_Zero_Flow_Days_sum
4,1250,9,rmse,standard,0.15575763879409946,5,0.00624871786570816,pre0_mod235_post0,tau_Zero_Flow_Days_sum
4,1250,9,rsq,standard,0.13505680939891965,5,0.04522043292124694,pre0_mod235_post0,tau_Zero_Flow_Days_sum
4,1250,12,mae,standard,0.11561940608599994,5,0.005312075521195892,pre0_mod236_post0,tau_Zero_Flow_Days_sum
4,1250,12,rmse,standard,0.15512983307835218,5,0.006483648709073716,pre0_mod236_post0,tau_Zero_Flow_Days_sum
4,1250,12,rsq,standard,0.14259952968846445,5,0.046642940904435125,pre0_mod236_post0,tau_Zero_Flow_Days_sum
4,1250,15,mae,standard,0.11581399728363785,5,0.0051598697276819235,pre0_mod237_post0,tau_Zero_Flow_Days_sum
4,1250,15,rmse,standard,0.15507936422427468,5,0.00618487025066055,pre0_mod237_post0,tau_Zero_Flow_Days_sum
4,1250,15,rsq,standard,0.14108012677488022,5,0.046382111417897165,pre0_mod237_post0,tau_Zero_Flow_Days_sum
4,1250,18,mae,standard,0.11578595403766712,5,0.005052203958438674,pre0_mod238_post0,tau_Zero_Flow_Days_sum
4,1250,18,rmse,standard,0.15484293253157613,5,0.006369866971306561,pre0_mod238_post0,tau_Zero_Flow_Days_sum
4,1250,18,rsq,standard,0.1444824192185344,5,0.047072954546245604,pre0_mod238_post0,tau_Zero_Flow_Days_sum
4,1250,21,mae,standard,0.1157739155555465,5,0.005165937672603109,pre0_mod239_post0,tau_Zero_Flow_Days_sum
4,1250,21,rmse,standard,0.15518294427277493,5,0.006585860669254882,pre0_mod239_post0,tau_Zero_Flow_Days_sum
4,1250,21,rsq,standard,0.1429769562175207,5,0.05058695735433497,pre0_mod239_post0,tau_Zero_Flow_Days_sum
4,1250,25,mae,standard,0.11594703246446908,5,0.005114309033776654,pre0_mod240_post0,tau_Zero_Flow_Days_sum
4,1250,25,rmse,standard,0.1551843018650877,5,0.006410474497670972,pre0_mod240_post0,tau_Zero_Flow_Days_sum
4,1250,25,rsq,standard,0.1440667459931467,5,0.048368338746217675,pre0_mod240_post0,tau_Zero_Flow_Days_sum
4,1450,3,mae,standard,0.11640550336523005,5,0.005251701972614416,pre0_mod241_post0,tau_Zero_Flow_Days_sum
4,1450,3,rmse,standard,0.1557537674048102,5,0.0061450439522798515,pre0_mod241_post0,tau_Zero_Flow_Days_sum
4,1450,3,rsq,standard,0.13573019058640465,5,0.04301143869896735,pre0_mod241_post0,tau_Zero_Flow_Days_sum
4,1450,6,mae,standard,0.11606214015386675,5,0.004967744982668745,pre0_mod242_post0,tau_Zero_Flow_Days_sum
4,1450,6,rmse,standard,0.15565157404251484,5,0.0059604814557165185,pre0_mod242_post0,tau_Zero_Flow_Days_sum
4,1450,6,rsq,standard,0.13485583384686622,5,0.043466209206516664,pre0_mod242_post0,tau_Zero_Flow_Days_sum
4,1450,9,mae,standard,0.11623946097226588,5,0.004977841169021775,pre0_mod243_post0,tau_Zero_Flow_Days_sum
4,1450,9,rmse,standard,0.1557241653654208,5,0.006050882124517708,pre0_mod243_post0,tau_Zero_Flow_Days_sum
4,1450,9,rsq,standard,0.1346129658171424,5,0.043685086770685194,pre0_mod243_post0,tau_Zero_Flow_Days_sum
4,1450,12,mae,standard,0.11598656374016561,5,0.004789301601518555,pre0_mod244_post0,tau_Zero_Flow_Days_sum
4,1450,12,rmse,standard,0.15521951176834825,5,0.006027833488423136,pre0_mod244_post0,tau_Zero_Flow_Days_sum
4,1450,12,rsq,standard,0.13984596788439038,5,0.04593378305062959,pre0_mod244_post0,tau_Zero_Flow_Days_sum
4,1450,15,mae,standard,0.11510999312072406,5,0.005064925480406608,pre0_mod245_post0,tau_Zero_Flow_Days_sum
4,1450,15,rmse,standard,0.15444246612364596,5,0.006381270624981258,pre0_mod245_post0,tau_Zero_Flow_Days_sum
4,1450,15,rsq,standard,0.14847771261608333,5,0.04781120005234861,pre0_mod245_post0,tau_Zero_Flow_Days_sum
4,1450,18,mae,standard,0.11566801874300077,5,0.005256376880319598,pre0_mod246_post0,tau_Zero_Flow_Days_sum
4,1450,18,rmse,standard,0.15507743201321703,5,0.006533107370655198,pre0_mod246_post0,tau_Zero_Flow_Days_sum
4,1450,18,rsq,standard,0.14261327205706847,5,0.046634728825381694,pre0_mod246_post0,tau_Zero_Flow_Days_sum
4,1450,21,mae,standard,0.11540900852864958,5,0.005128573566795763,pre0_mod247_post0,tau_Zero_Flow_Days_sum
4,1450,21,rmse,standard,0.15457344948608964,5,0.0065886918591862775,pre0_mod247_post0,tau_Zero_Flow_Days_sum
4,1450,21,rsq,standard,0.14868778209317052,5,0.04832713898418321,pre0_mod247_post0,tau_Zero_Flow_Days_sum
4,1450,25,mae,standard,0.11589170868587383,5,0.0054283498814830635,pre0_mod248_post0,tau_Zero_Flow_Days_sum
4,1450,25,rmse,standard,0.15525583444309457,5,0.006843516077197832,pre0_mod248_post0,tau_Zero_Flow_Days_sum
4,1450,25,rsq,standard,0.14414445253378796,5,0.04991707860573443,pre0_mod248_post0,tau_Zero_Flow_Days_sum
4,1650,3,mae,standard,0.1165253847823291,5,0.004854115090212525,pre0_mod249_post0,tau_Zero_Flow_Days_sum
4,1650,3,rmse,standard,0.1560649230182527,5,0.005640072756775552,pre0_mod249_post0,tau_Zero_Flow_Days_sum
4,1650,3,rsq,standard,0.13013350049056957,5,0.043655222359980865,pre0_mod249_post0,tau_Zero_Flow_Days_sum
4,1650,6,mae,standard,0.11648356172999563,5,0.004808162707540751,pre0_mod250_post0,tau_Zero_Flow_Days_sum
4,1650,6,rmse,standard,0.15584547886826414,5,0.005966678009299019,pre0_mod250_post0,tau_Zero_Flow_Days_sum
4,1650,6,rsq,standard,0.13206373326610174,5,0.04284594078174648,pre0_mod250_post0,tau_Zero_Flow_Days_sum
4,1650,9,mae,standard,0.11608478160872518,5,0.005053307224398303,pre0_mod251_post0,tau_Zero_Flow_Days_sum
4,1650,9,rmse,standard,0.15551647193559845,5,0.00614852100595639,pre0_mod251_post0,tau_Zero_Flow_Days_sum
4,1650,9,rsq,standard,0.13671165745371516,5,0.045949002673649986,pre0_mod251_post0,tau_Zero_Flow_Days_sum
4,1650,12,mae,standard,0.11571770059032024,5,0.005015191236097745,pre0_mod252_post0,tau_Zero_Flow_Days_sum
4,1650,12,rmse,standard,0.15507703046110807,5,0.006115063630260647,pre0_mod252_post0,tau_Zero_Flow_Days_sum
4,1650,12,rsq,standard,0.14162229381000302,5,0.04498016113933383,pre0_mod252_post0,tau_Zero_Flow_Days_sum
4,1650,15,mae,standard,0.11588996578786535,5,0.005287524474024628,pre0_mod253_post0,tau_Zero_Flow_Days_sum
4,1650,15,rmse,standard,0.1551031544543897,5,0.006597102450793478,pre0_mod253_post0,tau_Zero_Flow_Days_sum
4,1650,15,rsq,standard,0.14316520102668046,5,0.048396668840687225,pre0_mod253_post0,tau_Zero_Flow_Days_sum
4,1650,18,mae,standard,0.11579348186853128,5,0.005068677899381556,pre0_mod254_post0,tau_Zero_Flow_Days_sum
4,1650,18,rmse,standard,0.15488088970900674,5,0.006423417358227711,pre0_mod254_post0,tau_Zero_Flow_Days_sum
4,1650,18,rsq,standard,0.14542044616911934,5,0.047123807885216334,pre0_mod254_post0,tau_Zero_Flow_Days_sum
4,1650,21,mae,standard,0.11610081145094121,5,0.0049596612103249334,pre0_mod255_post0,tau_Zero_Flow_Days_sum
4,1650,21,rmse,standard,0.15526785866591683,5,0.006343890795010922,pre0_mod255_post0,tau_Zero_Flow_Days_sum
4,1650,21,rsq,standard,0.14140829705104846,5,0.04636571386715932,pre0_mod255_post0,tau_Zero_Flow_Days_sum
4,1650,25,mae,standard,0.11598064066850769,5,0.0051564387577030454,pre0_mod256_post0,tau_Zero_Flow_Days_sum
4,1650,25,rmse,standard,0.15513705599588484,5,0.006656736080982814,pre0_mod256_post0,tau_Zero_Flow_Days_sum
4,1650,25,rsq,standard,0.1446226625016202,5,0.0490513856843836,pre0_mod256_post0,tau_Zero_Flow_Days_sum
6,250,3,mae,standard,0.11652883719161773,5,0.005037680689108904,pre0_mod257_post0,tau_Zero_Flow_Days_sum
6,250,3,rmse,standard,0.15610302409158855,5,0.006183593307101211,pre0_mod257_post0,tau_Zero_Flow_Days_sum
6,250,3,rsq,standard,0.1342930786153572,5,0.04065065791106666,pre0_mod257_post0,tau_Zero_Flow_Days_sum
6,250,6,mae,standard,0.11630322934765508,5,0.0047511625461055685,pre0_mod258_post0,tau_Zero_Flow_Days_sum
6,250,6,rmse,standard,0.15585681809687674,5,0.005696369823190387,pre0_mod258_post0,tau_Zero_Flow_Days_sum
6,250,6,rsq,standard,0.13067512114191757,5,0.036058870155871545,pre0_mod258_post0,tau_Zero_Flow_Days_sum
6,250,9,mae,standard,0.11662928847538809,5,0.005069886747708495,pre0_mod259_post0,tau_Zero_Flow_Days_sum
6,250,9,rmse,standard,0.1557426408178672,5,0.006153853404729827,pre0_mod259_post0,tau_Zero_Flow_Days_sum
6,250,9,rsq,standard,0.13740226639477748,5,0.04803106811258486,pre0_mod259_post0,tau_Zero_Flow_Days_sum
6,250,12,mae,standard,0.11465622488731121,5,0.005508931647150599,pre0_mod260_post0,tau_Zero_Flow_Days_sum
6,250,12,rmse,standard,0.15432007166894873,5,0.006578352368379395,pre0_mod260_post0,tau_Zero_Flow_Days_sum
6,250,12,rsq,standard,0.1516160359940542,5,0.04565724708410401,pre0_mod260_post0,tau_Zero_Flow_Days_sum
6,250,15,mae,standard,0.11565739216355082,5,0.005147836309087882,pre0_mod261_post0,tau_Zero_Flow_Days_sum
6,250,15,rmse,standard,0.15458494852098909,5,0.0067753685650781305,pre0_mod261_post0,tau_Zero_Flow_Days_sum
6,250,15,rsq,standard,0.14917963587662125,5,0.046263038162705016,pre0_mod261_post0,tau_Zero_Flow_Days_sum
6,250,18,mae,standard,0.11621124535827747,5,0.005286116392723186,pre0_mod262_post0,tau_Zero_Flow_Days_sum
6,250,18,rmse,standard,0.15627260453000794,5,0.0063980861055649655,pre0_mod262_post0,tau_Zero_Flow_Days_sum
6,250,18,rsq,standard,0.13182575438677477,5,0.038963691524656674,pre0_mod262_post0,tau_Zero_Flow_Days_sum
6,250,21,mae,standard,0.11567205980425765,5,0.005086206757596192,pre0_mod263_post0,tau_Zero_Flow_Days_sum
6,250,21,rmse,standard,0.15582195363527648,5,0.006427915013928466,pre0_mod263_post0,tau_Zero_Flow_Days_sum
6,250,21,rsq,standard,0.13813889010066144,5,0.04714873525440091,pre0_mod263_post0,tau_Zero_Flow_Days_sum
6,250,25,mae,standard,0.11570483595200133,5,0.004901570853937372,pre0_mod264_post0,tau_Zero_Flow_Days_sum
6,250,25,rmse,standard,0.154612918765446,5,0.006374456981550897,pre0_mod264_post0,tau_Zero_Flow_Days_sum
6,250,25,rsq,standard,0.15144548269206154,5,0.04695126743136923,pre0_mod264_post0,tau_Zero_Flow_Days_sum
6,450,3,mae,standard,0.11620361371312031,5,0.004988200733669116,pre0_mod265_post0,tau_Zero_Flow_Days_sum
6,450,3,rmse,standard,0.15556693862926035,5,0.005822402253557725,pre0_mod265_post0,tau_Zero_Flow_Days_sum
6,450,3,rsq,standard,0.13664868022769355,5,0.04142927451698505,pre0_mod265_post0,tau_Zero_Flow_Days_sum
6,450,6,mae,standard,0.1171805671722108,5,0.005726946790713522,pre0_mod266_post0,tau_Zero_Flow_Days_sum
6,450,6,rmse,standard,0.15644448409421818,5,0.006729386329839229,pre0_mod266_post0,tau_Zero_Flow_Days_sum
6,450,6,rsq,standard,0.12995515500291827,5,0.04514844635674446,pre0_mod266_post0,tau_Zero_Flow_Days_sum
6,450,9,mae,standard,0.11636474352395185,5,0.0052374846412972164,pre0_mod267_post0,tau_Zero_Flow_Days_sum
6,450,9,rmse,standard,0.15592538400003997,5,0.0061156518173330465,pre0_mod267_post0,tau_Zero_Flow_Days_sum
6,450,9,rsq,standard,0.1310812377598069,5,0.04001222831603512,pre0_mod267_post0,tau_Zero_Flow_Days_sum
6,450,12,mae,standard,0.11576802512406176,5,0.0056737620360219065,pre0_mod268_post0,tau_Zero_Flow_Days_sum
6,450,12,rmse,standard,0.15526322323062383,5,0.006482890542726743,pre0_mod268_post0,tau_Zero_Flow_Days_sum
6,450,12,rsq,standard,0.14331352414641327,5,0.04628265520368977,pre0_mod268_post0,tau_Zero_Flow_Days_sum
6,450,15,mae,standard,0.11623489312612137,5,0.0052416942377823865,pre0_mod269_post0,tau_Zero_Flow_Days_sum
6,450,15,rmse,standard,0.15552905391418556,5,0.006383975322197728,pre0_mod269_post0,tau_Zero_Flow_Days_sum
6,450,15,rsq,standard,0.14055471292425353,5,0.04835428978658211,pre0_mod269_post0,tau_Zero_Flow_Days_sum
6,450,18,mae,standard,0.11635068512878594,5,0.0050513639897936885,pre0_mod270_post0,tau_Zero_Flow_Days_sum
6,450,18,rmse,standard,0.15609572762008886,5,0.006620225486701696,pre0_mod270_post0,tau_Zero_Flow_Days_sum
6,450,18,rsq,standard,0.13218959018825444,5,0.04444999909678828,pre0_mod270_post0,tau_Zero_Flow_Days_sum
6,450,21,mae,standard,0.11632456844124701,5,0.0056871183521241585,pre0_mod271_post0,tau_Zero_Flow_Days_sum
6,450,21,rmse,standard,0.15548257931767087,5,0.006865646614549195,pre0_mod271_post0,tau_Zero_Flow_Days_sum
6,450,21,rsq,standard,0.14242682668699877,5,0.05046212655906788,pre0_mod271_post0,tau_Zero_Flow_Days_sum
6,450,25,mae,standard,0.11582289956995015,5,0.005240885228501415,pre0_mod272_post0,tau_Zero_Flow_Days_sum
6,450,25,rmse,standard,0.15477288845172646,5,0.006838432996081408,pre0_mod272_post0,tau_Zero_Flow_Days_sum
6,450,25,rsq,standard,0.14727487862911234,5,0.04887489089790436,pre0_mod272_post0,tau_Zero_Flow_Days_sum
6,650,3,mae,standard,0.11673293735711253,5,0.004618864785798488,pre0_mod273_post0,tau_Zero_Flow_Days_sum
6,650,3,rmse,standard,0.15563367980860582,5,0.005527582731606758,pre0_mod273_post0,tau_Zero_Flow_Days_sum
6,650,3,rsq,standard,0.13547074304775802,5,0.04023709230414099,pre0_mod273_post0,tau_Zero_Flow_Days_sum
6,650,6,mae,standard,0.11644157126084415,5,0.005026483517904524,pre0_mod274_post0,tau_Zero_Flow_Days_sum
6,650,6,rmse,standard,0.1561808108808781,5,0.005874834570938432,pre0_mod274_post0,tau_Zero_Flow_Days_sum
6,650,6,rsq,standard,0.1300056219403529,5,0.04226655947279013,pre0_mod274_post0,tau_Zero_Flow_Days_sum
6,650,9,mae,standard,0.11582358879701796,5,0.005115575684070583,pre0_mod275_post0,tau_Zero_Flow_Days_sum
6,650,9,rmse,standard,0.15522598651837927,5,0.006148862318048433,pre0_mod275_post0,tau_Zero_Flow_Days_sum
6,650,9,rsq,standard,0.13940599863681774,5,0.04089367415926834,pre0_mod275_post0,tau_Zero_Flow_Days_sum
6,650,12,mae,standard,0.11660415250612362,5,0.004876332086033234,pre0_mod276_post0,tau_Zero_Flow_Days_sum
6,650,12,rmse,standard,0.15568826124412852,5,0.005872629925287618,pre0_mod276_post0,tau_Zero_Flow_Days_sum
6,650,12,rsq,standard,0.13522171705016228,5,0.04393329480948317,pre0_mod276_post0,tau_Zero_Flow_Days_sum
6,650,15,mae,standard,0.11642061161522665,5,0.005181801213707053,pre0_mod277_post0,tau_Zero_Flow_Days_sum
6,650,15,rmse,standard,0.15546518320545166,5,0.006436019738326806,pre0_mod277_post0,tau_Zero_Flow_Days_sum
6,650,15,rsq,standard,0.13741275530294578,5,0.04319993355421347,pre0_mod277_post0,tau_Zero_Flow_Days_sum
6,650,18,mae,standard,0.11653162578862424,5,0.004859743732389913,pre0_mod278_post0,tau_Zero_Flow_Days_sum
6,650,18,rmse,standard,0.1556397315685082,5,0.0063389872059381805,pre0_mod278_post0,tau_Zero_Flow_Days_sum
6,650,18,rsq,standard,0.13555136330768802,5,0.04304008596974709,pre0_mod278_post0,tau_Zero_Flow_Days_sum
6,650,21,mae,standard,0.11647562024891908,5,0.005142047549105664,pre0_mod279_post0,tau_Zero_Flow_Days_sum
6,650,21,rmse,standard,0.1557817388419019,5,0.006314830890627634,pre0_mod279_post0,tau_Zero_Flow_Days_sum
6,650,21,rsq,standard,0.13458478415216804,5,0.043634802577037696,pre0_mod279_post0,tau_Zero_Flow_Days_sum
6,650,25,mae,standard,0.11578191590601414,5,0.00489978543121795,pre0_mod280_post0,tau_Zero_Flow_Days_sum
6,650,25,rmse,standard,0.15485189047647777,5,0.006542264546270162,pre0_mod280_post0,tau_Zero_Flow_Days_sum
6,650,25,rsq,standard,0.1448496044262251,5,0.047197824816746385,pre0_mod280_post0,tau_Zero_Flow_Days_sum
6,850,3,mae,standard,0.1169156322161718,5,0.005101760188824384,pre0_mod281_post0,tau_Zero_Flow_Days_sum
6,850,3,rmse,standard,0.15596354556169859,5,0.005744948718401402,pre0_mod281_post0,tau_Zero_Flow_Days_sum
6,850,3,rsq,standard,0.13075034895238805,5,0.03709991346103412,pre0_mod281_post0,tau_Zero_Flow_Days_sum
6,850,6,mae,standard,0.11722439194685208,5,0.004975055793340696,pre0_mod282_post0,tau_Zero_Flow_Days_sum
6,850,6,rmse,standard,0.15640445850951198,5,0.0058562637560138995,pre0_mod282_post0,tau_Zero_Flow_Days_sum
6,850,6,rsq,standard,0.12848226955516326,5,0.04186826494537458,pre0_mod282_post0,tau_Zero_Flow_Days_sum
6,850,9,mae,standard,0.11658609827736553,5,0.005395526672312342,pre0_mod283_post0,tau_Zero_Flow_Days_sum
6,850,9,rmse,standard,0.1556348605796036,5,0.006370034143326256,pre0_mod283_post0,tau_Zero_Flow_Days_sum
6,850,9,rsq,standard,0.13612377347896418,5,0.04426027788467594,pre0_mod283_post0,tau_Zero_Flow_Days_sum
6,850,12,mae,standard,0.11637229996508788,5,0.0050954511605447094,pre0_mod284_post0,tau_Zero_Flow_Days_sum
6,850,12,rmse,standard,0.15567761600574803,5,0.006102753319647779,pre0_mod284_post0,tau_Zero_Flow_Days_sum
6,850,12,rsq,standard,0.1339658097920716,5,0.042369721364829645,pre0_mod284_post0,tau_Zero_Flow_Days_sum
6,850,15,mae,standard,0.1158543281876136,5,0.005367445152340562,pre0_mod285_post0,tau_Zero_Flow_Days_sum
6,850,15,rmse,standard,0.15536742190720618,5,0.0063761190938638815,pre0_mod285_post0,tau_Zero_Flow_Days_sum
6,850,15,rsq,standard,0.1424481894415267,5,0.04625303692831223,pre0_mod285_post0,tau_Zero_Flow_Days_sum
6,850,18,mae,standard,0.11585676759834335,5,0.0051315050558709075,pre0_mod286_post0,tau_Zero_Flow_Days_sum
6,850,18,rmse,standard,0.15510204645048978,5,0.006481009410806897,pre0_mod286_post0,tau_Zero_Flow_Days_sum
6,850,18,rsq,standard,0.14087081319087366,5,0.04229974537498013,pre0_mod286_post0,tau_Zero_Flow_Days_sum
6,850,21,mae,standard,0.11585907748325909,5,0.005432271491040605,pre0_mod287_post0,tau_Zero_Flow_Days_sum
6,850,21,rmse,standard,0.15541110259860835,5,0.006707651686966719,pre0_mod287_post0,tau_Zero_Flow_Days_sum
6,850,21,rsq,standard,0.14111080229726203,5,0.048225534410554605,pre0_mod287_post0,tau_Zero_Flow_Days_sum
6,850,25,mae,standard,0.1159137877555713,5,0.004955274504050902,pre0_mod288_post0,tau_Zero_Flow_Days_sum
6,850,25,rmse,standard,0.15508734074112118,5,0.006379265435517456,pre0_mod288_post0,tau_Zero_Flow_Days_sum
6,850,25,rsq,standard,0.14160226464974612,5,0.04354925957039267,pre0_mod288_post0,tau_Zero_Flow_Days_sum
6,1050,3,mae,standard,0.11675761826162286,5,0.004883961000482406,pre0_mod289_post0,tau_Zero_Flow_Days_sum
6,1050,3,rmse,standard,0.15574288504784314,5,0.005676113726768047,pre0_mod289_post0,tau_Zero_Flow_Days_sum
6,1050,3,rsq,standard,0.1346873798007566,5,0.04371153147376053,pre0_mod289_post0,tau_Zero_Flow_Days_sum
6,1050,6,mae,standard,0.11652718479878861,5,0.0049995682963792825,pre0_mod290_post0,tau_Zero_Flow_Days_sum
6,1050,6,rmse,standard,0.15535247792731294,5,0.006091284237435948,pre0_mod290_post0,tau_Zero_Flow_Days_sum
6,1050,6,rsq,standard,0.1363359236272051,5,0.03976988153126543,pre0_mod290_post0,tau_Zero_Flow_Days_sum
6,1050,9,mae,standard,0.11640872586106665,5,0.005156496227469244,pre0_mod291_post0,tau_Zero_Flow_Days_sum
6,1050,9,rmse,standard,0.15554088112674205,5,0.0060451898520810085,pre0_mod291_post0,tau_Zero_Flow_Days_sum
6,1050,9,rsq,standard,0.13604488507086065,5,0.04282936922880074,pre0_mod291_post0,tau_Zero_Flow_Days_sum
6,1050,12,mae,standard,0.11656864093010483,5,0.00532277708208915,pre0_mod292_post0,tau_Zero_Flow_Days_sum
6,1050,12,rmse,standard,0.15570365942235478,5,0.0063203670780942614,pre0_mod292_post0,tau_Zero_Flow_Days_sum
6,1050,12,rsq,standard,0.1354926467285006,5,0.04405668625607996,pre0_mod292_post0,tau_Zero_Flow_Days_sum
6,1050,15,mae,standard,0.11655865521780481,5,0.004944947227930703,pre0_mod293_post0,tau_Zero_Flow_Days_sum
6,1050,15,rmse,standard,0.15597055149568662,5,0.006209957123605695,pre0_mod293_post0,tau_Zero_Flow_Days_sum
6,1050,15,rsq,standard,0.13195712675432886,5,0.040659183374337764,pre0_mod293_post0,tau_Zero_Flow_Days_sum
6,1050,18,mae,standard,0.11611567708780748,5,0.004827777634998964,pre0_mod294_post0,tau_Zero_Flow_Days_sum
6,1050,18,rmse,standard,0.1551994752665899,5,0.006322050766340324,pre0_mod294_post0,tau_Zero_Flow_Days_sum
6,1050,18,rsq,standard,0.141026322116857,5,0.044335318339860985,pre0_mod294_post0,tau_Zero_Flow_Days_sum
6,1050,21,mae,standard,0.11563596866358541,5,0.005294646828186074,pre0_mod295_post0,tau_Zero_Flow_Days_sum
6,1050,21,rmse,standard,0.15487383638596236,5,0.006544806760520467,pre0_mod295_post0,tau_Zero_Flow_Days_sum
6,1050,21,rsq,standard,0.14526534818902093,5,0.04738796169841359,pre0_mod295_post0,tau_Zero_Flow_Days_sum
6,1050,25,mae,standard,0.11563694988809908,5,0.005075596003970087,pre0_mod296_post0,tau_Zero_Flow_Days_sum
6,1050,25,rmse,standard,0.1549427062199935,5,0.00658122328074071,pre0_mod296_post0,tau_Zero_Flow_Days_sum
6,1050,25,rsq,standard,0.1427079031972535,5,0.04489121000915415,pre0_mod296_post0,tau_Zero_Flow_Days_sum
6,1250,3,mae,standard,0.11672441579834796,5,0.00535735631661426,pre0_mod297_post0,tau_Zero_Flow_Days_sum
6,1250,3,rmse,standard,0.15644792734090052,5,0.0059024725833265596,pre0_mod297_post0,tau_Zero_Flow_Days_sum
6,1250,3,rsq,standard,0.12950982188317195,5,0.04279286984500589,pre0_mod297_post0,tau_Zero_Flow_Days_sum
6,1250,6,mae,standard,0.11630051690264784,5,0.004946740232195091,pre0_mod298_post0,tau_Zero_Flow_Days_sum
6,1250,6,rmse,standard,0.15590644378691418,5,0.005675856955055724,pre0_mod298_post0,tau_Zero_Flow_Days_sum
6,1250,6,rsq,standard,0.1328483620651468,5,0.041532452621060555,pre0_mod298_post0,tau_Zero_Flow_Days_sum
6,1250,9,mae,standard,0.11631310042353928,5,0.0052761603487031525,pre0_mod299_post0,tau_Zero_Flow_Days_sum
6,1250,9,rmse,standard,0.15580798315538527,5,0.006120007247081831,pre0_mod299_post0,tau_Zero_Flow_Days_sum
6,1250,9,rsq,standard,0.13499694738324067,5,0.04439201234345905,pre0_mod299_post0,tau_Zero_Flow_Days_sum
6,1250,12,mae,standard,0.11599879804902577,5,0.004920074062045651,pre0_mod300_post0,tau_Zero_Flow_Days_sum
6,1250,12,rmse,standard,0.15551449737602244,5,0.0060924426606199025,pre0_mod300_post0,tau_Zero_Flow_Days_sum
6,1250,12,rsq,standard,0.13806769393898286,5,0.04276652432486853,pre0_mod300_post0,tau_Zero_Flow_Days_sum
6,1250,15,mae,standard,0.1165060270120415,5,0.005175084621301864,pre0_mod301_post0,tau_Zero_Flow_Days_sum
6,1250,15,rmse,standard,0.1557447281344937,5,0.0064055223689008555,pre0_mod301_post0,tau_Zero_Flow_Days_sum
6,1250,15,rsq,standard,0.13586262081770914,5,0.044224519412260854,pre0_mod301_post0,tau_Zero_Flow_Days_sum
6,1250,18,mae,standard,0.11547358947228763,5,0.005235974816741343,pre0_mod302_post0,tau_Zero_Flow_Days_sum
6,1250,18,rmse,standard,0.15485011680116562,5,0.0065129379392948415,pre0_mod302_post0,tau_Zero_Flow_Days_sum
6,1250,18,rsq,standard,0.14498591391352736,5,0.04556665027346604,pre0_mod302_post0,tau_Zero_Flow_Days_sum
6,1250,21,mae,standard,0.11566618578116346,5,0.005107696965566114,pre0_mod303_post0,tau_Zero_Flow_Days_sum
6,1250,21,rmse,standard,0.15501444157328823,5,0.006441768874743206,pre0_mod303_post0,tau_Zero_Flow_Days_sum
6,1250,21,rsq,standard,0.1428789587011053,5,0.045264524415628754,pre0_mod303_post0,tau_Zero_Flow_Days_sum
6,1250,25,mae,standard,0.1156353983894951,5,0.0051960734809529665,pre0_mod304_post0,tau_Zero_Flow_Days_sum
6,1250,25,rmse,standard,0.15471600218353576,5,0.006589216105168399,pre0_mod304_post0,tau_Zero_Flow_Days_sum
6,1250,25,rsq,standard,0.1480755314575437,5,0.046478425161426515,pre0_mod304_post0,tau_Zero_Flow_Days_sum
6,1450,3,mae,standard,0.11674696154310113,5,0.005072758577685365,pre0_mod305_post0,tau_Zero_Flow_Days_sum
6,1450,3,rmse,standard,0.1558710649007587,5,0.005854469742649168,pre0_mod305_post0,tau_Zero_Flow_Days_sum
6,1450,3,rsq,standard,0.13481232509831645,5,0.04215573284858629,pre0_mod305_post0,tau_Zero_Flow_Days_sum
6,1450,6,mae,standard,0.11655017449803565,5,0.005269689681531285,pre0_mod306_post0,tau_Zero_Flow_Days_sum
6,1450,6,rmse,standard,0.15602248559546023,5,0.006304799475930765,pre0_mod306_post0,tau_Zero_Flow_Days_sum
6,1450,6,rsq,standard,0.13105679797781256,5,0.04056493379148135,pre0_mod306_post0,tau_Zero_Flow_Days_sum
6,1450,9,mae,standard,0.11642472595868313,5,0.0050558092779346255,pre0_mod307_post0,tau_Zero_Flow_Days_sum
6,1450,9,rmse,standard,0.15562781325537126,5,0.006259546209933213,pre0_mod307_post0,tau_Zero_Flow_Days_sum
6,1450,9,rsq,standard,0.1365090795402084,5,0.041650993728607776,pre0_mod307_post0,tau_Zero_Flow_Days_sum
6,1450,12,mae,standard,0.11595532327033402,5,0.00504082418620175,pre0_mod308_post0,tau_Zero_Flow_Days_sum
6,1450,12,rmse,standard,0.15523233687237592,5,0.006236780791734828,pre0_mod308_post0,tau_Zero_Flow_Days_sum
6,1450,12,rsq,standard,0.14079543571789033,5,0.04268606604287273,pre0_mod308_post0,tau_Zero_Flow_Days_sum
6,1450,15,mae,standard,0.11568083910246336,5,0.005404378556392086,pre0_mod309_post0,tau_Zero_Flow_Days_sum
6,1450,15,rmse,standard,0.15504918370878562,5,0.006518299992600427,pre0_mod309_post0,tau_Zero_Flow_Days_sum
6,1450,15,rsq,standard,0.14382334201555405,5,0.045428414142028514,pre0_mod309_post0,tau_Zero_Flow_Days_sum
6,1450,18,mae,standard,0.11559122066064705,5,0.005139335602693116,pre0_mod310_post0,tau_Zero_Flow_Days_sum
6,1450,18,rmse,standard,0.15488118055330435,5,0.006491422480649661,pre0_mod310_post0,tau_Zero_Flow_Days_sum
6,1450,18,rsq,standard,0.14444810609662342,5,0.04582537026406789,pre0_mod310_post0,tau_Zero_Flow_Days_sum
6,1450,21,mae,standard,0.11568869437334983,5,0.005127152850823319,pre0_mod311_post0,tau_Zero_Flow_Days_sum
6,1450,21,rmse,standard,0.1550647561615111,5,0.006323467647739395,pre0_mod311_post0,tau_Zero_Flow_Days_sum
6,1450,21,rsq,standard,0.1429127766837549,5,0.04553381943695455,pre0_mod311_post0,tau_Zero_Flow_Days_sum
6,1450,25,mae,standard,0.11609170338095748,5,0.004867395750854408,pre0_mod312_post0,tau_Zero_Flow_Days_sum
6,1450,25,rmse,standard,0.15532833580017472,5,0.006186810199343625,pre0_mod312_post0,tau_Zero_Flow_Days_sum
6,1450,25,rsq,standard,0.13887635295279918,5,0.044704708858587766,pre0_mod312_post0,tau_Zero_Flow_Days_sum
6,1650,3,mae,standard,0.11691917722580039,5,0.0051727724629290536,pre0_mod313_post0,tau_Zero_Flow_Days_sum
6,1650,3,rmse,standard,0.15609700494221743,5,0.006003766623728573,pre0_mod313_post0,tau_Zero_Flow_Days_sum
6,1650,3,rsq,standard,0.131500538567995,5,0.041735525550912166,pre0_mod313_post0,tau_Zero_Flow_Days_sum
6,1650,6,mae,standard,0.11650069192231552,5,0.005234813018794956,pre0_mod314_post0,tau_Zero_Flow_Days_sum
6,1650,6,rmse,standard,0.15611086831433316,5,0.005951367179958765,pre0_mod314_post0,tau_Zero_Flow_Days_sum
6,1650,6,rsq,standard,0.1316265946359788,5,0.04203026052322505,pre0_mod314_post0,tau_Zero_Flow_Days_sum
6,1650,9,mae,standard,0.11635976787987953,5,0.005040680342344985,pre0_mod315_post0,tau_Zero_Flow_Days_sum
6,1650,9,rmse,standard,0.15569727644579615,5,0.006083736972925146,pre0_mod315_post0,tau_Zero_Flow_Days_sum
6,1650,9,rsq,standard,0.133999804961464,5,0.04016151654410116,pre0_mod315_post0,tau_Zero_Flow_Days_sum
6,1650,12,mae,standard,0.11604464690782323,5,0.005173847502864329,pre0_mod316_post0,tau_Zero_Flow_Days_sum
6,1650,12,rmse,standard,0.1557935266899986,5,0.006278300428797425,pre0_mod316_post0,tau_Zero_Flow_Days_sum
6,1650,12,rsq,standard,0.13432906380203063,5,0.04282710524178636,pre0_mod316_post0,tau_Zero_Flow_Days_sum
6,1650,15,mae,standard,0.11532389834036605,5,0.00524285028254472,pre0_mod317_post0,tau_Zero_Flow_Days_sum
6,1650,15,rmse,standard,0.15496688462162203,5,0.006348372567652274,pre0_mod317_post0,tau_Zero_Flow_Days_sum
6,1650,15,rsq,standard,0.14322030705551628,5,0.04402041725116299,pre0_mod317_post0,tau_Zero_Flow_Days_sum
6,1650,18,mae,standard,0.11590443109774005,5,0.005136235085600332,pre0_mod318_post0,tau_Zero_Flow_Days_sum
6,1650,18,rmse,standard,0.15542977647299586,5,0.006551508707638655,pre0_mod318_post0,tau_Zero_Flow_Days_sum
6,1650,18,rsq,standard,0.1392577023080956,5,0.04551213680127553,pre0_mod318_post0,tau_Zero_Flow_Days_sum
6,1650,21,mae,standard,0.11567330582013989,5,0.005134043985638787,pre0_mod319_post0,tau_Zero_Flow_Days_sum
6,1650,21,rmse,standard,0.1550832748224415,5,0.006459224705467042,pre0_mod319_post0,tau_Zero_Flow_Days_sum
6,1650,21,rsq,standard,0.14380850890951413,5,0.047210460185186806,pre0_mod319_post0,tau_Zero_Flow_Days_sum
6,1650,25,mae,standard,0.1160619854999834,5,0.005412127573196858,pre0_mod320_post0,tau_Zero_Flow_Days_sum
6,1650,25,rmse,standard,0.1555569271870168,5,0.006817405676283909,pre0_mod320_post0,tau_Zero_Flow_Days_sum
6,1650,25,rsq,standard,0.1408164474962611,5,0.049391545213823676,pre0_mod320_post0,tau_Zero_Flow_Days_sum
7,250,3,mae,standard,0.11626671975774037,5,0.004096852522175523,pre0_mod321_post0,tau_Zero_Flow_Days_sum
7,250,3,rmse,standard,0.15427145922867364,5,0.0049057597948442035,pre0_mod321_post0,tau_Zero_Flow_Days_sum
7,250,3,rsq,standard,0.14687900701500822,5,0.03556421321506338,pre0_mod321_post0,tau_Zero_Flow_Days_sum
7,250,6,mae,standard,0.11749785316956281,5,0.005426230470792306,pre0_mod322_post0,tau_Zero_Flow_Days_sum
7,250,6,rmse,standard,0.1566193229858913,5,0.0065268551365690675,pre0_mod322_post0,tau_Zero_Flow_Days_sum
7,250,6,rsq,standard,0.1286201331682329,5,0.041181354894901774,pre0_mod322_post0,tau_Zero_Flow_Days_sum
7,250,9,mae,standard,0.11608099616630872,5,0.005848272572569345,pre0_mod323_post0,tau_Zero_Flow_Days_sum
7,250,9,rmse,standard,0.1549844770480573,5,0.006783751828823345,pre0_mod323_post0,tau_Zero_Flow_Days_sum
7,250,9,rsq,standard,0.144764117439823,5,0.043038649041244936,pre0_mod323_post0,tau_Zero_Flow_Days_sum
7,250,12,mae,standard,0.11676539829548217,5,0.005690160514716491,pre0_mod324_post0,tau_Zero_Flow_Days_sum
7,250,12,rmse,standard,0.1559494876094229,5,0.006690029222034636,pre0_mod324_post0,tau_Zero_Flow_Days_sum
7,250,12,rsq,standard,0.137800743923625,5,0.04668694521212103,pre0_mod324_post0,tau_Zero_Flow_Days_sum
7,250,15,mae,standard,0.1161665751201954,5,0.004789617222838918,pre0_mod325_post0,tau_Zero_Flow_Days_sum
7,250,15,rmse,standard,0.15533983186840428,5,0.005964134236968637,pre0_mod325_post0,tau_Zero_Flow_Days_sum
7,250,15,rsq,standard,0.13842986053270576,5,0.04215600162149664,pre0_mod325_post0,tau_Zero_Flow_Days_sum
7,250,18,mae,standard,0.11611277790106075,5,0.005521859584255654,pre0_mod326_post0,tau_Zero_Flow_Days_sum
7,250,18,rmse,standard,0.15511376056617746,5,0.006916024714641563,pre0_mod326_post0,tau_Zero_Flow_Days_sum
7,250,18,rsq,standard,0.14297600310876468,5,0.04192370572410481,pre0_mod326_post0,tau_Zero_Flow_Days_sum
7,250,21,mae,standard,0.11569107838823103,5,0.005038843400409132,pre0_mod327_post0,tau_Zero_Flow_Days_sum
7,250,21,rmse,standard,0.15535465164639187,5,0.006653405112209946,pre0_mod327_post0,tau_Zero_Flow_Days_sum
7,250,21,rsq,standard,0.14045224463040007,5,0.045549146950319745,pre0_mod327_post0,tau_Zero_Flow_Days_sum
7,250,25,mae,standard,0.11625142003269735,5,0.005125201297136553,pre0_mod328_post0,tau_Zero_Flow_Days_sum
7,250,25,rmse,standard,0.15586670324255153,5,0.006768312282495592,pre0_mod328_post0,tau_Zero_Flow_Days_sum
7,250,25,rsq,standard,0.1374815076425633,5,0.04674650412265756,pre0_mod328_post0,tau_Zero_Flow_Days_sum
7,450,3,mae,standard,0.1168828190314856,5,0.005230538592383549,pre0_mod329_post0,tau_Zero_Flow_Days_sum
7,450,3,rmse,standard,0.15670562534950153,5,0.006162233084788882,pre0_mod329_post0,tau_Zero_Flow_Days_sum
7,450,3,rsq,standard,0.12964837200397644,5,0.04429218786475706,pre0_mod329_post0,tau_Zero_Flow_Days_sum
7,450,6,mae,standard,0.11698807150735975,5,0.00522485111293077,pre0_mod330_post0,tau_Zero_Flow_Days_sum
7,450,6,rmse,standard,0.1563046467610983,5,0.006026401879209725,pre0_mod330_post0,tau_Zero_Flow_Days_sum
7,450,6,rsq,standard,0.128804014473427,5,0.040456640417102833,pre0_mod330_post0,tau_Zero_Flow_Days_sum
7,450,9,mae,standard,0.11724724395956114,5,0.004972562421237781,pre0_mod331_post0,tau_Zero_Flow_Days_sum
7,450,9,rmse,standard,0.1561598415174863,5,0.0061626458784938675,pre0_mod331_post0,tau_Zero_Flow_Days_sum
7,450,9,rsq,standard,0.13282111213154227,5,0.04379651691908359,pre0_mod331_post0,tau_Zero_Flow_Days_sum
7,450,12,mae,standard,0.11558396605573859,5,0.0049523958337857185,pre0_mod332_post0,tau_Zero_Flow_Days_sum
7,450,12,rmse,standard,0.15481608379384565,5,0.006001724277899443,pre0_mod332_post0,tau_Zero_Flow_Days_sum
7,450,12,rsq,standard,0.14403404407513667,5,0.045385831343570944,pre0_mod332_post0,tau_Zero_Flow_Days_sum
7,450,15,mae,standard,0.1157745095128158,5,0.005410685882962724,pre0_mod333_post0,tau_Zero_Flow_Days_sum
7,450,15,rmse,standard,0.15472761807574625,5,0.006381630796531121,pre0_mod333_post0,tau_Zero_Flow_Days_sum
7,450,15,rsq,standard,0.14833072522657875,5,0.04832444497407558,pre0_mod333_post0,tau_Zero_Flow_Days_sum
7,450,18,mae,standard,0.11685445840871761,5,0.005032020217783742,pre0_mod334_post0,tau_Zero_Flow_Days_sum
7,450,18,rmse,standard,0.1556287954639315,5,0.006571520892837844,pre0_mod334_post0,tau_Zero_Flow_Days_sum
7,450,18,rsq,standard,0.13678166087458488,5,0.0415028163331601,pre0_mod334_post0,tau_Zero_Flow_Days_sum
7,450,21,mae,standard,0.11603550781242505,5,0.005039133879529032,pre0_mod335_post0,tau_Zero_Flow_Days_sum
7,450,21,rmse,standard,0.15523487136130695,5,0.006174228693795976,pre0_mod335_post0,tau_Zero_Flow_Days_sum
7,450,21,rsq,standard,0.1391165900597128,5,0.04297972642641681,pre0_mod335_post0,tau_Zero_Flow_Days_sum
7,450,25,mae,standard,0.11648865321813794,5,0.00506048489121878,pre0_mod336_post0,tau_Zero_Flow_Days_sum
7,450,25,rmse,standard,0.15521511624064854,5,0.006508380293909668,pre0_mod336_post0,tau_Zero_Flow_Days_sum
7,450,25,rsq,standard,0.14243530157262407,5,0.046421848949832326,pre0_mod336_post0,tau_Zero_Flow_Days_sum
7,650,3,mae,standard,0.11720412414217435,5,0.005017872121722215,pre0_mod337_post0,tau_Zero_Flow_Days_sum
7,650,3,rmse,standard,0.15626160456373928,5,0.006147185132353429,pre0_mod337_post0,tau_Zero_Flow_Days_sum
7,650,3,rsq,standard,0.13212142049551157,5,0.04033471139244584,pre0_mod337_post0,tau_Zero_Flow_Days_sum
7,650,6,mae,standard,0.11710370215665723,5,0.0052726710863487325,pre0_mod338_post0,tau_Zero_Flow_Days_sum
7,650,6,rmse,standard,0.15643665455698982,5,0.006185222658285727,pre0_mod338_post0,tau_Zero_Flow_Days_sum
7,650,6,rsq,standard,0.1288010143015594,5,0.03949735406571077,pre0_mod338_post0,tau_Zero_Flow_Days_sum
7,650,9,mae,standard,0.11670436407444516,5,0.005004462736394678,pre0_mod339_post0,tau_Zero_Flow_Days_sum
7,650,9,rmse,standard,0.1561728363784585,5,0.005913893535142328,pre0_mod339_post0,tau_Zero_Flow_Days_sum
7,650,9,rsq,standard,0.13167089433736856,5,0.04382541064169281,pre0_mod339_post0,tau_Zero_Flow_Days_sum
7,650,12,mae,standard,0.11650069043031884,5,0.005150880203195294,pre0_mod340_post0,tau_Zero_Flow_Days_sum
7,650,12,rmse,standard,0.1556627674940635,5,0.00615738439902142,pre0_mod340_post0,tau_Zero_Flow_Days_sum
7,650,12,rsq,standard,0.13668403103914,5,0.04357188888747488,pre0_mod340_post0,tau_Zero_Flow_Days_sum
7,650,15,mae,standard,0.11617613217805518,5,0.005424059022709655,pre0_mod341_post0,tau_Zero_Flow_Days_sum
7,650,15,rmse,standard,0.15543654759957845,5,0.006635970552061891,pre0_mod341_post0,tau_Zero_Flow_Days_sum
7,650,15,rsq,standard,0.13827806353318614,5,0.040938267623914955,pre0_mod341_post0,tau_Zero_Flow_Days_sum
7,650,18,mae,standard,0.11647300198342816,5,0.005394430508441103,pre0_mod342_post0,tau_Zero_Flow_Days_sum
7,650,18,rmse,standard,0.1558080746747255,5,0.006775307798660032,pre0_mod342_post0,tau_Zero_Flow_Days_sum
7,650,18,rsq,standard,0.13817624097543693,5,0.04753395707875295,pre0_mod342_post0,tau_Zero_Flow_Days_sum
7,650,21,mae,standard,0.11544798821495135,5,0.005342140397424892,pre0_mod343_post0,tau_Zero_Flow_Days_sum
7,650,21,rmse,standard,0.1547656958398594,5,0.006672719706295938,pre0_mod343_post0,tau_Zero_Flow_Days_sum
7,650,21,rsq,standard,0.14771355573016348,5,0.045447259593733406,pre0_mod343_post0,tau_Zero_Flow_Days_sum
7,650,25,mae,standard,0.11588412451086569,5,0.005459239988207544,pre0_mod344_post0,tau_Zero_Flow_Days_sum
7,650,25,rmse,standard,0.15541165112715707,5,0.007040742149703827,pre0_mod344_post0,tau_Zero_Flow_Days_sum
7,650,25,rsq,standard,0.1406771524229653,5,0.04616932218421693,pre0_mod344_post0,tau_Zero_Flow_Days_sum
7,850,3,mae,standard,0.11709490280872727,5,0.005201250920136567,pre0_mod345_post0,tau_Zero_Flow_Days_sum
7,850,3,rmse,standard,0.15603681795806917,5,0.005883825033544817,pre0_mod345_post0,tau_Zero_Flow_Days_sum
7,850,3,rsq,standard,0.13312885337196068,5,0.04403685026738273,pre0_mod345_post0,tau_Zero_Flow_Days_sum
7,850,6,mae,standard,0.11675180093566673,5,0.004876079225544498,pre0_mod346_post0,tau_Zero_Flow_Days_sum
7,850,6,rmse,standard,0.15582958320446377,5,0.005620514030360952,pre0_mod346_post0,tau_Zero_Flow_Days_sum
7,850,6,rsq,standard,0.13300374624574263,5,0.04241158326343069,pre0_mod346_post0,tau_Zero_Flow_Days_sum
7,850,9,mae,standard,0.11627366181004467,5,0.00504681831446712,pre0_mod347_post0,tau_Zero_Flow_Days_sum
7,850,9,rmse,standard,0.15584644632256792,5,0.005959571733124492,pre0_mod347_post0,tau_Zero_Flow_Days_sum
7,850,9,rsq,standard,0.1355220794827198,5,0.04354537440528265,pre0_mod347_post0,tau_Zero_Flow_Days_sum
7,850,12,mae,standard,0.11619781005378253,5,0.005156976921158431,pre0_mod348_post0,tau_Zero_Flow_Days_sum
7,850,12,rmse,standard,0.15555462329936964,5,0.006309399336335264,pre0_mod348_post0,tau_Zero_Flow_Days_sum
7,850,12,rsq,standard,0.13793170640440872,5,0.043950467407330655,pre0_mod348_post0,tau_Zero_Flow_Days_sum
7,850,15,mae,standard,0.11575233086009065,5,0.005184954577032105,pre0_mod349_post0,tau_Zero_Flow_Days_sum
7,850,15,rmse,standard,0.15496019310766876,5,0.006432421148865875,pre0_mod349_post0,tau_Zero_Flow_Days_sum
7,850,15,rsq,standard,0.14563603038213227,5,0.044504156124214565,pre0_mod349_post0,tau_Zero_Flow_Days_sum
7,850,18,mae,standard,0.11598485470570737,5,0.005099993159612331,pre0_mod350_post0,tau_Zero_Flow_Days_sum
7,850,18,rmse,standard,0.1556313013897356,5,0.0066162083778442135,pre0_mod350_post0,tau_Zero_Flow_Days_sum
7,850,18,rsq,standard,0.13538709356892625,5,0.041709691266671844,pre0_mod350_post0,tau_Zero_Flow_Days_sum
7,850,21,mae,standard,0.11599670658778588,5,0.004960944013611262,pre0_mod351_post0,tau_Zero_Flow_Days_sum
7,850,21,rmse,standard,0.15533197371601076,5,0.006311701953294426,pre0_mod351_post0,tau_Zero_Flow_Days_sum
7,850,21,rsq,standard,0.14041048496077663,5,0.0455554102305143,pre0_mod351_post0,tau_Zero_Flow_Days_sum
7,850,25,mae,standard,0.11550209916552984,5,0.005306006705894822,pre0_mod352_post0,tau_Zero_Flow_Days_sum
7,850,25,rmse,standard,0.1548862260145191,5,0.006655290284597263,pre0_mod352_post0,tau_Zero_Flow_Days_sum
7,850,25,rsq,standard,0.14719102971295,5,0.04713700088896992,pre0_mod352_post0,tau_Zero_Flow_Days_sum
7,1050,3,mae,standard,0.1169563587686445,5,0.005097953818697222,pre0_mod353_post0,tau_Zero_Flow_Days_sum
7,1050,3,rmse,standard,0.15605330049867178,5,0.005673123611291784,pre0_mod353_post0,tau_Zero_Flow_Days_sum
7,1050,3,rsq,standard,0.13192368798071777,5,0.04054798268664917,pre0_mod353_post0,tau_Zero_Flow_Days_sum
7,1050,6,mae,standard,0.11683669810544538,5,0.005081163277335702,pre0_mod354_post0,tau_Zero_Flow_Days_sum
7,1050,6,rmse,standard,0.15623418529831706,5,0.0060811573852345415,pre0_mod354_post0,tau_Zero_Flow_Days_sum
7,1050,6,rsq,standard,0.13151884404746353,5,0.040988235173159714,pre0_mod354_post0,tau_Zero_Flow_Days_sum
7,1050,9,mae,standard,0.1168233140418036,5,0.004880512931791003,pre0_mod355_post0,tau_Zero_Flow_Days_sum
7,1050,9,rmse,standard,0.15646131025036014,5,0.0059586214097640845,pre0_mod355_post0,tau_Zero_Flow_Days_sum
7,1050,9,rsq,standard,0.1285522673525482,5,0.04209633693311403,pre0_mod355_post0,tau_Zero_Flow_Days_sum
7,1050,12,mae,standard,0.116451284421388,5,0.004995879760523489,pre0_mod356_post0,tau_Zero_Flow_Days_sum
7,1050,12,rmse,standard,0.1560425986709718,5,0.00606312789923204,pre0_mod356_post0,tau_Zero_Flow_Days_sum
7,1050,12,rsq,standard,0.13209829425034986,5,0.041228669301545284,pre0_mod356_post0,tau_Zero_Flow_Days_sum
7,1050,15,mae,standard,0.11537890810390374,5,0.004994911319742808,pre0_mod357_post0,tau_Zero_Flow_Days_sum
7,1050,15,rmse,standard,0.1545296535899611,5,0.006248176131068292,pre0_mod357_post0,tau_Zero_Flow_Days_sum
7,1050,15,rsq,standard,0.14689183622868154,5,0.041632724132485865,pre0_mod357_post0,tau_Zero_Flow_Days_sum
7,1050,18,mae,standard,0.11609791176721529,5,0.005073493518902068,pre0_mod358_post0,tau_Zero_Flow_Days_sum
7,1050,18,rmse,standard,0.1555923311218168,5,0.006463180778611435,pre0_mod358_post0,tau_Zero_Flow_Days_sum
7,1050,18,rsq,standard,0.13729703172714042,5,0.045012710683191556,pre0_mod358_post0,tau_Zero_Flow_Days_sum
7,1050,21,mae,standard,0.11648944954710864,5,0.005329751950820494,pre0_mod359_post0,tau_Zero_Flow_Days_sum
7,1050,21,rmse,standard,0.15556692356597338,5,0.0067654799588416975,pre0_mod359_post0,tau_Zero_Flow_Days_sum
7,1050,21,rsq,standard,0.13901251910184112,5,0.046913205524651655,pre0_mod359_post0,tau_Zero_Flow_Days_sum
7,1050,25,mae,standard,0.1161953130584708,5,0.005337545341938117,pre0_mod360_post0,tau_Zero_Flow_Days_sum
7,1050,25,rmse,standard,0.1555610789115249,5,0.006840016696731416,pre0_mod360_post0,tau_Zero_Flow_Days_sum
7,1050,25,rsq,standard,0.13905875639239249,5,0.047057775738977244,pre0_mod360_post0,tau_Zero_Flow_Days_sum
7,1250,3,mae,standard,0.11727580629680627,5,0.005145651873303809,pre0_mod361_post0,tau_Zero_Flow_Days_sum
7,1250,3,rmse,standard,0.15644931677813562,5,0.006033927693832827,pre0_mod361_post0,tau_Zero_Flow_Days_sum
7,1250,3,rsq,standard,0.12960633818668787,5,0.04383046958812842,pre0_mod361_post0,tau_Zero_Flow_Days_sum
7,1250,6,mae,standard,0.11668168429847037,5,0.005229450798069261,pre0_mod362_post0,tau_Zero_Flow_Days_sum
7,1250,6,rmse,standard,0.1559244118305667,5,0.006016980898521888,pre0_mod362_post0,tau_Zero_Flow_Days_sum
7,1250,6,rsq,standard,0.135110742067518,5,0.045521339153463736,pre0_mod362_post0,tau_Zero_Flow_Days_sum
7,1250,9,mae,standard,0.11678672814929009,5,0.005057821967655172,pre0_mod363_post0,tau_Zero_Flow_Days_sum
7,1250,9,rmse,standard,0.15602627578855285,5,0.005910697168785199,pre0_mod363_post0,tau_Zero_Flow_Days_sum
7,1250,9,rsq,standard,0.13181250430153413,5,0.04228629549484605,pre0_mod363_post0,tau_Zero_Flow_Days_sum
7,1250,12,mae,standard,0.11603270120477661,5,0.005133327440233878,pre0_mod364_post0,tau_Zero_Flow_Days_sum
7,1250,12,rmse,standard,0.1551112556518595,5,0.006197171055557506,pre0_mod364_post0,tau_Zero_Flow_Days_sum
7,1250,12,rsq,standard,0.14241519323139692,5,0.04492389086213021,pre0_mod364_post0,tau_Zero_Flow_Days_sum
7,1250,15,mae,standard,0.11616875998466951,5,0.005312383584916705,pre0_mod365_post0,tau_Zero_Flow_Days_sum
7,1250,15,rmse,standard,0.15575163163543115,5,0.006609862483249644,pre0_mod365_post0,tau_Zero_Flow_Days_sum
7,1250,15,rsq,standard,0.13618893547822827,5,0.04191930343390764,pre0_mod365_post0,tau_Zero_Flow_Days_sum
7,1250,18,mae,standard,0.11608492920394103,5,0.004946173190897487,pre0_mod366_post0,tau_Zero_Flow_Days_sum
7,1250,18,rmse,standard,0.1552420531578734,5,0.006133050251809915,pre0_mod366_post0,tau_Zero_Flow_Days_sum
7,1250,18,rsq,standard,0.1403735053843006,5,0.043270433194148764,pre0_mod366_post0,tau_Zero_Flow_Days_sum
7,1250,21,mae,standard,0.11629942330196466,5,0.0052305559248688425,pre0_mod367_post0,tau_Zero_Flow_Days_sum
7,1250,21,rmse,standard,0.15561987362935636,5,0.00661794439720872,pre0_mod367_post0,tau_Zero_Flow_Days_sum
7,1250,21,rsq,standard,0.13847627435777995,5,0.04468673464309963,pre0_mod367_post0,tau_Zero_Flow_Days_sum
7,1250,25,mae,standard,0.11595646865630879,5,0.005169238434302476,pre0_mod368_post0,tau_Zero_Flow_Days_sum
7,1250,25,rmse,standard,0.15536098648125402,5,0.006682495313998441,pre0_mod368_post0,tau_Zero_Flow_Days_sum
7,1250,25,rsq,standard,0.14114916516833745,5,0.045986428717034525,pre0_mod368_post0,tau_Zero_Flow_Days_sum
7,1450,3,mae,standard,0.11674617464394477,5,0.004731009192792305,pre0_mod369_post0,tau_Zero_Flow_Days_sum
7,1450,3,rmse,standard,0.1562427244359298,5,0.005675119006245141,pre0_mod369_post0,tau_Zero_Flow_Days_sum
7,1450,3,rsq,standard,0.13110301762598592,5,0.04056197928825153,pre0_mod369_post0,tau_Zero_Flow_Days_sum
7,1450,6,mae,standard,0.11736251391871065,5,0.004938146206187358,pre0_mod370_post0,tau_Zero_Flow_Days_sum
7,1450,6,rmse,standard,0.15649383605313863,5,0.006032581574890332,pre0_mod370_post0,tau_Zero_Flow_Days_sum
7,1450,6,rsq,standard,0.12826448063117102,5,0.04183050471985791,pre0_mod370_post0,tau_Zero_Flow_Days_sum
7,1450,9,mae,standard,0.1170217644287252,5,0.0053365520202664045,pre0_mod371_post0,tau_Zero_Flow_Days_sum
7,1450,9,rmse,standard,0.1562210346136887,5,0.006271341158566513,pre0_mod371_post0,tau_Zero_Flow_Days_sum
7,1450,9,rsq,standard,0.13182061550637209,5,0.044456677237288515,pre0_mod371_post0,tau_Zero_Flow_Days_sum
7,1450,12,mae,standard,0.11657099621007354,5,0.0052059456986805015,pre0_mod372_post0,tau_Zero_Flow_Days_sum
7,1450,12,rmse,standard,0.15577914714398394,5,0.0063769108261514185,pre0_mod372_post0,tau_Zero_Flow_Days_sum
7,1450,12,rsq,standard,0.13759307775977955,5,0.04636594964082836,pre0_mod372_post0,tau_Zero_Flow_Days_sum
7,1450,15,mae,standard,0.11602576379350284,5,0.005013265746546147,pre0_mod373_post0,tau_Zero_Flow_Days_sum
7,1450,15,rmse,standard,0.155274096445776,5,0.006232417846867905,pre0_mod373_post0,tau_Zero_Flow_Days_sum
7,1450,15,rsq,standard,0.13935383045198535,5,0.04286520729647075,pre0_mod373_post0,tau_Zero_Flow_Days_sum
7,1450,18,mae,standard,0.11638530359054433,5,0.004975240641509404,pre0_mod374_post0,tau_Zero_Flow_Days_sum
7,1450,18,rmse,standard,0.15539056830005682,5,0.006451446083131874,pre0_mod374_post0,tau_Zero_Flow_Days_sum
7,1450,18,rsq,standard,0.1400204297125799,5,0.04408769420607423,pre0_mod374_post0,tau_Zero_Flow_Days_sum
7,1450,21,mae,standard,0.11576832029996259,5,0.005063037439530657,pre0_mod375_post0,tau_Zero_Flow_Days_sum
7,1450,21,rmse,standard,0.15535631761503352,5,0.006488709720665551,pre0_mod375_post0,tau_Zero_Flow_Days_sum
7,1450,21,rsq,standard,0.13882027827882787,5,0.04428525274151815,pre0_mod375_post0,tau_Zero_Flow_Days_sum
7,1450,25,mae,standard,0.11613786386006646,5,0.005302440331793609,pre0_mod376_post0,tau_Zero_Flow_Days_sum
7,1450,25,rmse,standard,0.15541248178367842,5,0.006751397677748578,pre0_mod376_post0,tau_Zero_Flow_Days_sum
7,1450,25,rsq,standard,0.13987272797385406,5,0.0456002025354524,pre0_mod376_post0,tau_Zero_Flow_Days_sum
7,1650,3,mae,standard,0.11699684411791081,5,0.005326671310622212,pre0_mod377_post0,tau_Zero_Flow_Days_sum
7,1650,3,rmse,standard,0.1560365681907738,5,0.006069664144281108,pre0_mod377_post0,tau_Zero_Flow_Days_sum
7,1650,3,rsq,standard,0.13319800706517623,5,0.043553214290383564,pre0_mod377_post0,tau_Zero_Flow_Days_sum
7,1650,6,mae,standard,0.11707317065025644,5,0.00513182020823886,pre0_mod378_post0,tau_Zero_Flow_Days_sum
7,1650,6,rmse,standard,0.156142466264011,5,0.005838667299480386,pre0_mod378_post0,tau_Zero_Flow_Days_sum
7,1650,6,rsq,standard,0.13275098056206824,5,0.043995577278413245,pre0_mod378_post0,tau_Zero_Flow_Days_sum
7,1650,9,mae,standard,0.11667927926250199,5,0.0051537410773171985,pre0_mod379_post0,tau_Zero_Flow_Days_sum
7,1650,9,rmse,standard,0.15600161086750453,5,0.005959172713419259,pre0_mod379_post0,tau_Zero_Flow_Days_sum
7,1650,9,rsq,standard,0.13187054266546988,5,0.04244514816123814,pre0_mod379_post0,tau_Zero_Flow_Days_sum
7,1650,12,mae,standard,0.11665718643012561,5,0.005208072535179709,pre0_mod380_post0,tau_Zero_Flow_Days_sum
7,1650,12,rmse,standard,0.15578932982409935,5,0.006439955432349567,pre0_mod380_post0,tau_Zero_Flow_Days_sum
7,1650,12,rsq,standard,0.1353082305843843,5,0.04268780606259028,pre0_mod380_post0,tau_Zero_Flow_Days_sum
7,1650,15,mae,standard,0.1159601203864353,5,0.005035050926333086,pre0_mod381_post0,tau_Zero_Flow_Days_sum
7,1650,15,rmse,standard,0.1553771587759794,5,0.0062554652295358695,pre0_mod381_post0,tau_Zero_Flow_Days_sum
7,1650,15,rsq,standard,0.13875456461161445,5,0.04303986821097837,pre0_mod381_post0,tau_Zero_Flow_Days_sum
7,1650,18,mae,standard,0.11571596325095646,5,0.005321455543741885,pre0_mod382_post0,tau_Zero_Flow_Days_sum
7,1650,18,rmse,standard,0.15477598278411453,5,0.006508018310380032,pre0_mod382_post0,tau_Zero_Flow_Days_sum
7,1650,18,rsq,standard,0.14709116965032837,5,0.04670446435370538,pre0_mod382_post0,tau_Zero_Flow_Days_sum
7,1650,21,mae,standard,0.11599726924768776,5,0.004864065449674028,pre0_mod383_post0,tau_Zero_Flow_Days_sum
7,1650,21,rmse,standard,0.15529347703555013,5,0.00629167757136807,pre0_mod383_post0,tau_Zero_Flow_Days_sum
7,1650,21,rsq,standard,0.139489666071151,5,0.04184605313915304,pre0_mod383_post0,tau_Zero_Flow_Days_sum
7,1650,25,mae,standard,0.1161051232169978,5,0.005222080814889515,pre0_mod384_post0,tau_Zero_Flow_Days_sum
7,1650,25,rmse,standard,0.15527636950162033,5,0.006579757956378613,pre0_mod384_post0,tau_Zero_Flow_Days_sum
7,1650,25,rsq,standard,0.1416269095871875,5,0.04666109202689851,pre0_mod384_post0,tau_Zero_Flow_Days_sum
8,250,3,mae,standard,0.11729090204202064,5,0.005456367358405187,pre0_mod385_post0,tau_Zero_Flow_Days_sum
8,250,3,rmse,standard,0.1566113823503877,5,0.00619278965812528,pre0_mod385_post0,tau_Zero_Flow_Days_sum
8,250,3,rsq,standard,0.12846279646607947,5,0.041521535254476154,pre0_mod385_post0,tau_Zero_Flow_Days_sum
8,250,6,mae,standard,0.11658886171632746,5,0.005019766414116979,pre0_mod386_post0,tau_Zero_Flow_Days_sum
8,250,6,rmse,standard,0.15604844419346672,5,0.006216716715902918,pre0_mod386_post0,tau_Zero_Flow_Days_sum
8,250,6,rsq,standard,0.1324059081825087,5,0.03849108980457825,pre0_mod386_post0,tau_Zero_Flow_Days_sum
8,250,9,mae,standard,0.11765977189663532,5,0.005054225861501925,pre0_mod387_post0,tau_Zero_Flow_Days_sum
8,250,9,rmse,standard,0.1565630181781359,5,0.005879747250514008,pre0_mod387_post0,tau_Zero_Flow_Days_sum
8,250,9,rsq,standard,0.1260839864491735,5,0.038620238110119574,pre0_mod387_post0,tau_Zero_Flow_Days_sum
8,250,12,mae,standard,0.11600286681043143,5,0.005430349103679506,pre0_mod388_post0,tau_Zero_Flow_Days_sum
8,250,12,rmse,standard,0.15567654093741545,5,0.005659950841976191,pre0_mod388_post0,tau_Zero_Flow_Days_sum
8,250,12,rsq,standard,0.1352933076991984,5,0.04271888135196893,pre0_mod388_post0,tau_Zero_Flow_Days_sum
8,250,15,mae,standard,0.11683905048948773,5,0.005213880385772957,pre0_mod389_post0,tau_Zero_Flow_Days_sum
8,250,15,rmse,standard,0.15712606225176895,5,0.006270238250550641,pre0_mod389_post0,tau_Zero_Flow_Days_sum
8,250,15,rsq,standard,0.12449238147815504,5,0.04464591646742854,pre0_mod389_post0,tau_Zero_Flow_Days_sum
8,250,18,mae,standard,0.11623986488244775,5,0.00507509391120559,pre0_mod390_post0,tau_Zero_Flow_Days_sum
8,250,18,rmse,standard,0.1551718052504094,5,0.006476873214195212,pre0_mod390_post0,tau_Zero_Flow_Days_sum
8,250,18,rsq,standard,0.14120301414251674,5,0.039853713902561316,pre0_mod390_post0,tau_Zero_Flow_Days_sum
8,250,21,mae,standard,0.11608947344557315,5,0.005327839674226057,pre0_mod391_post0,tau_Zero_Flow_Days_sum
8,250,21,rmse,standard,0.1547373498803227,5,0.006478293679794571,pre0_mod391_post0,tau_Zero_Flow_Days_sum
8,250,21,rsq,standard,0.14902328721566505,5,0.04821743061656951,pre0_mod391_post0,tau_Zero_Flow_Days_sum
8,250,25,mae,standard,0.11593560655312163,5,0.005004202885778032,pre0_mod392_post0,tau_Zero_Flow_Days_sum
8,250,25,rmse,standard,0.15494787356954956,5,0.0066083834878611835,pre0_mod392_post0,tau_Zero_Flow_Days_sum
8,250,25,rsq,standard,0.14759651907185084,5,0.047334314056945534,pre0_mod392_post0,tau_Zero_Flow_Days_sum
8,450,3,mae,standard,0.11745552512390572,5,0.005261313821858787,pre0_mod393_post0,tau_Zero_Flow_Days_sum
8,450,3,rmse,standard,0.1571230352555126,5,0.005862050663598431,pre0_mod393_post0,tau_Zero_Flow_Days_sum
8,450,3,rsq,standard,0.12756170947233994,5,0.04494654373338885,pre0_mod393_post0,tau_Zero_Flow_Days_sum
8,450,6,mae,standard,0.11750750847718003,5,0.005109958226689547,pre0_mod394_post0,tau_Zero_Flow_Days_sum
8,450,6,rmse,standard,0.15662535806048358,5,0.006112924278737735,pre0_mod394_post0,tau_Zero_Flow_Days_sum
8,450,6,rsq,standard,0.12762635650019552,5,0.039858046276520294,pre0_mod394_post0,tau_Zero_Flow_Days_sum
8,450,9,mae,standard,0.11668052593794667,5,0.0048232272922954554,pre0_mod395_post0,tau_Zero_Flow_Days_sum
8,450,9,rmse,standard,0.15535083874359562,5,0.005989946833883202,pre0_mod395_post0,tau_Zero_Flow_Days_sum
8,450,9,rsq,standard,0.14026842221356828,5,0.04160743303224998,pre0_mod395_post0,tau_Zero_Flow_Days_sum
8,450,12,mae,standard,0.11692651641327649,5,0.005374532379935906,pre0_mod396_post0,tau_Zero_Flow_Days_sum
8,450,12,rmse,standard,0.15559283166598792,5,0.00646001841910701,pre0_mod396_post0,tau_Zero_Flow_Days_sum
8,450,12,rsq,standard,0.13836986459239672,5,0.0437693942425189,pre0_mod396_post0,tau_Zero_Flow_Days_sum
8,450,15,mae,standard,0.1167113660798284,5,0.005378842038785238,pre0_mod397_post0,tau_Zero_Flow_Days_sum
8,450,15,rmse,standard,0.15620069570027187,5,0.006300068485272822,pre0_mod397_post0,tau_Zero_Flow_Days_sum
8,450,15,rsq,standard,0.13339039758324803,5,0.04580344541547981,pre0_mod397_post0,tau_Zero_Flow_Days_sum
8,450,18,mae,standard,0.11686947296511076,5,0.005259605245458439,pre0_mod398_post0,tau_Zero_Flow_Days_sum
8,450,18,rmse,standard,0.1556438732063229,5,0.006753432184637903,pre0_mod398_post0,tau_Zero_Flow_Days_sum
8,450,18,rsq,standard,0.1373066048729782,5,0.045419978372403164,pre0_mod398_post0,tau_Zero_Flow_Days_sum
8,450,21,mae,standard,0.11700000048135677,5,0.005529430095060808,pre0_mod399_post0,tau_Zero_Flow_Days_sum
8,450,21,rmse,standard,0.1562139407614532,5,0.006667377505531669,pre0_mod399_post0,tau_Zero_Flow_Days_sum
8,450,21,rsq,standard,0.13292217345040597,5,0.044288589685979006,pre0_mod399_post0,tau_Zero_Flow_Days_sum
8,450,25,mae,standard,0.11633900201986172,5,0.005091921772312454,pre0_mod400_post0,tau_Zero_Flow_Days_sum
8,450,25,rmse,standard,0.15532167573900107,5,0.006458470233106478,pre0_mod400_post0,tau_Zero_Flow_Days_sum
8,450,25,rsq,standard,0.14164079024747414,5,0.04422828301500954,pre0_mod400_post0,tau_Zero_Flow_Days_sum
8,650,3,mae,standard,0.11747763904917516,5,0.00483258459834545,pre0_mod401_post0,tau_Zero_Flow_Days_sum
8,650,3,rmse,standard,0.15645692997064864,5,0.005979548465350941,pre0_mod401_post0,tau_Zero_Flow_Days_sum
8,650,3,rsq,standard,0.1304155473641692,5,0.04050372546545064,pre0_mod401_post0,tau_Zero_Flow_Days_sum
8,650,6,mae,standard,0.11727117512155413,5,0.004905039690046503,pre0_mod402_post0,tau_Zero_Flow_Days_sum
8,650,6,rmse,standard,0.15631940079453482,5,0.0054527136568483636,pre0_mod402_post0,tau_Zero_Flow_Days_sum
8,650,6,rsq,standard,0.13060513755827532,5,0.041044565709964086,pre0_mod402_post0,tau_Zero_Flow_Days_sum
8,650,9,mae,standard,0.11778134062870271,5,0.005120912540249599,pre0_mod403_post0,tau_Zero_Flow_Days_sum
8,650,9,rmse,standard,0.15685300002597244,5,0.0059462806226106245,pre0_mod403_post0,tau_Zero_Flow_Days_sum
8,650,9,rsq,standard,0.123119632510327,5,0.03980954721833069,pre0_mod403_post0,tau_Zero_Flow_Days_sum
8,650,12,mae,standard,0.11681988260281698,5,0.005171752440297161,pre0_mod404_post0,tau_Zero_Flow_Days_sum
8,650,12,rmse,standard,0.15607846245045795,5,0.006011391741163865,pre0_mod404_post0,tau_Zero_Flow_Days_sum
8,650,12,rsq,standard,0.13241204352085856,5,0.04185596793192636,pre0_mod404_post0,tau_Zero_Flow_Days_sum
8,650,15,mae,standard,0.11589530096655092,5,0.005074672238090496,pre0_mod405_post0,tau_Zero_Flow_Days_sum
8,650,15,rmse,standard,0.15541632979952757,5,0.006105152380867737,pre0_mod405_post0,tau_Zero_Flow_Days_sum
8,650,15,rsq,standard,0.13963258386308977,5,0.04219931928650252,pre0_mod405_post0,tau_Zero_Flow_Days_sum
8,650,18,mae,standard,0.11637115446220875,5,0.004942654628655373,pre0_mod406_post0,tau_Zero_Flow_Days_sum
8,650,18,rmse,standard,0.1555577704247665,5,0.00646275958641774,pre0_mod406_post0,tau_Zero_Flow_Days_sum
8,650,18,rsq,standard,0.13812215805461817,5,0.044039907379274795,pre0_mod406_post0,tau_Zero_Flow_Days_sum
8,650,21,mae,standard,0.11658104671668273,5,0.00545801882137934,pre0_mod407_post0,tau_Zero_Flow_Days_sum
8,650,21,rmse,standard,0.15603001227094568,5,0.006605606782968003,pre0_mod407_post0,tau_Zero_Flow_Days_sum
8,650,21,rsq,standard,0.13651991805109992,5,0.04545120732034403,pre0_mod407_post0,tau_Zero_Flow_Days_sum
8,650,25,mae,standard,0.11595467080934611,5,0.0051810260126806925,pre0_mod408_post0,tau_Zero_Flow_Days_sum
8,650,25,rmse,standard,0.1555035734170954,5,0.006654433587456331,pre0_mod408_post0,tau_Zero_Flow_Days_sum
8,650,25,rsq,standard,0.13925458938200896,5,0.043961846959903086,pre0_mod408_post0,tau_Zero_Flow_Days_sum
8,850,3,mae,standard,0.11708540592371466,5,0.005180279887865029,pre0_mod409_post0,tau_Zero_Flow_Days_sum
8,850,3,rmse,standard,0.15600162804433487,5,0.00553615765682589,pre0_mod409_post0,tau_Zero_Flow_Days_sum
8,850,3,rsq,standard,0.13398236030693603,5,0.04211794794253864,pre0_mod409_post0,tau_Zero_Flow_Days_sum
8,850,6,mae,standard,0.11721979381321494,5,0.005047659826451332,pre0_mod410_post0,tau_Zero_Flow_Days_sum
8,850,6,rmse,standard,0.15622727977662146,5,0.006125684625370133,pre0_mod410_post0,tau_Zero_Flow_Days_sum
8,850,6,rsq,standard,0.13069903378394326,5,0.040861882905955084,pre0_mod410_post0,tau_Zero_Flow_Days_sum
8,850,9,mae,standard,0.11653992184852788,5,0.004991015668031774,pre0_mod411_post0,tau_Zero_Flow_Days_sum
8,850,9,rmse,standard,0.15597206123121643,5,0.005880277143985622,pre0_mod411_post0,tau_Zero_Flow_Days_sum
8,850,9,rsq,standard,0.13332751712491808,5,0.04032179990366801,pre0_mod411_post0,tau_Zero_Flow_Days_sum
8,850,12,mae,standard,0.1159788169565913,5,0.005235273679728945,pre0_mod412_post0,tau_Zero_Flow_Days_sum
8,850,12,rmse,standard,0.15531556775060595,5,0.006098976663226738,pre0_mod412_post0,tau_Zero_Flow_Days_sum
8,850,12,rsq,standard,0.1392618972274208,5,0.04226188294067642,pre0_mod412_post0,tau_Zero_Flow_Days_sum
8,850,15,mae,standard,0.11592494622388776,5,0.004859158417187784,pre0_mod413_post0,tau_Zero_Flow_Days_sum
8,850,15,rmse,standard,0.15499610506361663,5,0.0060433906630332854,pre0_mod413_post0,tau_Zero_Flow_Days_sum
8,850,15,rsq,standard,0.1409496406240659,5,0.0420748785489123,pre0_mod413_post0,tau_Zero_Flow_Days_sum
8,850,18,mae,standard,0.11665195577433794,5,0.00516306915641693,pre0_mod414_post0,tau_Zero_Flow_Days_sum
8,850,18,rmse,standard,0.15584001395580607,5,0.006356504847317127,pre0_mod414_post0,tau_Zero_Flow_Days_sum
8,850,18,rsq,standard,0.13610484458957192,5,0.042834262978545035,pre0_mod414_post0,tau_Zero_Flow_Days_sum
8,850,21,mae,standard,0.11626238505502842,5,0.004865906563528889,pre0_mod415_post0,tau_Zero_Flow_Days_sum
8,850,21,rmse,standard,0.15566160364295042,5,0.006380991066114391,pre0_mod415_post0,tau_Zero_Flow_Days_sum
8,850,21,rsq,standard,0.137241293214811,5,0.04269776339215134,pre0_mod415_post0,tau_Zero_Flow_Days_sum
8,850,25,mae,standard,0.11635015224782504,5,0.005311573443165813,pre0_mod416_post0,tau_Zero_Flow_Days_sum
8,850,25,rmse,standard,0.15583393489442493,5,0.0065689375990026205,pre0_mod416_post0,tau_Zero_Flow_Days_sum
8,850,25,rsq,standard,0.13476318326939749,5,0.04451562896280966,pre0_mod416_post0,tau_Zero_Flow_Days_sum
8,1050,3,mae,standard,0.11705338813989044,5,0.005036188855036732,pre0_mod417_post0,tau_Zero_Flow_Days_sum
8,1050,3,rmse,standard,0.15575790417150281,5,0.005809471727186928,pre0_mod417_post0,tau_Zero_Flow_Days_sum
8,1050,3,rsq,standard,0.13544585155055136,5,0.04124750133257578,pre0_mod417_post0,tau_Zero_Flow_Days_sum
8,1050,6,mae,standard,0.11673424555846129,5,0.00506382584691969,pre0_mod418_post0,tau_Zero_Flow_Days_sum
8,1050,6,rmse,standard,0.15578744282492743,5,0.005822487148926218,pre0_mod418_post0,tau_Zero_Flow_Days_sum
8,1050,6,rsq,standard,0.13447924323161636,5,0.040750113647188786,pre0_mod418_post0,tau_Zero_Flow_Days_sum
8,1050,9,mae,standard,0.11704481531592886,5,0.004823790708676463,pre0_mod419_post0,tau_Zero_Flow_Days_sum
8,1050,9,rmse,standard,0.1563868776065929,5,0.005750005872957093,pre0_mod419_post0,tau_Zero_Flow_Days_sum
8,1050,9,rsq,standard,0.12764490948061485,5,0.03928914786760426,pre0_mod419_post0,tau_Zero_Flow_Days_sum
8,1050,12,mae,standard,0.11621736949017848,5,0.0051693253295451574,pre0_mod420_post0,tau_Zero_Flow_Days_sum
8,1050,12,rmse,standard,0.1555922033713847,5,0.00622437997216139,pre0_mod420_post0,tau_Zero_Flow_Days_sum
8,1050,12,rsq,standard,0.1380463326775262,5,0.042170113356091686,pre0_mod420_post0,tau_Zero_Flow_Days_sum
8,1050,15,mae,standard,0.11626585889494397,5,0.005143034155461568,pre0_mod421_post0,tau_Zero_Flow_Days_sum
8,1050,15,rmse,standard,0.15571890306243044,5,0.006106911108542377,pre0_mod421_post0,tau_Zero_Flow_Days_sum
8,1050,15,rsq,standard,0.13671003528032183,5,0.04443075397396097,pre0_mod421_post0,tau_Zero_Flow_Days_sum
8,1050,18,mae,standard,0.1161513128285123,5,0.005117740806107285,pre0_mod422_post0,tau_Zero_Flow_Days_sum
8,1050,18,rmse,standard,0.15555668979664244,5,0.006350112213857308,pre0_mod422_post0,tau_Zero_Flow_Days_sum
8,1050,18,rsq,standard,0.13703803449420981,5,0.04207042375041625,pre0_mod422_post0,tau_Zero_Flow_Days_sum
8,1050,21,mae,standard,0.11527689169331656,5,0.0051282831425486924,pre0_mod423_post0,tau_Zero_Flow_Days_sum
8,1050,21,rmse,standard,0.15464623555755036,5,0.006614662809950339,pre0_mod423_post0,tau_Zero_Flow_Days_sum
8,1050,21,rsq,standard,0.1487753970572512,5,0.045328989453503436,pre0_mod423_post0,tau_Zero_Flow_Days_sum
8,1050,25,mae,standard,0.11590946158141996,5,0.0049998691400401475,pre0_mod424_post0,tau_Zero_Flow_Days_sum
8,1050,25,rmse,standard,0.1552993710327884,5,0.006491141647347731,pre0_mod424_post0,tau_Zero_Flow_Days_sum
8,1050,25,rsq,standard,0.14193150008852481,5,0.045266646392217134,pre0_mod424_post0,tau_Zero_Flow_Days_sum
8,1250,3,mae,standard,0.11742019196684218,5,0.005115175341010426,pre0_mod425_post0,tau_Zero_Flow_Days_sum
8,1250,3,rmse,standard,0.15614732869453143,5,0.005978120067926216,pre0_mod425_post0,tau_Zero_Flow_Days_sum
8,1250,3,rsq,standard,0.13339720487432227,5,0.039773498247873365,pre0_mod425_post0,tau_Zero_Flow_Days_sum
8,1250,6,mae,standard,0.1166748768653398,5,0.004964361134340218,pre0_mod426_post0,tau_Zero_Flow_Days_sum
8,1250,6,rmse,standard,0.1560565953142604,5,0.006009656133442356,pre0_mod426_post0,tau_Zero_Flow_Days_sum
8,1250,6,rsq,standard,0.13277492353990947,5,0.040098108406040917,pre0_mod426_post0,tau_Zero_Flow_Days_sum
8,1250,9,mae,standard,0.11668918998680906,5,0.00501125362801999,pre0_mod427_post0,tau_Zero_Flow_Days_sum
8,1250,9,rmse,standard,0.15558826595459785,5,0.005771567680560338,pre0_mod427_post0,tau_Zero_Flow_Days_sum
8,1250,9,rsq,standard,0.13599442818417198,5,0.0413817515871187,pre0_mod427_post0,tau_Zero_Flow_Days_sum
8,1250,12,mae,standard,0.11628996280791236,5,0.005158677376311812,pre0_mod428_post0,tau_Zero_Flow_Days_sum
8,1250,12,rmse,standard,0.15570956678162182,5,0.006098715532479086,pre0_mod428_post0,tau_Zero_Flow_Days_sum
8,1250,12,rsq,standard,0.1355170033572471,5,0.041327948233651456,pre0_mod428_post0,tau_Zero_Flow_Days_sum
8,1250,15,mae,standard,0.11624651772879915,5,0.005356145221172206,pre0_mod429_post0,tau_Zero_Flow_Days_sum
8,1250,15,rmse,standard,0.15550511501872363,5,0.006352072617704888,pre0_mod429_post0,tau_Zero_Flow_Days_sum
8,1250,15,rsq,standard,0.13836047073722926,5,0.04222425981505781,pre0_mod429_post0,tau_Zero_Flow_Days_sum
8,1250,18,mae,standard,0.11623326859841808,5,0.005204628111755698,pre0_mod430_post0,tau_Zero_Flow_Days_sum
8,1250,18,rmse,standard,0.15557103136334674,5,0.006346949910921273,pre0_mod430_post0,tau_Zero_Flow_Days_sum
8,1250,18,rsq,standard,0.13725262070045838,5,0.04344793016695513,pre0_mod430_post0,tau_Zero_Flow_Days_sum
8,1250,21,mae,standard,0.1158927431091709,5,0.005293583221503099,pre0_mod431_post0,tau_Zero_Flow_Days_sum
8,1250,21,rmse,standard,0.1551583573052287,5,0.006702953489341714,pre0_mod431_post0,tau_Zero_Flow_Days_sum
8,1250,21,rsq,standard,0.14271133691496896,5,0.04472429131543822,pre0_mod431_post0,tau_Zero_Flow_Days_sum
8,1250,25,mae,standard,0.11626878749029097,5,0.005333824599340139,pre0_mod432_post0,tau_Zero_Flow_Days_sum
8,1250,25,rmse,standard,0.15538695148123882,5,0.006866739978357852,pre0_mod432_post0,tau_Zero_Flow_Days_sum
8,1250,25,rsq,standard,0.14137260102967014,5,0.045891065579383244,pre0_mod432_post0,tau_Zero_Flow_Days_sum
8,1450,3,mae,standard,0.11712838266776716,5,0.0050340381835816475,pre0_mod433_post0,tau_Zero_Flow_Days_sum
8,1450,3,rmse,standard,0.1562639260129042,5,0.005922365304481029,pre0_mod433_post0,tau_Zero_Flow_Days_sum
8,1450,3,rsq,standard,0.1316714609677592,5,0.040305040235495436,pre0_mod433_post0,tau_Zero_Flow_Days_sum
8,1450,6,mae,standard,0.1166190138030218,5,0.0050031902838234355,pre0_mod434_post0,tau_Zero_Flow_Days_sum
8,1450,6,rmse,standard,0.15616090042962932,5,0.005876196373752953,pre0_mod434_post0,tau_Zero_Flow_Days_sum
8,1450,6,rsq,standard,0.1337299274613349,5,0.04329061846534025,pre0_mod434_post0,tau_Zero_Flow_Days_sum
8,1450,9,mae,standard,0.1169787034909177,5,0.005162995738960341,pre0_mod435_post0,tau_Zero_Flow_Days_sum
8,1450,9,rmse,standard,0.15634090591100505,5,0.006157000190566498,pre0_mod435_post0,tau_Zero_Flow_Days_sum
8,1450,9,rsq,standard,0.12894421123769556,5,0.039083823182973744,pre0_mod435_post0,tau_Zero_Flow_Days_sum
8,1450,12,mae,standard,0.11620613765886408,5,0.005178953277988674,pre0_mod436_post0,tau_Zero_Flow_Days_sum
8,1450,12,rmse,standard,0.1552928957458316,5,0.0062498462830769186,pre0_mod436_post0,tau_Zero_Flow_Days_sum
8,1450,12,rsq,standard,0.13992782375237695,5,0.041629531431957995,pre0_mod436_post0,tau_Zero_Flow_Days_sum
8,1450,15,mae,standard,0.11570144734971545,5,0.005273038836437706,pre0_mod437_post0,tau_Zero_Flow_Days_sum
8,1450,15,rmse,standard,0.1550271602215526,5,0.00635856938028621,pre0_mod437_post0,tau_Zero_Flow_Days_sum
8,1450,15,rsq,standard,0.14356790053988433,5,0.043640206005518815,pre0_mod437_post0,tau_Zero_Flow_Days_sum
8,1450,18,mae,standard,0.11620830576939493,5,0.0052510081416401976,pre0_mod438_post0,tau_Zero_Flow_Days_sum
8,1450,18,rmse,standard,0.1554456901514959,5,0.006571556114751015,pre0_mod438_post0,tau_Zero_Flow_Days_sum
8,1450,18,rsq,standard,0.13950590806935748,5,0.04389369513069943,pre0_mod438_post0,tau_Zero_Flow_Days_sum
8,1450,21,mae,standard,0.11578859513407301,5,0.005199766338731127,pre0_mod439_post0,tau_Zero_Flow_Days_sum
8,1450,21,rmse,standard,0.15504255473631223,5,0.006610305325732919,pre0_mod439_post0,tau_Zero_Flow_Days_sum
8,1450,21,rsq,standard,0.14203924184477637,5,0.0421993677389408,pre0_mod439_post0,tau_Zero_Flow_Days_sum
8,1450,25,mae,standard,0.11591468570023501,5,0.004979428077058085,pre0_mod440_post0,tau_Zero_Flow_Days_sum
8,1450,25,rmse,standard,0.15524137767478277,5,0.006327699984470784,pre0_mod440_post0,tau_Zero_Flow_Days_sum
8,1450,25,rsq,standard,0.14097159061614103,5,0.0441719882747135,pre0_mod440_post0,tau_Zero_Flow_Days_sum
8,1650,3,mae,standard,0.11731025168271889,5,0.0050849093591593154,pre0_mod441_post0,tau_Zero_Flow_Days_sum
8,1650,3,rmse,standard,0.1564321628944834,5,0.005602446422418006,pre0_mod441_post0,tau_Zero_Flow_Days_sum
8,1650,3,rsq,standard,0.12940775700971563,5,0.0418273871655239,pre0_mod441_post0,tau_Zero_Flow_Days_sum
8,1650,6,mae,standard,0.11683323166172639,5,0.005040734532604216,pre0_mod442_post0,tau_Zero_Flow_Days_sum
8,1650,6,rmse,standard,0.15621076537155604,5,0.006023646470324712,pre0_mod442_post0,tau_Zero_Flow_Days_sum
8,1650,6,rsq,standard,0.13105546520072,5,0.03991660060210306,pre0_mod442_post0,tau_Zero_Flow_Days_sum
8,1650,9,mae,standard,0.11661014157919611,5,0.005369896345545715,pre0_mod443_post0,tau_Zero_Flow_Days_sum
8,1650,9,rmse,standard,0.15576677857023147,5,0.006280624142199985,pre0_mod443_post0,tau_Zero_Flow_Days_sum
8,1650,9,rsq,standard,0.13611972790559754,5,0.04263885308620918,pre0_mod443_post0,tau_Zero_Flow_Days_sum
8,1650,12,mae,standard,0.11654513299670181,5,0.005253335732856769,pre0_mod444_post0,tau_Zero_Flow_Days_sum
8,1650,12,rmse,standard,0.15551242888528224,5,0.006132056921775849,pre0_mod444_post0,tau_Zero_Flow_Days_sum
8,1650,12,rsq,standard,0.13787667254551977,5,0.04267639755423222,pre0_mod444_post0,tau_Zero_Flow_Days_sum
8,1650,15,mae,standard,0.11635048113513559,5,0.00527911033225365,pre0_mod445_post0,tau_Zero_Flow_Days_sum
8,1650,15,rmse,standard,0.155421642897174,5,0.006240313174149876,pre0_mod445_post0,tau_Zero_Flow_Days_sum
8,1650,15,rsq,standard,0.13878050863132366,5,0.0429295095101426,pre0_mod445_post0,tau_Zero_Flow_Days_sum
8,1650,18,mae,standard,0.11599326302515818,5,0.005282677988077178,pre0_mod446_post0,tau_Zero_Flow_Days_sum
8,1650,18,rmse,standard,0.15507490436427565,5,0.006471391881544811,pre0_mod446_post0,tau_Zero_Flow_Days_sum
8,1650,18,rsq,standard,0.14512324219562558,5,0.047056821090682446,pre0_mod446_post0,tau_Zero_Flow_Days_sum
8,1650,21,mae,standard,0.1158344093575036,5,0.005171019542360396,pre0_mod447_post0,tau_Zero_Flow_Days_sum
8,1650,21,rmse,standard,0.15507138653292182,5,0.006503058427650601,pre0_mod447_post0,tau_Zero_Flow_Days_sum
8,1650,21,rsq,standard,0.14347264404778082,5,0.04473257040346468,pre0_mod447_post0,tau_Zero_Flow_Days_sum
8,1650,25,mae,standard,0.11661766534652532,5,0.005180930544023912,pre0_mod448_post0,tau_Zero_Flow_Days_sum
8,1650,25,rmse,standard,0.15587587405381384,5,0.006610154207119534,pre0_mod448_post0,tau_Zero_Flow_Days_sum
8,1650,25,rsq,standard,0.13548404205286746,5,0.0438806044353995,pre0_mod448_post0,tau_Zero_Flow_Days_sum
10,250,3,mae,standard,0.11784753785366925,5,0.0048705889324001965,pre0_mod449_post0,tau_Zero_Flow_Days_sum
10,250,3,rmse,standard,0.15661502086950038,5,0.005510212298769636,pre0_mod449_post0,tau_Zero_Flow_Days_sum
10,250,3,rsq,standard,0.12484419714244051,5,0.038134027193506496,pre0_mod449_post0,tau_Zero_Flow_Days_sum
10,250,6,mae,standard,0.11634574507676658,5,0.0042244989722556425,pre0_mod450_post0,tau_Zero_Flow_Days_sum
10,250,6,rmse,standard,0.15501378582862435,5,0.005221903859575677,pre0_mod450_post0,tau_Zero_Flow_Days_sum
10,250,6,rsq,standard,0.1393938364888457,5,0.03592672379447759,pre0_mod450_post0,tau_Zero_Flow_Days_sum
10,250,9,mae,standard,0.11717828521728117,5,0.005503415056304003,pre0_mod451_post0,tau_Zero_Flow_Days_sum
10,250,9,rmse,standard,0.15641319327890996,5,0.0066518374834402556,pre0_mod451_post0,tau_Zero_Flow_Days_sum
10,250,9,rsq,standard,0.12973350965509703,5,0.03595624805455594,pre0_mod451_post0,tau_Zero_Flow_Days_sum
10,250,12,mae,standard,0.11774653111715151,5,0.0049221565122686455,pre0_mod452_post0,tau_Zero_Flow_Days_sum
10,250,12,rmse,standard,0.15725508298633123,5,0.005817679607979635,pre0_mod452_post0,tau_Zero_Flow_Days_sum
10,250,12,rsq,standard,0.12539407969025534,5,0.03999213323813355,pre0_mod452_post0,tau_Zero_Flow_Days_sum
10,250,15,mae,standard,0.11532908946566531,5,0.004766392225496738,pre0_mod453_post0,tau_Zero_Flow_Days_sum
10,250,15,rmse,standard,0.15506901993526437,5,0.00580733319937435,pre0_mod453_post0,tau_Zero_Flow_Days_sum
10,250,15,rsq,standard,0.14577016469659848,5,0.04522463095210712,pre0_mod453_post0,tau_Zero_Flow_Days_sum
10,250,18,mae,standard,0.1171721819228907,5,0.005275183135821693,pre0_mod454_post0,tau_Zero_Flow_Days_sum
10,250,18,rmse,standard,0.1564612425312796,5,0.006635846853275571,pre0_mod454_post0,tau_Zero_Flow_Days_sum
10,250,18,rsq,standard,0.12998457192393767,5,0.03694038874278876,pre0_mod454_post0,tau_Zero_Flow_Days_sum
10,250,21,mae,standard,0.11639868383581249,5,0.004808191618501756,pre0_mod455_post0,tau_Zero_Flow_Days_sum
10,250,21,rmse,standard,0.15577525401178724,5,0.00638772395733808,pre0_mod455_post0,tau_Zero_Flow_Days_sum
10,250,21,rsq,standard,0.13774083607153045,5,0.045242791273297826,pre0_mod455_post0,tau_Zero_Flow_Days_sum
10,250,25,mae,standard,0.1168563968528314,5,0.00542355811744648,pre0_mod456_post0,tau_Zero_Flow_Days_sum
10,250,25,rmse,standard,0.1557750848491597,5,0.0066234709055163765,pre0_mod456_post0,tau_Zero_Flow_Days_sum
10,250,25,rsq,standard,0.1396001901988961,5,0.04611983737112778,pre0_mod456_post0,tau_Zero_Flow_Days_sum
10,450,3,mae,standard,0.1175981017402273,5,0.004948863663401337,pre0_mod457_post0,tau_Zero_Flow_Days_sum
10,450,3,rmse,standard,0.15705311952630513,5,0.005896942686620123,pre0_mod457_post0,tau_Zero_Flow_Days_sum
10,450,3,rsq,standard,0.12664148812328374,5,0.04236558965736895,pre0_mod457_post0,tau_Zero_Flow_Days_sum
10,450,6,mae,standard,0.11741522051824087,5,0.004998655211489951,pre0_mod458_post0,tau_Zero_Flow_Days_sum
10,450,6,rmse,standard,0.15708442325342467,5,0.0055283765202758135,pre0_mod458_post0,tau_Zero_Flow_Days_sum
10,450,6,rsq,standard,0.1233487016873607,5,0.038409344653837704,pre0_mod458_post0,tau_Zero_Flow_Days_sum
10,450,9,mae,standard,0.11683209776172433,5,0.004577593379659344,pre0_mod459_post0,tau_Zero_Flow_Days_sum
10,450,9,rmse,standard,0.155651741950306,5,0.005634537066654606,pre0_mod459_post0,tau_Zero_Flow_Days_sum
10,450,9,rsq,standard,0.13737503314290472,5,0.04206243091678853,pre0_mod459_post0,tau_Zero_Flow_Days_sum
10,450,12,mae,standard,0.11691088276636624,5,0.004841277731677286,pre0_mod460_post0,tau_Zero_Flow_Days_sum
10,450,12,rmse,standard,0.15609877297466945,5,0.005871342001332494,pre0_mod460_post0,tau_Zero_Flow_Days_sum
10,450,12,rsq,standard,0.13187561025097008,5,0.03497849592912341,pre0_mod460_post0,tau_Zero_Flow_Days_sum
10,450,15,mae,standard,0.11637202572714792,5,0.005033388018494709,pre0_mod461_post0,tau_Zero_Flow_Days_sum
10,450,15,rmse,standard,0.15553377986286707,5,0.005964728749338004,pre0_mod461_post0,tau_Zero_Flow_Days_sum
10,450,15,rsq,standard,0.13786565180355098,5,0.0398162536704607,pre0_mod461_post0,tau_Zero_Flow_Days_sum
10,450,18,mae,standard,0.11605350170850957,5,0.005478287045965601,pre0_mod462_post0,tau_Zero_Flow_Days_sum
10,450,18,rmse,standard,0.15520537311869015,5,0.00668615808732756,pre0_mod462_post0,tau_Zero_Flow_Days_sum
10,450,18,rsq,standard,0.14217892200699334,5,0.04062055275663983,pre0_mod462_post0,tau_Zero_Flow_Days_sum
10,450,21,mae,standard,0.11637844002678023,5,0.005043915870780232,pre0_mod463_post0,tau_Zero_Flow_Days_sum
10,450,21,rmse,standard,0.15558777760088796,5,0.006237796753966092,pre0_mod463_post0,tau_Zero_Flow_Days_sum
10,450,21,rsq,standard,0.13530606817441854,5,0.039430214319199686,pre0_mod463_post0,tau_Zero_Flow_Days_sum
10,450,25,mae,standard,0.11663878367215134,5,0.005355672411967175,pre0_mod464_post0,tau_Zero_Flow_Days_sum
10,450,25,rmse,standard,0.1561113313460913,5,0.0067723361103626525,pre0_mod464_post0,tau_Zero_Flow_Days_sum
10,450,25,rsq,standard,0.13500200255312503,5,0.04375359199585387,pre0_mod464_post0,tau_Zero_Flow_Days_sum
10,650,3,mae,standard,0.11731756503617242,5,0.004775804356324443,pre0_mod465_post0,tau_Zero_Flow_Days_sum
10,650,3,rmse,standard,0.15603261979553712,5,0.005411853145808921,pre0_mod465_post0,tau_Zero_Flow_Days_sum
10,650,3,rsq,standard,0.13243206841523247,5,0.038544884698960356,pre0_mod465_post0,tau_Zero_Flow_Days_sum
10,650,6,mae,standard,0.11743345660072331,5,0.004654720731533443,pre0_mod466_post0,tau_Zero_Flow_Days_sum
10,650,6,rmse,standard,0.15643558466516308,5,0.005531283721633667,pre0_mod466_post0,tau_Zero_Flow_Days_sum
10,650,6,rsq,standard,0.12916575927911883,5,0.040055153565224336,pre0_mod466_post0,tau_Zero_Flow_Days_sum
10,650,9,mae,standard,0.11742876323407105,5,0.004846650354854035,pre0_mod467_post0,tau_Zero_Flow_Days_sum
10,650,9,rmse,standard,0.15605072452124963,5,0.0059520613405708855,pre0_mod467_post0,tau_Zero_Flow_Days_sum
10,650,9,rsq,standard,0.13160310992458268,5,0.03784854589289121,pre0_mod467_post0,tau_Zero_Flow_Days_sum
10,650,12,mae,standard,0.11734701873307937,5,0.004927933128859631,pre0_mod468_post0,tau_Zero_Flow_Days_sum
10,650,12,rmse,standard,0.15614793295819498,5,0.0061309315041439905,pre0_mod468_post0,tau_Zero_Flow_Days_sum
10,650,12,rsq,standard,0.1330853939546816,5,0.040139287376694734,pre0_mod468_post0,tau_Zero_Flow_Days_sum
10,650,15,mae,standard,0.11644933004344872,5,0.004848223617462919,pre0_mod469_post0,tau_Zero_Flow_Days_sum
10,650,15,rmse,standard,0.15564756732844134,5,0.0060897237503032,pre0_mod469_post0,tau_Zero_Flow_Days_sum
10,650,15,rsq,standard,0.13812821106578782,5,0.04035823313621539,pre0_mod469_post0,tau_Zero_Flow_Days_sum
10,650,18,mae,standard,0.11600176184561603,5,0.005502029784167264,pre0_mod470_post0,tau_Zero_Flow_Days_sum
10,650,18,rmse,standard,0.15499177827955826,5,0.006702857024804248,pre0_mod470_post0,tau_Zero_Flow_Days_sum
10,650,18,rsq,standard,0.14800188920017485,5,0.04479808836840459,pre0_mod470_post0,tau_Zero_Flow_Days_sum
10,650,21,mae,standard,0.11638621214501901,5,0.005164076359324233,pre0_mod471_post0,tau_Zero_Flow_Days_sum
10,650,21,rmse,standard,0.15592122454750193,5,0.006344700431639801,pre0_mod471_post0,tau_Zero_Flow_Days_sum
10,650,21,rsq,standard,0.13561898048542936,5,0.041022678249499116,pre0_mod471_post0,tau_Zero_Flow_Days_sum
10,650,25,mae,standard,0.11671808689685982,5,0.0048904497983217375,pre0_mod472_post0,tau_Zero_Flow_Days_sum
10,650,25,rmse,standard,0.1558134840446305,5,0.006488595089851166,pre0_mod472_post0,tau_Zero_Flow_Days_sum
10,650,25,rsq,standard,0.1381541134069386,5,0.04238614516980391,pre0_mod472_post0,tau_Zero_Flow_Days_sum
10,850,3,mae,standard,0.11772611802117293,5,0.004920032649847722,pre0_mod473_post0,tau_Zero_Flow_Days_sum
10,850,3,rmse,standard,0.15708075187854426,5,0.0057429956644630175,pre0_mod473_post0,tau_Zero_Flow_Days_sum
10,850,3,rsq,standard,0.1246418430673543,5,0.038320783406025405,pre0_mod473_post0,tau_Zero_Flow_Days_sum
10,850,6,mae,standard,0.11725977700403478,5,0.004950636527647862,pre0_mod474_post0,tau_Zero_Flow_Days_sum
10,850,6,rmse,standard,0.1559082652171563,5,0.005642416761576066,pre0_mod474_post0,tau_Zero_Flow_Days_sum
10,850,6,rsq,standard,0.13528156637190228,5,0.038263602123407556,pre0_mod474_post0,tau_Zero_Flow_Days_sum
10,850,9,mae,standard,0.11733276909371189,5,0.004922526700125425,pre0_mod475_post0,tau_Zero_Flow_Days_sum
10,850,9,rmse,standard,0.15640194461215598,5,0.006083282181917988,pre0_mod475_post0,tau_Zero_Flow_Days_sum
10,850,9,rsq,standard,0.13014554502303377,5,0.039431843067151535,pre0_mod475_post0,tau_Zero_Flow_Days_sum
10,850,12,mae,standard,0.1170408562775443,5,0.005095130571471363,pre0_mod476_post0,tau_Zero_Flow_Days_sum
10,850,12,rmse,standard,0.15633606810953374,5,0.006287599116958092,pre0_mod476_post0,tau_Zero_Flow_Days_sum
10,850,12,rsq,standard,0.13067288621415835,5,0.038173643710567404,pre0_mod476_post0,tau_Zero_Flow_Days_sum
10,850,15,mae,standard,0.11630728242241162,5,0.005361444640073139,pre0_mod477_post0,tau_Zero_Flow_Days_sum
10,850,15,rmse,standard,0.15591172536879322,5,0.006508234596097248,pre0_mod477_post0,tau_Zero_Flow_Days_sum
10,850,15,rsq,standard,0.1376938089815215,5,0.04149281910081751,pre0_mod477_post0,tau_Zero_Flow_Days_sum
10,850,18,mae,standard,0.11656057332024436,5,0.005112619351416686,pre0_mod478_post0,tau_Zero_Flow_Days_sum
10,850,18,rmse,standard,0.1558864929358132,5,0.0062348746889139125,pre0_mod478_post0,tau_Zero_Flow_Days_sum
10,850,18,rsq,standard,0.13380176298941818,5,0.03986372390756699,pre0_mod478_post0,tau_Zero_Flow_Days_sum
10,850,21,mae,standard,0.11649594327109929,5,0.005133568705951408,pre0_mod479_post0,tau_Zero_Flow_Days_sum
10,850,21,rmse,standard,0.15563562102898124,5,0.006616443528706178,pre0_mod479_post0,tau_Zero_Flow_Days_sum
10,850,21,rsq,standard,0.13914729160872058,5,0.042977048868730126,pre0_mod479_post0,tau_Zero_Flow_Days_sum
10,850,25,mae,standard,0.11578488070040667,5,0.0049328660865128795,pre0_mod480_post0,tau_Zero_Flow_Days_sum
10,850,25,rmse,standard,0.15530769691276208,5,0.006555237200189049,pre0_mod480_post0,tau_Zero_Flow_Days_sum
10,850,25,rsq,standard,0.1414620249322991,5,0.04191824888871839,pre0_mod480_post0,tau_Zero_Flow_Days_sum
10,1050,3,mae,standard,0.11682535128800244,5,0.004820372752655987,pre0_mod481_post0,tau_Zero_Flow_Days_sum
10,1050,3,rmse,standard,0.1559790558039742,5,0.005650940125616455,pre0_mod481_post0,tau_Zero_Flow_Days_sum
10,1050,3,rsq,standard,0.13480716498001527,5,0.03910671018425658,pre0_mod481_post0,tau_Zero_Flow_Days_sum
10,1050,6,mae,standard,0.11705546018787054,5,0.004592528060057352,pre0_mod482_post0,tau_Zero_Flow_Days_sum
10,1050,6,rmse,standard,0.15650250964673812,5,0.00554140367530326,pre0_mod482_post0,tau_Zero_Flow_Days_sum
10,1050,6,rsq,standard,0.1302309260671325,5,0.03822455154080672,pre0_mod482_post0,tau_Zero_Flow_Days_sum
10,1050,9,mae,standard,0.11697146965805763,5,0.005172503798856473,pre0_mod483_post0,tau_Zero_Flow_Days_sum
10,1050,9,rmse,standard,0.15607385733178533,5,0.005754238824657709,pre0_mod483_post0,tau_Zero_Flow_Days_sum
10,1050,9,rsq,standard,0.13399040222264516,5,0.04112469255821023,pre0_mod483_post0,tau_Zero_Flow_Days_sum
10,1050,12,mae,standard,0.11660547720243412,5,0.004947249804957487,pre0_mod484_post0,tau_Zero_Flow_Days_sum
10,1050,12,rmse,standard,0.1560925100486604,5,0.005817451270891692,pre0_mod484_post0,tau_Zero_Flow_Days_sum
10,1050,12,rsq,standard,0.13101998260051295,5,0.03719560526418225,pre0_mod484_post0,tau_Zero_Flow_Days_sum
10,1050,15,mae,standard,0.11608470029310759,5,0.005065069432904649,pre0_mod485_post0,tau_Zero_Flow_Days_sum
10,1050,15,rmse,standard,0.15538233667269327,5,0.006184417469459423,pre0_mod485_post0,tau_Zero_Flow_Days_sum
10,1050,15,rsq,standard,0.14072969151424086,5,0.04201349759834424,pre0_mod485_post0,tau_Zero_Flow_Days_sum
10,1050,18,mae,standard,0.11662208780592863,5,0.004898959011829752,pre0_mod486_post0,tau_Zero_Flow_Days_sum
10,1050,18,rmse,standard,0.15583351105290086,5,0.006233186409915163,pre0_mod486_post0,tau_Zero_Flow_Days_sum
10,1050,18,rsq,standard,0.13626762970502984,5,0.04239571327072549,pre0_mod486_post0,tau_Zero_Flow_Days_sum
10,1050,21,mae,standard,0.11615970145574209,5,0.0051246948542104116,pre0_mod487_post0,tau_Zero_Flow_Days_sum
10,1050,21,rmse,standard,0.15529455209491336,5,0.006590799553876793,pre0_mod487_post0,tau_Zero_Flow_Days_sum
10,1050,21,rsq,standard,0.13966100445294294,5,0.0419957301380658,pre0_mod487_post0,tau_Zero_Flow_Days_sum
10,1050,25,mae,standard,0.11635417698182245,5,0.005096458628984072,pre0_mod488_post0,tau_Zero_Flow_Days_sum
10,1050,25,rmse,standard,0.15548741408377995,5,0.006592296861554459,pre0_mod488_post0,tau_Zero_Flow_Days_sum
10,1050,25,rsq,standard,0.14070735979520047,5,0.04465345089975326,pre0_mod488_post0,tau_Zero_Flow_Days_sum
10,1250,3,mae,standard,0.11730217775131112,5,0.004866634084968483,pre0_mod489_post0,tau_Zero_Flow_Days_sum
10,1250,3,rmse,standard,0.15615502249513336,5,0.005681960100332887,pre0_mod489_post0,tau_Zero_Flow_Days_sum
10,1250,3,rsq,standard,0.13300942587368292,5,0.04003245775845093,pre0_mod489_post0,tau_Zero_Flow_Days_sum
10,1250,6,mae,standard,0.11719487338719964,5,0.005026934364593179,pre0_mod490_post0,tau_Zero_Flow_Days_sum
10,1250,6,rmse,standard,0.15630135121559227,5,0.0056968546470531406,pre0_mod490_post0,tau_Zero_Flow_Days_sum
10,1250,6,rsq,standard,0.13204315814162632,5,0.04180941951928275,pre0_mod490_post0,tau_Zero_Flow_Days_sum
10,1250,9,mae,standard,0.1172849130106573,5,0.005257835260190828,pre0_mod491_post0,tau_Zero_Flow_Days_sum
10,1250,9,rmse,standard,0.1564369776281706,5,0.0063309367332062,pre0_mod491_post0,tau_Zero_Flow_Days_sum
10,1250,9,rsq,standard,0.130622220868804,5,0.040652963549952244,pre0_mod491_post0,tau_Zero_Flow_Days_sum
10,1250,12,mae,standard,0.11635643410837909,5,0.005243463766688425,pre0_mod492_post0,tau_Zero_Flow_Days_sum
10,1250,12,rmse,standard,0.15558236195072536,5,0.006204005021216308,pre0_mod492_post0,tau_Zero_Flow_Days_sum
10,1250,12,rsq,standard,0.1375975763661298,5,0.041097332162260296,pre0_mod492_post0,tau_Zero_Flow_Days_sum
10,1250,15,mae,standard,0.1166560292401016,5,0.005281947678714924,pre0_mod493_post0,tau_Zero_Flow_Days_sum
10,1250,15,rmse,standard,0.155745342264964,5,0.006173530604739405,pre0_mod493_post0,tau_Zero_Flow_Days_sum
10,1250,15,rsq,standard,0.13672746720939802,5,0.04118059678804154,pre0_mod493_post0,tau_Zero_Flow_Days_sum
10,1250,18,mae,standard,0.11664784352773092,5,0.005097833818605364,pre0_mod494_post0,tau_Zero_Flow_Days_sum
10,1250,18,rmse,standard,0.15579459013731647,5,0.00633773741601347,pre0_mod494_post0,tau_Zero_Flow_Days_sum
10,1250,18,rsq,standard,0.13738604562910425,5,0.042240600924716064,pre0_mod494_post0,tau_Zero_Flow_Days_sum
10,1250,21,mae,standard,0.11573992966008818,5,0.005275753138135669,pre0_mod495_post0,tau_Zero_Flow_Days_sum
10,1250,21,rmse,standard,0.15523360516865947,5,0.006540437082817935,pre0_mod495_post0,tau_Zero_Flow_Days_sum
10,1250,21,rsq,standard,0.1423196236969031,5,0.042771333405880595,pre0_mod495_post0,tau_Zero_Flow_Days_sum
10,1250,25,mae,standard,0.1161406714650093,5,0.00520788982868849,pre0_mod496_post0,tau_Zero_Flow_Days_sum
10,1250,25,rmse,standard,0.15544184046099943,5,0.006758964565322583,pre0_mod496_post0,tau_Zero_Flow_Days_sum
10,1250,25,rsq,standard,0.13946388355185638,5,0.043331479233782985,pre0_mod496_post0,tau_Zero_Flow_Days_sum
10,1450,3,mae,standard,0.11782944928336513,5,0.004956995833993071,pre0_mod497_post0,tau_Zero_Flow_Days_sum
10,1450,3,rmse,standard,0.15708421223375915,5,0.0059742766780902425,pre0_mod497_post0,tau_Zero_Flow_Days_sum
10,1450,3,rsq,standard,0.1267853174745736,5,0.04147909771213202,pre0_mod497_post0,tau_Zero_Flow_Days_sum
10,1450,6,mae,standard,0.11755595708852998,5,0.00511245822170161,pre0_mod498_post0,tau_Zero_Flow_Days_sum
10,1450,6,rmse,standard,0.15666813780620303,5,0.0059152063456004,pre0_mod498_post0,tau_Zero_Flow_Days_sum
10,1450,6,rsq,standard,0.12874874522696117,5,0.03999406601538237,pre0_mod498_post0,tau_Zero_Flow_Days_sum
10,1450,9,mae,standard,0.11729251301003037,5,0.004859227143021619,pre0_mod499_post0,tau_Zero_Flow_Days_sum
10,1450,9,rmse,standard,0.15631363762964684,5,0.005929549493498758,pre0_mod499_post0,tau_Zero_Flow_Days_sum
10,1450,9,rsq,standard,0.1291688190885645,5,0.038429099386635704,pre0_mod499_post0,tau_Zero_Flow_Days_sum
10,1450,12,mae,standard,0.11709356079918504,5,0.004920554794807675,pre0_mod500_post0,tau_Zero_Flow_Days_sum
10,1450,12,rmse,standard,0.156127876885698,5,0.005985960971125332,pre0_mod500_post0,tau_Zero_Flow_Days_sum
10,1450,12,rsq,standard,0.13074829999003534,5,0.03870825874537262,pre0_mod500_post0,tau_Zero_Flow_Days_sum
10,1450,15,mae,standard,0.11616496748051008,5,0.005133084651374153,pre0_mod501_post0,tau_Zero_Flow_Days_sum
10,1450,15,rmse,standard,0.15540116583739894,5,0.006124084032458121,pre0_mod501_post0,tau_Zero_Flow_Days_sum
10,1450,15,rsq,standard,0.1392490162519755,5,0.040732576300133876,pre0_mod501_post0,tau_Zero_Flow_Days_sum
10,1450,18,mae,standard,0.11654088458541188,5,0.004984692495373883,pre0_mod502_post0,tau_Zero_Flow_Days_sum
10,1450,18,rmse,standard,0.15577668796699182,5,0.006219949203287368,pre0_mod502_post0,tau_Zero_Flow_Days_sum
10,1450,18,rsq,standard,0.13725924262439765,5,0.04244644393133735,pre0_mod502_post0,tau_Zero_Flow_Days_sum
10,1450,21,mae,standard,0.11629048030870083,5,0.005220350516440164,pre0_mod503_post0,tau_Zero_Flow_Days_sum
10,1450,21,rmse,standard,0.15534275488493945,5,0.006481799747441749,pre0_mod503_post0,tau_Zero_Flow_Days_sum
10,1450,21,rsq,standard,0.14116821680275274,5,0.04286031673538991,pre0_mod503_post0,tau_Zero_Flow_Days_sum
10,1450,25,mae,standard,0.11647994248316466,5,0.005176659430520778,pre0_mod504_post0,tau_Zero_Flow_Days_sum
10,1450,25,rmse,standard,0.15607043250756664,5,0.006515539451616718,pre0_mod504_post0,tau_Zero_Flow_Days_sum
10,1450,25,rsq,standard,0.13364436536807645,5,0.042665720919764664,pre0_mod504_post0,tau_Zero_Flow_Days_sum
10,1650,3,mae,standard,0.1176245387808047,5,0.004949585031929504,pre0_mod505_post0,tau_Zero_Flow_Days_sum
10,1650,3,rmse,standard,0.15646808459296968,5,0.005633230082214695,pre0_mod505_post0,tau_Zero_Flow_Days_sum
10,1650,3,rsq,standard,0.12956251845502673,5,0.03797482623175806,pre0_mod505_post0,tau_Zero_Flow_Days_sum
10,1650,6,mae,standard,0.11725121961178543,5,0.005132212440796171,pre0_mod506_post0,tau_Zero_Flow_Days_sum
10,1650,6,rmse,standard,0.15626939492389447,5,0.005708947185411229,pre0_mod506_post0,tau_Zero_Flow_Days_sum
10,1650,6,rsq,standard,0.1310261304286885,5,0.04024873503730692,pre0_mod506_post0,tau_Zero_Flow_Days_sum
10,1650,9,mae,standard,0.11691904782996332,5,0.005016214044300699,pre0_mod507_post0,tau_Zero_Flow_Days_sum
10,1650,9,rmse,standard,0.15607932058104917,5,0.005876219821394569,pre0_mod507_post0,tau_Zero_Flow_Days_sum
10,1650,9,rsq,standard,0.13370215605248129,5,0.041110603801191595,pre0_mod507_post0,tau_Zero_Flow_Days_sum
10,1650,12,mae,standard,0.11691886352664062,5,0.0052021814640173785,pre0_mod508_post0,tau_Zero_Flow_Days_sum
10,1650,12,rmse,standard,0.15583339191320975,5,0.006072101308161891,pre0_mod508_post0,tau_Zero_Flow_Days_sum
10,1650,12,rsq,standard,0.13526349272408442,5,0.04136207569161653,pre0_mod508_post0,tau_Zero_Flow_Days_sum
10,1650,15,mae,standard,0.11646305923760722,5,0.005330183342544446,pre0_mod509_post0,tau_Zero_Flow_Days_sum
10,1650,15,rmse,standard,0.1555588704271445,5,0.006377548672554671,pre0_mod509_post0,tau_Zero_Flow_Days_sum
10,1650,15,rsq,standard,0.13877393908670732,5,0.04116141181470423,pre0_mod509_post0,tau_Zero_Flow_Days_sum
10,1650,18,mae,standard,0.11639427336691528,5,0.005156063415181477,pre0_mod510_post0,tau_Zero_Flow_Days_sum
10,1650,18,rmse,standard,0.155529961050301,5,0.00631757743305092,pre0_mod510_post0,tau_Zero_Flow_Days_sum
10,1650,18,rsq,standard,0.1395510185138705,5,0.042329669189588574,pre0_mod510_post0,tau_Zero_Flow_Days_sum
10,1650,21,mae,standard,0.11622988903684198,5,0.005377983761815047,pre0_mod511_post0,tau_Zero_Flow_Days_sum
10,1650,21,rmse,standard,0.1555165177323426,5,0.006705571378176647,pre0_mod511_post0,tau_Zero_Flow_Days_sum
10,1650,21,rsq,standard,0.14122512100030937,5,0.04560851327587016,pre0_mod511_post0,tau_Zero_Flow_Days_sum
10,1650,25,mae,standard,0.11617338894793378,5,0.005114918470334011,pre0_mod512_post0,tau_Zero_Flow_Days_sum
10,1650,25,rmse,standard,0.15533138576896077,5,0.00644611939023233,pre0_mod512_post0,tau_Zero_Flow_Days_sum
10,1650,25,rsq,standard,0.14199297042218212,5,0.044594707344688254,pre0_mod512_post0,tau_Zero_Flow_Days_sum
1,250,3,mae,standard,0.24193697310943638,5,0.01760376011432121,pre0_mod001_post0,tau_mean_dry_down_days
1,250,3,rmse,standard,0.29176262004285125,5,0.02083253455764056,pre0_mod001_post0,tau_mean_dry_down_days
1,250,3,rsq,standard,0.05945091057229988,5,0.040741424429243486,pre0_mod001_post0,tau_mean_dry_down_days
1,250,6,mae,standard,0.24121932491453746,5,0.01891840239765085,pre0_mod002_post0,tau_mean_dry_down_days
1,250,6,rmse,standard,0.2906773982738054,5,0.022211422735512378,pre0_mod002_post0,tau_mean_dry_down_days
1,250,6,rsq,standard,0.07412702609945879,5,0.054954235162532276,pre0_mod002_post0,tau_mean_dry_down_days
1,250,9,mae,standard,0.24261822940524105,5,0.018607989410977264,pre0_mod003_post0,tau_mean_dry_down_days
1,250,9,rmse,standard,0.29152914308825034,5,0.02182717918132404,pre0_mod003_post0,tau_mean_dry_down_days
1,250,9,rsq,standard,0.07044196914429753,5,0.05459629151437833,pre0_mod003_post0,tau_mean_dry_down_days
1,250,12,mae,standard,0.24346105929125078,5,0.017148145886926435,pre0_mod004_post0,tau_mean_dry_down_days
1,250,12,rmse,standard,0.2933968245286469,5,0.021563085620060127,pre0_mod004_post0,tau_mean_dry_down_days
1,250,12,rsq,standard,0.07977193607383229,5,0.0658322077540944,pre0_mod004_post0,tau_mean_dry_down_days
1,250,15,mae,standard,0.24140001139127834,5,0.01890994463433913,pre0_mod005_post0,tau_mean_dry_down_days
1,250,15,rmse,standard,0.28999012692410286,5,0.023252041006372695,pre0_mod005_post0,tau_mean_dry_down_days
1,250,15,rsq,standard,0.09802911205788782,5,0.08333702352349069,pre0_mod005_post0,tau_mean_dry_down_days
1,250,18,mae,standard,0.241524798078073,5,0.01936003433368037,pre0_mod006_post0,tau_mean_dry_down_days
1,250,18,rmse,standard,0.2889198781209752,5,0.023321728712962137,pre0_mod006_post0,tau_mean_dry_down_days
1,250,18,rsq,standard,0.10000303694708076,5,0.08334018887005436,pre0_mod006_post0,tau_mean_dry_down_days
1,250,21,mae,standard,0.24096033932162975,5,0.018344631151984387,pre0_mod007_post0,tau_mean_dry_down_days
1,250,21,rmse,standard,0.28861417828033464,5,0.023230250088322378,pre0_mod007_post0,tau_mean_dry_down_days
1,250,21,rsq,standard,0.096268979374021,5,0.07748423591917471,pre0_mod007_post0,tau_mean_dry_down_days
1,250,25,mae,standard,0.24123292715442798,5,0.018211341429350863,pre0_mod008_post0,tau_mean_dry_down_days
1,250,25,rmse,standard,0.28911190225926814,5,0.022712972337921678,pre0_mod008_post0,tau_mean_dry_down_days
1,250,25,rsq,standard,0.10385055664125321,5,0.08929102760355526,pre0_mod008_post0,tau_mean_dry_down_days
1,450,3,mae,standard,0.24549628168511337,5,0.01647168549874277,pre0_mod009_post0,tau_mean_dry_down_days
1,450,3,rmse,standard,0.2950457720016251,5,0.02011789878362276,pre0_mod009_post0,tau_mean_dry_down_days
1,450,3,rsq,standard,0.0466960331933543,5,0.030089831586996997,pre0_mod009_post0,tau_mean_dry_down_days
1,450,6,mae,standard,0.24394595785101114,5,0.01643560390000775,pre0_mod010_post0,tau_mean_dry_down_days
1,450,6,rmse,standard,0.29281355439656465,5,0.020147720760576086,pre0_mod010_post0,tau_mean_dry_down_days
1,450,6,rsq,standard,0.05643865089054194,5,0.03383059725386305,pre0_mod010_post0,tau_mean_dry_down_days
1,450,9,mae,standard,0.24129079985217336,5,0.017537733958945312,pre0_mod011_post0,tau_mean_dry_down_days
1,450,9,rmse,standard,0.29140355499278503,5,0.02193583730107739,pre0_mod011_post0,tau_mean_dry_down_days
1,450,9,rsq,standard,0.08241318108354598,5,0.06299796257603174,pre0_mod011_post0,tau_mean_dry_down_days
1,450,12,mae,standard,0.24070651127143589,5,0.018061797759603336,pre0_mod012_post0,tau_mean_dry_down_days
1,450,12,rmse,standard,0.2892892661313842,5,0.022643670262516808,pre0_mod012_post0,tau_mean_dry_down_days
1,450,12,rsq,standard,0.10038119650849599,5,0.0804443427846498,pre0_mod012_post0,tau_mean_dry_down_days
1,450,15,mae,standard,0.24306503464237575,5,0.01826348672917694,pre0_mod013_post0,tau_mean_dry_down_days
1,450,15,rmse,standard,0.2914165766811846,5,0.022484290149262637,pre0_mod013_post0,tau_mean_dry_down_days
1,450,15,rsq,standard,0.08835739012507815,5,0.07481772462089277,pre0_mod013_post0,tau_mean_dry_down_days
1,450,18,mae,standard,0.2420211179566105,5,0.01934016651974587,pre0_mod014_post0,tau_mean_dry_down_days
1,450,18,rmse,standard,0.29010637748212204,5,0.024246333926554085,pre0_mod014_post0,tau_mean_dry_down_days
1,450,18,rsq,standard,0.10001401351099402,5,0.08945270291668445,pre0_mod014_post0,tau_mean_dry_down_days
1,450,21,mae,standard,0.24275050264765885,5,0.018044495198957983,pre0_mod015_post0,tau_mean_dry_down_days
1,450,21,rmse,standard,0.29015143679173283,5,0.023029590159487724,pre0_mod015_post0,tau_mean_dry_down_days
1,450,21,rsq,standard,0.1004129668333478,5,0.08870007652249232,pre0_mod015_post0,tau_mean_dry_down_days
1,450,25,mae,standard,0.24218487247212464,5,0.018376498188194465,pre0_mod016_post0,tau_mean_dry_down_days
1,450,25,rmse,standard,0.2906945337663179,5,0.022702725488515676,pre0_mod016_post0,tau_mean_dry_down_days
1,450,25,rsq,standard,0.10105338277918441,5,0.09141277685321285,pre0_mod016_post0,tau_mean_dry_down_days
1,650,3,mae,standard,0.2441678140460553,5,0.017537867223227758,pre0_mod017_post0,tau_mean_dry_down_days
1,650,3,rmse,standard,0.2936862181454624,5,0.020838271478043655,pre0_mod017_post0,tau_mean_dry_down_days
1,650,3,rsq,standard,0.054585208702946815,5,0.03819130578514462,pre0_mod017_post0,tau_mean_dry_down_days
1,650,6,mae,standard,0.2419751809057083,5,0.017429194827176947,pre0_mod018_post0,tau_mean_dry_down_days
1,650,6,rmse,standard,0.2916779917338292,5,0.021754992058970565,pre0_mod018_post0,tau_mean_dry_down_days
1,650,6,rsq,standard,0.07054409749239612,5,0.04896682801674895,pre0_mod018_post0,tau_mean_dry_down_days
1,650,9,mae,standard,0.24195182775577187,5,0.01792501487019888,pre0_mod019_post0,tau_mean_dry_down_days
1,650,9,rmse,standard,0.2906264127579885,5,0.022245244640098503,pre0_mod019_post0,tau_mean_dry_down_days
1,650,9,rsq,standard,0.08174161175423274,5,0.06320755344790181,pre0_mod019_post0,tau_mean_dry_down_days
1,650,12,mae,standard,0.24225406381246378,5,0.017746617760445442,pre0_mod020_post0,tau_mean_dry_down_days
1,650,12,rmse,standard,0.29144851962241775,5,0.021785456137264538,pre0_mod020_post0,tau_mean_dry_down_days
1,650,12,rsq,standard,0.0817446325438497,5,0.06595086910908594,pre0_mod020_post0,tau_mean_dry_down_days
1,650,15,mae,standard,0.24240256593881987,5,0.017958026762759944,pre0_mod021_post0,tau_mean_dry_down_days
1,650,15,rmse,standard,0.29126244290407105,5,0.022522390004804046,pre0_mod021_post0,tau_mean_dry_down_days
1,650,15,rsq,standard,0.08167354923078028,5,0.0698360549674376,pre0_mod021_post0,tau_mean_dry_down_days
1,650,18,mae,standard,0.24144098715772372,5,0.018126313647064848,pre0_mod022_post0,tau_mean_dry_down_days
1,650,18,rmse,standard,0.2898147646158048,5,0.02264473512880601,pre0_mod022_post0,tau_mean_dry_down_days
1,650,18,rsq,standard,0.09437206079192006,5,0.08328839148396663,pre0_mod022_post0,tau_mean_dry_down_days
1,650,21,mae,standard,0.24190356273783772,5,0.018246969490174906,pre0_mod023_post0,tau_mean_dry_down_days
1,650,21,rmse,standard,0.29022138449493684,5,0.02325193427830214,pre0_mod023_post0,tau_mean_dry_down_days
1,650,21,rsq,standard,0.10018067197187584,5,0.0876311215187199,pre0_mod023_post0,tau_mean_dry_down_days
1,650,25,mae,standard,0.24310665303652654,5,0.01860941359323031,pre0_mod024_post0,tau_mean_dry_down_days
1,650,25,rmse,standard,0.29111054176761003,5,0.023807313363500143,pre0_mod024_post0,tau_mean_dry_down_days
1,650,25,rsq,standard,0.10226543460210295,5,0.09569479827391723,pre0_mod024_post0,tau_mean_dry_down_days
1,850,3,mae,standard,0.2433578148073022,5,0.01682271661149067,pre0_mod025_post0,tau_mean_dry_down_days
1,850,3,rmse,standard,0.2928730418397648,5,0.020440604457299186,pre0_mod025_post0,tau_mean_dry_down_days
1,850,3,rsq,standard,0.05408091033314924,5,0.03448209644137996,pre0_mod025_post0,tau_mean_dry_down_days
1,850,6,mae,standard,0.24271448012894692,5,0.017180726646171943,pre0_mod026_post0,tau_mean_dry_down_days
1,850,6,rmse,standard,0.29132404928508504,5,0.02148654033074472,pre0_mod026_post0,tau_mean_dry_down_days
1,850,6,rsq,standard,0.06867513161579682,5,0.0464463417576187,pre0_mod026_post0,tau_mean_dry_down_days
1,850,9,mae,standard,0.24251841880430883,5,0.01749287141673036,pre0_mod027_post0,tau_mean_dry_down_days
1,850,9,rmse,standard,0.29137213126136186,5,0.021787988175247863,pre0_mod027_post0,tau_mean_dry_down_days
1,850,9,rsq,standard,0.07656042298228813,5,0.05934901995523972,pre0_mod027_post0,tau_mean_dry_down_days
1,850,12,mae,standard,0.2400755243697171,5,0.018798026704879862,pre0_mod028_post0,tau_mean_dry_down_days
1,850,12,rmse,standard,0.2894626507313875,5,0.022989815112677926,pre0_mod028_post0,tau_mean_dry_down_days
1,850,12,rsq,standard,0.09012838730767164,5,0.07173161203081001,pre0_mod028_post0,tau_mean_dry_down_days
1,850,15,mae,standard,0.2408019491293283,5,0.018273711020139003,pre0_mod029_post0,tau_mean_dry_down_days
1,850,15,rmse,standard,0.2897622316575262,5,0.02285225291566845,pre0_mod029_post0,tau_mean_dry_down_days
1,850,15,rsq,standard,0.09554209868744784,5,0.07945007119363635,pre0_mod029_post0,tau_mean_dry_down_days
1,850,18,mae,standard,0.24169745743111748,5,0.01900246327676086,pre0_mod030_post0,tau_mean_dry_down_days
1,850,18,rmse,standard,0.2900938899789755,5,0.023893941533931273,pre0_mod030_post0,tau_mean_dry_down_days
1,850,18,rsq,standard,0.0984529695892114,5,0.08749966490578265,pre0_mod030_post0,tau_mean_dry_down_days
1,850,21,mae,standard,0.24103987100659657,5,0.01833119122196348,pre0_mod031_post0,tau_mean_dry_down_days
1,850,21,rmse,standard,0.28927313204038196,5,0.023217634410503885,pre0_mod031_post0,tau_mean_dry_down_days
1,850,21,rsq,standard,0.09863037445629005,5,0.08611942192792596,pre0_mod031_post0,tau_mean_dry_down_days
1,850,25,mae,standard,0.2419988066092505,5,0.018147099428980955,pre0_mod032_post0,tau_mean_dry_down_days
1,850,25,rmse,standard,0.29056341524549334,5,0.023081687426644314,pre0_mod032_post0,tau_mean_dry_down_days
1,850,25,rsq,standard,0.09871407193074982,5,0.08774408542303831,pre0_mod032_post0,tau_mean_dry_down_days
1,1050,3,mae,standard,0.24485138058813108,5,0.016549288283060078,pre0_mod033_post0,tau_mean_dry_down_days
1,1050,3,rmse,standard,0.2936479602177663,5,0.0205556983019668,pre0_mod033_post0,tau_mean_dry_down_days
1,1050,3,rsq,standard,0.05294101938419594,5,0.03442498218103872,pre0_mod033_post0,tau_mean_dry_down_days
1,1050,6,mae,standard,0.24328725067353887,5,0.01718176977718991,pre0_mod034_post0,tau_mean_dry_down_days
1,1050,6,rmse,standard,0.2920828733670442,5,0.021536007191599444,pre0_mod034_post0,tau_mean_dry_down_days
1,1050,6,rsq,standard,0.06471199523347487,5,0.04554813735235201,pre0_mod034_post0,tau_mean_dry_down_days
1,1050,9,mae,standard,0.24253397831907558,5,0.01848097575822771,pre0_mod035_post0,tau_mean_dry_down_days
1,1050,9,rmse,standard,0.29128789772824726,5,0.022464748713519785,pre0_mod035_post0,tau_mean_dry_down_days
1,1050,9,rsq,standard,0.07921897621765898,5,0.061585873398198286,pre0_mod035_post0,tau_mean_dry_down_days
1,1050,12,mae,standard,0.24165983069933536,5,0.01756836041269976,pre0_mod036_post0,tau_mean_dry_down_days
1,1050,12,rmse,standard,0.29034207971761694,5,0.022182259354962697,pre0_mod036_post0,tau_mean_dry_down_days
1,1050,12,rsq,standard,0.08410642942618898,5,0.06705281812600872,pre0_mod036_post0,tau_mean_dry_down_days
1,1050,15,mae,standard,0.2429810584607658,5,0.018157179387290345,pre0_mod037_post0,tau_mean_dry_down_days
1,1050,15,rmse,standard,0.29115012327778056,5,0.022364342996242303,pre0_mod037_post0,tau_mean_dry_down_days
1,1050,15,rsq,standard,0.08654946794723986,5,0.07352169357972663,pre0_mod037_post0,tau_mean_dry_down_days
1,1050,18,mae,standard,0.24233948207528733,5,0.01817256362873889,pre0_mod038_post0,tau_mean_dry_down_days
1,1050,18,rmse,standard,0.2898669841801589,5,0.02306313888593236,pre0_mod038_post0,tau_mean_dry_down_days
1,1050,18,rsq,standard,0.09319709244971296,5,0.08165217440786068,pre0_mod038_post0,tau_mean_dry_down_days
1,1050,21,mae,standard,0.2414944145500451,5,0.01831153375345563,pre0_mod039_post0,tau_mean_dry_down_days
1,1050,21,rmse,standard,0.2896514346961294,5,0.023165200907926186,pre0_mod039_post0,tau_mean_dry_down_days
1,1050,21,rsq,standard,0.0996380147870221,5,0.08746129622202797,pre0_mod039_post0,tau_mean_dry_down_days
1,1050,25,mae,standard,0.24157896938567203,5,0.01851288689003958,pre0_mod040_post0,tau_mean_dry_down_days
1,1050,25,rmse,standard,0.28981639081567273,5,0.023592682756779584,pre0_mod040_post0,tau_mean_dry_down_days
1,1050,25,rsq,standard,0.10576673858718012,5,0.09396669882857715,pre0_mod040_post0,tau_mean_dry_down_days
1,1250,3,mae,standard,0.24449795364504662,5,0.016966645978301435,pre0_mod041_post0,tau_mean_dry_down_days
1,1250,3,rmse,standard,0.29333323149182455,5,0.021056684619259525,pre0_mod041_post0,tau_mean_dry_down_days
1,1250,3,rsq,standard,0.059232020273637824,5,0.040917966450132556,pre0_mod041_post0,tau_mean_dry_down_days
1,1250,6,mae,standard,0.243398795192854,5,0.017497422024686907,pre0_mod042_post0,tau_mean_dry_down_days
1,1250,6,rmse,standard,0.29259709550417046,5,0.021521453517969056,pre0_mod042_post0,tau_mean_dry_down_days
1,1250,6,rsq,standard,0.06723915583553097,5,0.04867252606965663,pre0_mod042_post0,tau_mean_dry_down_days
1,1250,9,mae,standard,0.2423748863431554,5,0.01773366095895737,pre0_mod043_post0,tau_mean_dry_down_days
1,1250,9,rmse,standard,0.2915430805205587,5,0.02196153664979679,pre0_mod043_post0,tau_mean_dry_down_days
1,1250,9,rsq,standard,0.07310370909403917,5,0.056435418488916714,pre0_mod043_post0,tau_mean_dry_down_days
1,1250,12,mae,standard,0.24228617512684428,5,0.0174346344661815,pre0_mod044_post0,tau_mean_dry_down_days
1,1250,12,rmse,standard,0.2908202979577873,5,0.021976911969590743,pre0_mod044_post0,tau_mean_dry_down_days
1,1250,12,rsq,standard,0.07747642010903316,5,0.06314577381543805,pre0_mod044_post0,tau_mean_dry_down_days
1,1250,15,mae,standard,0.24173538628534338,5,0.01831057229094649,pre0_mod045_post0,tau_mean_dry_down_days
1,1250,15,rmse,standard,0.29003961898877906,5,0.022774492321282622,pre0_mod045_post0,tau_mean_dry_down_days
1,1250,15,rsq,standard,0.09037908319124272,5,0.07467318697804766,pre0_mod045_post0,tau_mean_dry_down_days
1,1250,18,mae,standard,0.24231821633865253,5,0.01820937132072061,pre0_mod046_post0,tau_mean_dry_down_days
1,1250,18,rmse,standard,0.2904223437422538,5,0.023111905109954426,pre0_mod046_post0,tau_mean_dry_down_days
1,1250,18,rsq,standard,0.09692388980891158,5,0.08460795534911561,pre0_mod046_post0,tau_mean_dry_down_days
1,1250,21,mae,standard,0.24217232417334864,5,0.01795974414605646,pre0_mod047_post0,tau_mean_dry_down_days
1,1250,21,rmse,standard,0.2900310692873438,5,0.022694382641904202,pre0_mod047_post0,tau_mean_dry_down_days
1,1250,21,rsq,standard,0.09732358327288126,5,0.08574472376814961,pre0_mod047_post0,tau_mean_dry_down_days
1,1250,25,mae,standard,0.2419802021529445,5,0.01820271668113153,pre0_mod048_post0,tau_mean_dry_down_days
1,1250,25,rmse,standard,0.2902088602541789,5,0.0233124451334002,pre0_mod048_post0,tau_mean_dry_down_days
1,1250,25,rsq,standard,0.10464344724578094,5,0.09333780751337872,pre0_mod048_post0,tau_mean_dry_down_days
1,1450,3,mae,standard,0.2445063089145332,5,0.01713015708222085,pre0_mod049_post0,tau_mean_dry_down_days
1,1450,3,rmse,standard,0.2935900565969197,5,0.020523801770080948,pre0_mod049_post0,tau_mean_dry_down_days
1,1450,3,rsq,standard,0.051996935228284594,5,0.03335823537321325,pre0_mod049_post0,tau_mean_dry_down_days
1,1450,6,mae,standard,0.24235927892076095,5,0.017987607276984258,pre0_mod050_post0,tau_mean_dry_down_days
1,1450,6,rmse,standard,0.291211169426104,5,0.021892423725511766,pre0_mod050_post0,tau_mean_dry_down_days
1,1450,6,rsq,standard,0.07216652484205754,5,0.05326245501302531,pre0_mod050_post0,tau_mean_dry_down_days
1,1450,9,mae,standard,0.24178957613227217,5,0.017988898502847128,pre0_mod051_post0,tau_mean_dry_down_days
1,1450,9,rmse,standard,0.29042413811028855,5,0.02209504830898281,pre0_mod051_post0,tau_mean_dry_down_days
1,1450,9,rsq,standard,0.08270457364840311,5,0.06423683989625485,pre0_mod051_post0,tau_mean_dry_down_days
1,1450,12,mae,standard,0.24230346103587722,5,0.017584346278168333,pre0_mod052_post0,tau_mean_dry_down_days
1,1450,12,rmse,standard,0.2906037872367548,5,0.021961859045061344,pre0_mod052_post0,tau_mean_dry_down_days
1,1450,12,rsq,standard,0.08117138441978144,5,0.06265377629728676,pre0_mod052_post0,tau_mean_dry_down_days
1,1450,15,mae,standard,0.24261387238487847,5,0.01839553634365475,pre0_mod053_post0,tau_mean_dry_down_days
1,1450,15,rmse,standard,0.2907407564596412,5,0.022731027390777776,pre0_mod053_post0,tau_mean_dry_down_days
1,1450,15,rsq,standard,0.08652634520681038,5,0.07267974846419373,pre0_mod053_post0,tau_mean_dry_down_days
1,1450,18,mae,standard,0.24203757100773401,5,0.01802173836653986,pre0_mod054_post0,tau_mean_dry_down_days
1,1450,18,rmse,standard,0.2907592128651769,5,0.02293773074342054,pre0_mod054_post0,tau_mean_dry_down_days
1,1450,18,rsq,standard,0.09369743229435537,5,0.08068263627933146,pre0_mod054_post0,tau_mean_dry_down_days
1,1450,21,mae,standard,0.24109430505086218,5,0.018057228824899765,pre0_mod055_post0,tau_mean_dry_down_days
1,1450,21,rmse,standard,0.28909858263100097,5,0.022694293244808105,pre0_mod055_post0,tau_mean_dry_down_days
1,1450,21,rsq,standard,0.09957878950918926,5,0.08626179351331821,pre0_mod055_post0,tau_mean_dry_down_days
1,1450,25,mae,standard,0.24250334376947247,5,0.01798826238322827,pre0_mod056_post0,tau_mean_dry_down_days
1,1450,25,rmse,standard,0.2905060760081064,5,0.022863565126756507,pre0_mod056_post0,tau_mean_dry_down_days
1,1450,25,rsq,standard,0.10171128041465614,5,0.090203209957061,pre0_mod056_post0,tau_mean_dry_down_days
1,1650,3,mae,standard,0.24431455889741677,5,0.01759939887250239,pre0_mod057_post0,tau_mean_dry_down_days
1,1650,3,rmse,standard,0.29305804890832987,5,0.021009743684601293,pre0_mod057_post0,tau_mean_dry_down_days
1,1650,3,rsq,standard,0.05925345909773925,5,0.04081681766884442,pre0_mod057_post0,tau_mean_dry_down_days
1,1650,6,mae,standard,0.2427863822065648,5,0.017457874232011526,pre0_mod058_post0,tau_mean_dry_down_days
1,1650,6,rmse,standard,0.2920838528818925,5,0.021415768971818912,pre0_mod058_post0,tau_mean_dry_down_days
1,1650,6,rsq,standard,0.06640505707522111,5,0.04890364163818476,pre0_mod058_post0,tau_mean_dry_down_days
1,1650,9,mae,standard,0.24188130310519285,5,0.017876034822401323,pre0_mod059_post0,tau_mean_dry_down_days
1,1650,9,rmse,standard,0.2909702784229167,5,0.022265360231921327,pre0_mod059_post0,tau_mean_dry_down_days
1,1650,9,rsq,standard,0.08065476339452796,5,0.062290445824380196,pre0_mod059_post0,tau_mean_dry_down_days
1,1650,12,mae,standard,0.2416266607395099,5,0.01809751454318207,pre0_mod060_post0,tau_mean_dry_down_days
1,1650,12,rmse,standard,0.29039071067419714,5,0.022387379700553572,pre0_mod060_post0,tau_mean_dry_down_days
1,1650,12,rsq,standard,0.08750128883346127,5,0.07058678960587426,pre0_mod060_post0,tau_mean_dry_down_days
1,1650,15,mae,standard,0.24141145386792348,5,0.018314250810199363,pre0_mod061_post0,tau_mean_dry_down_days
1,1650,15,rmse,standard,0.28973436677450226,5,0.02295012504748869,pre0_mod061_post0,tau_mean_dry_down_days
1,1650,15,rsq,standard,0.09355114628769019,5,0.0779686629336237,pre0_mod061_post0,tau_mean_dry_down_days
1,1650,18,mae,standard,0.24211872844412677,5,0.01821519073377935,pre0_mod062_post0,tau_mean_dry_down_days
1,1650,18,rmse,standard,0.28965965415149164,5,0.02292837922090365,pre0_mod062_post0,tau_mean_dry_down_days
1,1650,18,rsq,standard,0.09915546100228737,5,0.08544714567522739,pre0_mod062_post0,tau_mean_dry_down_days
1,1650,21,mae,standard,0.24258607226178783,5,0.018295172348599047,pre0_mod063_post0,tau_mean_dry_down_days
1,1650,21,rmse,standard,0.29017936193941374,5,0.023008464235755127,pre0_mod063_post0,tau_mean_dry_down_days
1,1650,21,rsq,standard,0.09714686346199909,5,0.0860781844749716,pre0_mod063_post0,tau_mean_dry_down_days
1,1650,25,mae,standard,0.24167457075152968,5,0.018728184535982805,pre0_mod064_post0,tau_mean_dry_down_days
1,1650,25,rmse,standard,0.28929792051636055,5,0.02360272968068937,pre0_mod064_post0,tau_mean_dry_down_days
1,1650,25,rsq,standard,0.1044309780378109,5,0.09359173404205155,pre0_mod064_post0,tau_mean_dry_down_days
2,250,3,mae,standard,0.2424259716229903,5,0.017479080333696693,pre0_mod065_post0,tau_mean_dry_down_days
2,250,3,rmse,standard,0.2920968316246874,5,0.020848391249338752,pre0_mod065_post0,tau_mean_dry_down_days
2,250,3,rsq,standard,0.06503567714013095,5,0.02916333482743705,pre0_mod065_post0,tau_mean_dry_down_days
2,250,6,mae,standard,0.24303358599690228,5,0.017792374735131525,pre0_mod066_post0,tau_mean_dry_down_days
2,250,6,rmse,standard,0.2941449153418504,5,0.02222059778449631,pre0_mod066_post0,tau_mean_dry_down_days
2,250,6,rsq,standard,0.0587970153715525,5,0.03290135341891597,pre0_mod066_post0,tau_mean_dry_down_days
2,250,9,mae,standard,0.24382723611726542,5,0.01698983946842698,pre0_mod067_post0,tau_mean_dry_down_days
2,250,9,rmse,standard,0.29297351176635866,5,0.021364850726511245,pre0_mod067_post0,tau_mean_dry_down_days
2,250,9,rsq,standard,0.05678013942031575,5,0.029758186130415722,pre0_mod067_post0,tau_mean_dry_down_days
2,250,12,mae,standard,0.24102075180281046,5,0.01904165901823323,pre0_mod068_post0,tau_mean_dry_down_days
2,250,12,rmse,standard,0.2911129056492088,5,0.023409264311895845,pre0_mod068_post0,tau_mean_dry_down_days
2,250,12,rsq,standard,0.08178780636355554,5,0.05711093544351503,pre0_mod068_post0,tau_mean_dry_down_days
2,250,15,mae,standard,0.24388173076950712,5,0.018480797258259803,pre0_mod069_post0,tau_mean_dry_down_days
2,250,15,rmse,standard,0.29225128107871357,5,0.023896602892433446,pre0_mod069_post0,tau_mean_dry_down_days
2,250,15,rsq,standard,0.08599691667202022,5,0.07221399390663417,pre0_mod069_post0,tau_mean_dry_down_days
2,250,18,mae,standard,0.24123936143595492,5,0.020163671149432568,pre0_mod070_post0,tau_mean_dry_down_days
2,250,18,rmse,standard,0.28857525497334713,5,0.024898786183581063,pre0_mod070_post0,tau_mean_dry_down_days
2,250,18,rsq,standard,0.10722227770754034,5,0.0888175496722927,pre0_mod070_post0,tau_mean_dry_down_days
2,250,21,mae,standard,0.24207011429094658,5,0.019569419721262908,pre0_mod071_post0,tau_mean_dry_down_days
2,250,21,rmse,standard,0.2898058534796101,5,0.024537281993740136,pre0_mod071_post0,tau_mean_dry_down_days
2,250,21,rsq,standard,0.09632899780756903,5,0.08364800869735468,pre0_mod071_post0,tau_mean_dry_down_days
2,250,25,mae,standard,0.24433068391826954,5,0.01936413435812949,pre0_mod072_post0,tau_mean_dry_down_days
2,250,25,rmse,standard,0.2918058596634811,5,0.02466463333520658,pre0_mod072_post0,tau_mean_dry_down_days
2,250,25,rsq,standard,0.10194282389898784,5,0.09124022345758498,pre0_mod072_post0,tau_mean_dry_down_days
2,450,3,mae,standard,0.24482427276985744,5,0.016936429955695016,pre0_mod073_post0,tau_mean_dry_down_days
2,450,3,rmse,standard,0.2950820181821591,5,0.020396364862026853,pre0_mod073_post0,tau_mean_dry_down_days
2,450,3,rsq,standard,0.055657039257942215,5,0.025823704517333894,pre0_mod073_post0,tau_mean_dry_down_days
2,450,6,mae,standard,0.24234326264251788,5,0.016917423050254145,pre0_mod074_post0,tau_mean_dry_down_days
2,450,6,rmse,standard,0.29218477141082155,5,0.02081121339580381,pre0_mod074_post0,tau_mean_dry_down_days
2,450,6,rsq,standard,0.06532771135743447,5,0.038451337725307254,pre0_mod074_post0,tau_mean_dry_down_days
2,450,9,mae,standard,0.2416678210051637,5,0.018088501230500223,pre0_mod075_post0,tau_mean_dry_down_days
2,450,9,rmse,standard,0.2914888777435624,5,0.022480794689082213,pre0_mod075_post0,tau_mean_dry_down_days
2,450,9,rsq,standard,0.07070876506710924,5,0.04428569889518775,pre0_mod075_post0,tau_mean_dry_down_days
2,450,12,mae,standard,0.24170002303788019,5,0.018526084475475393,pre0_mod076_post0,tau_mean_dry_down_days
2,450,12,rmse,standard,0.2911488574882061,5,0.02378209400924067,pre0_mod076_post0,tau_mean_dry_down_days
2,450,12,rsq,standard,0.08271157424895016,5,0.0628227852891489,pre0_mod076_post0,tau_mean_dry_down_days
2,450,15,mae,standard,0.2408889795952,5,0.018617992022344314,pre0_mod077_post0,tau_mean_dry_down_days
2,450,15,rmse,standard,0.28994689954136443,5,0.02299042413610597,pre0_mod077_post0,tau_mean_dry_down_days
2,450,15,rsq,standard,0.09162527822238718,5,0.07187890119061412,pre0_mod077_post0,tau_mean_dry_down_days
2,450,18,mae,standard,0.24401125272630894,5,0.01929865529588758,pre0_mod078_post0,tau_mean_dry_down_days
2,450,18,rmse,standard,0.29102771300539154,5,0.024354994563698846,pre0_mod078_post0,tau_mean_dry_down_days
2,450,18,rsq,standard,0.09685712713833824,5,0.08110503796717237,pre0_mod078_post0,tau_mean_dry_down_days
2,450,21,mae,standard,0.24319083094203608,5,0.019178115411091413,pre0_mod079_post0,tau_mean_dry_down_days
2,450,21,rmse,standard,0.29061266822552656,5,0.024334756330396265,pre0_mod079_post0,tau_mean_dry_down_days
2,450,21,rsq,standard,0.1051034369080265,5,0.09113846430488902,pre0_mod079_post0,tau_mean_dry_down_days
2,450,25,mae,standard,0.24352966078962243,5,0.019981950711351334,pre0_mod080_post0,tau_mean_dry_down_days
2,450,25,rmse,standard,0.29114516312653993,5,0.025126419861542525,pre0_mod080_post0,tau_mean_dry_down_days
2,450,25,rsq,standard,0.09808193653004373,5,0.08799825170518004,pre0_mod080_post0,tau_mean_dry_down_days
2,650,3,mae,standard,0.24286198251196806,5,0.016292634517002875,pre0_mod081_post0,tau_mean_dry_down_days
2,650,3,rmse,standard,0.2936780904426059,5,0.020783977450902616,pre0_mod081_post0,tau_mean_dry_down_days
2,650,3,rsq,standard,0.05892256201767194,5,0.02670061469460856,pre0_mod081_post0,tau_mean_dry_down_days
2,650,6,mae,standard,0.24345301166889063,5,0.017435937504531596,pre0_mod082_post0,tau_mean_dry_down_days
2,650,6,rmse,standard,0.29404501764549684,5,0.022381866247039695,pre0_mod082_post0,tau_mean_dry_down_days
2,650,6,rsq,standard,0.061719929447591554,5,0.03627311799786386,pre0_mod082_post0,tau_mean_dry_down_days
2,650,9,mae,standard,0.2422539862870059,5,0.01750317353081197,pre0_mod083_post0,tau_mean_dry_down_days
2,650,9,rmse,standard,0.29232486155157966,5,0.021810852998302384,pre0_mod083_post0,tau_mean_dry_down_days
2,650,9,rsq,standard,0.06677519761514751,5,0.04003009905968083,pre0_mod083_post0,tau_mean_dry_down_days
2,650,12,mae,standard,0.24126104715351904,5,0.018786488808540707,pre0_mod084_post0,tau_mean_dry_down_days
2,650,12,rmse,standard,0.29089037834571707,5,0.02348172798457403,pre0_mod084_post0,tau_mean_dry_down_days
2,650,12,rsq,standard,0.08250514511616704,5,0.06216499516847702,pre0_mod084_post0,tau_mean_dry_down_days
2,650,15,mae,standard,0.24235273998069878,5,0.019248848535142644,pre0_mod085_post0,tau_mean_dry_down_days
2,650,15,rmse,standard,0.29080080092531735,5,0.024462335286937604,pre0_mod085_post0,tau_mean_dry_down_days
2,650,15,rsq,standard,0.09327076766100198,5,0.07706421663147206,pre0_mod085_post0,tau_mean_dry_down_days
2,650,18,mae,standard,0.24328286298788795,5,0.018843546057935166,pre0_mod086_post0,tau_mean_dry_down_days
2,650,18,rmse,standard,0.29144930602165164,5,0.02386133152781641,pre0_mod086_post0,tau_mean_dry_down_days
2,650,18,rsq,standard,0.09132194822847035,5,0.07654179260858425,pre0_mod086_post0,tau_mean_dry_down_days
2,650,21,mae,standard,0.24390984025131332,5,0.019211547707651218,pre0_mod087_post0,tau_mean_dry_down_days
2,650,21,rmse,standard,0.29194955111222953,5,0.0241296444184322,pre0_mod087_post0,tau_mean_dry_down_days
2,650,21,rsq,standard,0.09904254598132467,5,0.08809358659236116,pre0_mod087_post0,tau_mean_dry_down_days
2,650,25,mae,standard,0.2422928591367633,5,0.019718309356365125,pre0_mod088_post0,tau_mean_dry_down_days
2,650,25,rmse,standard,0.28970514543047693,5,0.02485139536829851,pre0_mod088_post0,tau_mean_dry_down_days
2,650,25,rsq,standard,0.10709459097511101,5,0.09629962795931421,pre0_mod088_post0,tau_mean_dry_down_days
2,850,3,mae,standard,0.24401160748869943,5,0.016486589637412157,pre0_mod089_post0,tau_mean_dry_down_days
2,850,3,rmse,standard,0.2950369944205001,5,0.02069363861239127,pre0_mod089_post0,tau_mean_dry_down_days
2,850,3,rsq,standard,0.05266937328873215,5,0.024779074242719502,pre0_mod089_post0,tau_mean_dry_down_days
2,850,6,mae,standard,0.24330187084275415,5,0.016648945181813573,pre0_mod090_post0,tau_mean_dry_down_days
2,850,6,rmse,standard,0.29361595503670274,5,0.020766537939379763,pre0_mod090_post0,tau_mean_dry_down_days
2,850,6,rsq,standard,0.05672127957235166,5,0.02993779538405542,pre0_mod090_post0,tau_mean_dry_down_days
2,850,9,mae,standard,0.24008927048113435,5,0.017799557352514976,pre0_mod091_post0,tau_mean_dry_down_days
2,850,9,rmse,standard,0.28982326316431595,5,0.02256240730592086,pre0_mod091_post0,tau_mean_dry_down_days
2,850,9,rsq,standard,0.08151763632476529,5,0.05221329887957519,pre0_mod091_post0,tau_mean_dry_down_days
2,850,12,mae,standard,0.2405320951807408,5,0.018225347511879465,pre0_mod092_post0,tau_mean_dry_down_days
2,850,12,rmse,standard,0.29013138656246945,5,0.023047211541181476,pre0_mod092_post0,tau_mean_dry_down_days
2,850,12,rsq,standard,0.08579061740750561,5,0.06000408142633225,pre0_mod092_post0,tau_mean_dry_down_days
2,850,15,mae,standard,0.24146203313402057,5,0.019649971162094746,pre0_mod093_post0,tau_mean_dry_down_days
2,850,15,rmse,standard,0.2904250184230286,5,0.024461735718449704,pre0_mod093_post0,tau_mean_dry_down_days
2,850,15,rsq,standard,0.0963896116929162,5,0.07893783057984441,pre0_mod093_post0,tau_mean_dry_down_days
2,850,18,mae,standard,0.2422940764411154,5,0.019258378444214037,pre0_mod094_post0,tau_mean_dry_down_days
2,850,18,rmse,standard,0.29031108694259355,5,0.0245767507543717,pre0_mod094_post0,tau_mean_dry_down_days
2,850,18,rsq,standard,0.10058251850124142,5,0.08161821050048361,pre0_mod094_post0,tau_mean_dry_down_days
2,850,21,mae,standard,0.24250774791781646,5,0.019769297316538797,pre0_mod095_post0,tau_mean_dry_down_days
2,850,21,rmse,standard,0.28984261863396943,5,0.02434146450919594,pre0_mod095_post0,tau_mean_dry_down_days
2,850,21,rsq,standard,0.10201055372908335,5,0.08888231788205914,pre0_mod095_post0,tau_mean_dry_down_days
2,850,25,mae,standard,0.24341068798195456,5,0.01879470751407694,pre0_mod096_post0,tau_mean_dry_down_days
2,850,25,rmse,standard,0.29108039675764125,5,0.0238695912852692,pre0_mod096_post0,tau_mean_dry_down_days
2,850,25,rsq,standard,0.09767119658888533,5,0.0845858091015243,pre0_mod096_post0,tau_mean_dry_down_days
2,1050,3,mae,standard,0.24434120539031273,5,0.016096832266687778,pre0_mod097_post0,tau_mean_dry_down_days
2,1050,3,rmse,standard,0.2945727363507914,5,0.019755366065119066,pre0_mod097_post0,tau_mean_dry_down_days
2,1050,3,rsq,standard,0.05128730739943413,5,0.02111119860886144,pre0_mod097_post0,tau_mean_dry_down_days
2,1050,6,mae,standard,0.24288599806369457,5,0.01794840240051236,pre0_mod098_post0,tau_mean_dry_down_days
2,1050,6,rmse,standard,0.29287589804963293,5,0.022255843866528208,pre0_mod098_post0,tau_mean_dry_down_days
2,1050,6,rsq,standard,0.0652060991480175,5,0.03959852666178783,pre0_mod098_post0,tau_mean_dry_down_days
2,1050,9,mae,standard,0.24230194092517976,5,0.017626617153399703,pre0_mod099_post0,tau_mean_dry_down_days
2,1050,9,rmse,standard,0.29207333540152874,5,0.022088895455117656,pre0_mod099_post0,tau_mean_dry_down_days
2,1050,9,rsq,standard,0.07057746736264588,5,0.04438898707521748,pre0_mod099_post0,tau_mean_dry_down_days
2,1050,12,mae,standard,0.24258287100871978,5,0.017817245062297225,pre0_mod100_post0,tau_mean_dry_down_days
2,1050,12,rmse,standard,0.2911719196968193,5,0.022688025237454494,pre0_mod100_post0,tau_mean_dry_down_days
2,1050,12,rsq,standard,0.08027071113640515,5,0.056983821586021964,pre0_mod100_post0,tau_mean_dry_down_days
2,1050,15,mae,standard,0.24239952925286645,5,0.019104610813666646,pre0_mod101_post0,tau_mean_dry_down_days
2,1050,15,rmse,standard,0.29127634101001676,5,0.023973940011588146,pre0_mod101_post0,tau_mean_dry_down_days
2,1050,15,rsq,standard,0.08546192586802379,5,0.06794002480049574,pre0_mod101_post0,tau_mean_dry_down_days
2,1050,18,mae,standard,0.24298786076846576,5,0.018872277029325774,pre0_mod102_post0,tau_mean_dry_down_days
2,1050,18,rmse,standard,0.29095739794087583,5,0.02383336454505421,pre0_mod102_post0,tau_mean_dry_down_days
2,1050,18,rsq,standard,0.0943398656640147,5,0.07895526102061283,pre0_mod102_post0,tau_mean_dry_down_days
2,1050,21,mae,standard,0.2441405877329622,5,0.01945387890556687,pre0_mod103_post0,tau_mean_dry_down_days
2,1050,21,rmse,standard,0.29145301577767996,5,0.024230052172280164,pre0_mod103_post0,tau_mean_dry_down_days
2,1050,21,rsq,standard,0.0928461901484696,5,0.07975349806412625,pre0_mod103_post0,tau_mean_dry_down_days
2,1050,25,mae,standard,0.2429035513016278,5,0.018736739549288294,pre0_mod104_post0,tau_mean_dry_down_days
2,1050,25,rmse,standard,0.2901189614970624,5,0.023675392049553348,pre0_mod104_post0,tau_mean_dry_down_days
2,1050,25,rsq,standard,0.10704786652587096,5,0.09168785927633884,pre0_mod104_post0,tau_mean_dry_down_days
2,1250,3,mae,standard,0.24470853364684422,5,0.016504339041087304,pre0_mod105_post0,tau_mean_dry_down_days
2,1250,3,rmse,standard,0.2944936254706148,5,0.020583122790537305,pre0_mod105_post0,tau_mean_dry_down_days
2,1250,3,rsq,standard,0.05328709378342157,5,0.02309975963219673,pre0_mod105_post0,tau_mean_dry_down_days
2,1250,6,mae,standard,0.2424681227605276,5,0.017047397278325147,pre0_mod106_post0,tau_mean_dry_down_days
2,1250,6,rmse,standard,0.29368333417938874,5,0.021095785227490255,pre0_mod106_post0,tau_mean_dry_down_days
2,1250,6,rsq,standard,0.05992190378525718,5,0.03194271052093213,pre0_mod106_post0,tau_mean_dry_down_days
2,1250,9,mae,standard,0.24189292451359717,5,0.017940126986575093,pre0_mod107_post0,tau_mean_dry_down_days
2,1250,9,rmse,standard,0.29219440950034814,5,0.0223745804985378,pre0_mod107_post0,tau_mean_dry_down_days
2,1250,9,rsq,standard,0.07187465382797223,5,0.0500347373786162,pre0_mod107_post0,tau_mean_dry_down_days
2,1250,12,mae,standard,0.24235558495620024,5,0.018484186784284904,pre0_mod108_post0,tau_mean_dry_down_days
2,1250,12,rmse,standard,0.29129892423527154,5,0.023370158065528505,pre0_mod108_post0,tau_mean_dry_down_days
2,1250,12,rsq,standard,0.08228876063701057,5,0.06333971734792342,pre0_mod108_post0,tau_mean_dry_down_days
2,1250,15,mae,standard,0.24228432395491922,5,0.01904625570716599,pre0_mod109_post0,tau_mean_dry_down_days
2,1250,15,rmse,standard,0.2909871882097795,5,0.02399291696875981,pre0_mod109_post0,tau_mean_dry_down_days
2,1250,15,rsq,standard,0.09153722790657576,5,0.07288933542476805,pre0_mod109_post0,tau_mean_dry_down_days
2,1250,18,mae,standard,0.24224972673133002,5,0.019715524109846127,pre0_mod110_post0,tau_mean_dry_down_days
2,1250,18,rmse,standard,0.2904188034372759,5,0.0244006777846159,pre0_mod110_post0,tau_mean_dry_down_days
2,1250,18,rsq,standard,0.09935576548165807,5,0.08356418086264136,pre0_mod110_post0,tau_mean_dry_down_days
2,1250,21,mae,standard,0.24367910509092455,5,0.019176483136739877,pre0_mod111_post0,tau_mean_dry_down_days
2,1250,21,rmse,standard,0.2915001953063747,5,0.023782707527666754,pre0_mod111_post0,tau_mean_dry_down_days
2,1250,21,rsq,standard,0.09288221263000554,5,0.0816916907904904,pre0_mod111_post0,tau_mean_dry_down_days
2,1250,25,mae,standard,0.24324529793030142,5,0.019444248872165792,pre0_mod112_post0,tau_mean_dry_down_days
2,1250,25,rmse,standard,0.2906759076321892,5,0.02431018947600215,pre0_mod112_post0,tau_mean_dry_down_days
2,1250,25,rsq,standard,0.09956832012026005,5,0.08758735451457401,pre0_mod112_post0,tau_mean_dry_down_days
2,1450,3,mae,standard,0.24484306050552085,5,0.01591429160136458,pre0_mod113_post0,tau_mean_dry_down_days
2,1450,3,rmse,standard,0.29505962414855114,5,0.019979930808229043,pre0_mod113_post0,tau_mean_dry_down_days
2,1450,3,rsq,standard,0.05189757364963498,5,0.020758565682246665,pre0_mod113_post0,tau_mean_dry_down_days
2,1450,6,mae,standard,0.242922752660129,5,0.017364136748939715,pre0_mod114_post0,tau_mean_dry_down_days
2,1450,6,rmse,standard,0.29306366608961676,5,0.022128814680730278,pre0_mod114_post0,tau_mean_dry_down_days
2,1450,6,rsq,standard,0.06529545275685338,5,0.03796523918498002,pre0_mod114_post0,tau_mean_dry_down_days
2,1450,9,mae,standard,0.24095474039088924,5,0.0182918832427398,pre0_mod115_post0,tau_mean_dry_down_days
2,1450,9,rmse,standard,0.291117026073939,5,0.0227220431226019,pre0_mod115_post0,tau_mean_dry_down_days
2,1450,9,rsq,standard,0.07700962347738609,5,0.049396410108201776,pre0_mod115_post0,tau_mean_dry_down_days
2,1450,12,mae,standard,0.24291675184230285,5,0.018318474576239932,pre0_mod116_post0,tau_mean_dry_down_days
2,1450,12,rmse,standard,0.2921796500944894,5,0.023218617464455266,pre0_mod116_post0,tau_mean_dry_down_days
2,1450,12,rsq,standard,0.07762193014079222,5,0.05766805331039467,pre0_mod116_post0,tau_mean_dry_down_days
2,1450,15,mae,standard,0.24254200789818825,5,0.019157570338642828,pre0_mod117_post0,tau_mean_dry_down_days
2,1450,15,rmse,standard,0.2911461073972387,5,0.023954788494962412,pre0_mod117_post0,tau_mean_dry_down_days
2,1450,15,rsq,standard,0.09228273369282518,5,0.07421859174003197,pre0_mod117_post0,tau_mean_dry_down_days
2,1450,18,mae,standard,0.2416512538181433,5,0.01973389365656535,pre0_mod118_post0,tau_mean_dry_down_days
2,1450,18,rmse,standard,0.28963528383462256,5,0.02438119242008032,pre0_mod118_post0,tau_mean_dry_down_days
2,1450,18,rsq,standard,0.09910239596858732,5,0.08262860891264942,pre0_mod118_post0,tau_mean_dry_down_days
2,1450,21,mae,standard,0.24270761655821052,5,0.019746782140890106,pre0_mod119_post0,tau_mean_dry_down_days
2,1450,21,rmse,standard,0.2898414252199383,5,0.024486565571788608,pre0_mod119_post0,tau_mean_dry_down_days
2,1450,21,rsq,standard,0.10434485674502245,5,0.08841855534428496,pre0_mod119_post0,tau_mean_dry_down_days
2,1450,25,mae,standard,0.24295978147027586,5,0.01921041602833925,pre0_mod120_post0,tau_mean_dry_down_days
2,1450,25,rmse,standard,0.2900033943008293,5,0.02407648414274232,pre0_mod120_post0,tau_mean_dry_down_days
2,1450,25,rsq,standard,0.09951520657614703,5,0.08799514871860827,pre0_mod120_post0,tau_mean_dry_down_days
2,1650,3,mae,standard,0.24494164590926149,5,0.016996814431240643,pre0_mod121_post0,tau_mean_dry_down_days
2,1650,3,rmse,standard,0.2951164800841424,5,0.021154841066791344,pre0_mod121_post0,tau_mean_dry_down_days
2,1650,3,rsq,standard,0.05346542511187875,5,0.025289347665575657,pre0_mod121_post0,tau_mean_dry_down_days
2,1650,6,mae,standard,0.2432669019729574,5,0.017175750251145157,pre0_mod122_post0,tau_mean_dry_down_days
2,1650,6,rmse,standard,0.29363125140537,5,0.02146418538286333,pre0_mod122_post0,tau_mean_dry_down_days
2,1650,6,rsq,standard,0.06193730267429115,5,0.0347094163524896,pre0_mod122_post0,tau_mean_dry_down_days
2,1650,9,mae,standard,0.24124883644363188,5,0.01771598905821208,pre0_mod123_post0,tau_mean_dry_down_days
2,1650,9,rmse,standard,0.291296423836116,5,0.022231628697359,pre0_mod123_post0,tau_mean_dry_down_days
2,1650,9,rsq,standard,0.07421458899280303,5,0.04714878213169389,pre0_mod123_post0,tau_mean_dry_down_days
2,1650,12,mae,standard,0.24243459806678327,5,0.018821342657419294,pre0_mod124_post0,tau_mean_dry_down_days
2,1650,12,rmse,standard,0.2915705722613023,5,0.02356898954034246,pre0_mod124_post0,tau_mean_dry_down_days
2,1650,12,rsq,standard,0.08299906643347851,5,0.06278788036246968,pre0_mod124_post0,tau_mean_dry_down_days
2,1650,15,mae,standard,0.2419302944253557,5,0.019261339349377703,pre0_mod125_post0,tau_mean_dry_down_days
2,1650,15,rmse,standard,0.2909698446093309,5,0.023833545008381335,pre0_mod125_post0,tau_mean_dry_down_days
2,1650,15,rsq,standard,0.08775848502930182,5,0.06954012863390373,pre0_mod125_post0,tau_mean_dry_down_days
2,1650,18,mae,standard,0.24350379456150056,5,0.019092782329048385,pre0_mod126_post0,tau_mean_dry_down_days
2,1650,18,rmse,standard,0.2912529515792831,5,0.023983422093737942,pre0_mod126_post0,tau_mean_dry_down_days
2,1650,18,rsq,standard,0.095157288988678,5,0.08177645946856349,pre0_mod126_post0,tau_mean_dry_down_days
2,1650,21,mae,standard,0.24313825020583052,5,0.01949735658153362,pre0_mod127_post0,tau_mean_dry_down_days
2,1650,21,rmse,standard,0.29106537040688024,5,0.024624068478292856,pre0_mod127_post0,tau_mean_dry_down_days
2,1650,21,rsq,standard,0.10207715012783321,5,0.09032296812232972,pre0_mod127_post0,tau_mean_dry_down_days
2,1650,25,mae,standard,0.24286234110805452,5,0.01932676981081218,pre0_mod128_post0,tau_mean_dry_down_days
2,1650,25,rmse,standard,0.2900536614268814,5,0.02425608287357153,pre0_mod128_post0,tau_mean_dry_down_days
2,1650,25,rsq,standard,0.10292205589358817,5,0.08993025182286676,pre0_mod128_post0,tau_mean_dry_down_days
3,250,3,mae,standard,0.24643787224535058,5,0.016731128714360992,pre0_mod129_post0,tau_mean_dry_down_days
3,250,3,rmse,standard,0.2954282197603919,5,0.02090858426667342,pre0_mod129_post0,tau_mean_dry_down_days
3,250,3,rsq,standard,0.050300467885677116,5,0.022473303061748974,pre0_mod129_post0,tau_mean_dry_down_days
3,250,6,mae,standard,0.24429916820452968,5,0.017763256856664186,pre0_mod130_post0,tau_mean_dry_down_days
3,250,6,rmse,standard,0.29555642731414106,5,0.022319648809396145,pre0_mod130_post0,tau_mean_dry_down_days
3,250,6,rsq,standard,0.06188495223618651,5,0.03378529369097537,pre0_mod130_post0,tau_mean_dry_down_days
3,250,9,mae,standard,0.24229897182743051,5,0.01897373191365361,pre0_mod131_post0,tau_mean_dry_down_days
3,250,9,rmse,standard,0.2940472419209777,5,0.02263926448789159,pre0_mod131_post0,tau_mean_dry_down_days
3,250,9,rsq,standard,0.06588515851050596,5,0.044224337612578726,pre0_mod131_post0,tau_mean_dry_down_days
3,250,12,mae,standard,0.24389197830881848,5,0.019137289389509485,pre0_mod132_post0,tau_mean_dry_down_days
3,250,12,rmse,standard,0.2940658107144811,5,0.024245910379807337,pre0_mod132_post0,tau_mean_dry_down_days
3,250,12,rsq,standard,0.07595004010892535,5,0.05397772439081979,pre0_mod132_post0,tau_mean_dry_down_days
3,250,15,mae,standard,0.24472303901772346,5,0.018496785716016415,pre0_mod133_post0,tau_mean_dry_down_days
3,250,15,rmse,standard,0.29330870726600505,5,0.023540238965039546,pre0_mod133_post0,tau_mean_dry_down_days
3,250,15,rsq,standard,0.07859045287079214,5,0.06255168643828332,pre0_mod133_post0,tau_mean_dry_down_days
3,250,18,mae,standard,0.24362167287430495,5,0.01955871918363547,pre0_mod134_post0,tau_mean_dry_down_days
3,250,18,rmse,standard,0.2909003425295131,5,0.024184963794985474,pre0_mod134_post0,tau_mean_dry_down_days
3,250,18,rsq,standard,0.09271625574080956,5,0.0765845352472263,pre0_mod134_post0,tau_mean_dry_down_days
3,250,21,mae,standard,0.24402057195946442,5,0.020496862937080727,pre0_mod135_post0,tau_mean_dry_down_days
3,250,21,rmse,standard,0.29000889131026514,5,0.025205918188008967,pre0_mod135_post0,tau_mean_dry_down_days
3,250,21,rsq,standard,0.1006592531898974,5,0.08641693320625164,pre0_mod135_post0,tau_mean_dry_down_days
3,250,25,mae,standard,0.24466093368702696,5,0.020276517645896747,pre0_mod136_post0,tau_mean_dry_down_days
3,250,25,rmse,standard,0.2921789969362536,5,0.02485199517549627,pre0_mod136_post0,tau_mean_dry_down_days
3,250,25,rsq,standard,0.09561472726065705,5,0.08688521438940973,pre0_mod136_post0,tau_mean_dry_down_days
3,450,3,mae,standard,0.2454204070629986,5,0.01598187954014324,pre0_mod137_post0,tau_mean_dry_down_days
3,450,3,rmse,standard,0.2965579602451259,5,0.02127303223120984,pre0_mod137_post0,tau_mean_dry_down_days
3,450,3,rsq,standard,0.05643437764867578,5,0.021991223552208766,pre0_mod137_post0,tau_mean_dry_down_days
3,450,6,mae,standard,0.2448799078562629,5,0.017877984410602697,pre0_mod138_post0,tau_mean_dry_down_days
3,450,6,rmse,standard,0.29550576392893024,5,0.02274607256070905,pre0_mod138_post0,tau_mean_dry_down_days
3,450,6,rsq,standard,0.06138925841034002,5,0.03431033157855877,pre0_mod138_post0,tau_mean_dry_down_days
3,450,9,mae,standard,0.24403322402182948,5,0.018358456788464653,pre0_mod139_post0,tau_mean_dry_down_days
3,450,9,rmse,standard,0.2934047086436147,5,0.02360138915459117,pre0_mod139_post0,tau_mean_dry_down_days
3,450,9,rsq,standard,0.07062693807233208,5,0.04497803082094241,pre0_mod139_post0,tau_mean_dry_down_days
3,450,12,mae,standard,0.24331892061628257,5,0.018712345158330753,pre0_mod140_post0,tau_mean_dry_down_days
3,450,12,rmse,standard,0.2930545864649427,5,0.023792308503069962,pre0_mod140_post0,tau_mean_dry_down_days
3,450,12,rsq,standard,0.08018575159142009,5,0.057257555386965614,pre0_mod140_post0,tau_mean_dry_down_days
3,450,15,mae,standard,0.24265038881948825,5,0.019942406326360733,pre0_mod141_post0,tau_mean_dry_down_days
3,450,15,rmse,standard,0.29231460821994687,5,0.025031487863764437,pre0_mod141_post0,tau_mean_dry_down_days
3,450,15,rsq,standard,0.0929698803388606,5,0.0730461586912286,pre0_mod141_post0,tau_mean_dry_down_days
3,450,18,mae,standard,0.24415777935506017,5,0.020338491316893845,pre0_mod142_post0,tau_mean_dry_down_days
3,450,18,rmse,standard,0.29247441471342056,5,0.025584871067991122,pre0_mod142_post0,tau_mean_dry_down_days
3,450,18,rsq,standard,0.09442028408165731,5,0.07988777395362497,pre0_mod142_post0,tau_mean_dry_down_days
3,450,21,mae,standard,0.24428364641136405,5,0.019843216651209753,pre0_mod143_post0,tau_mean_dry_down_days
3,450,21,rmse,standard,0.2918680664147712,5,0.02502681100276826,pre0_mod143_post0,tau_mean_dry_down_days
3,450,21,rsq,standard,0.09425398633972991,5,0.08319379115688386,pre0_mod143_post0,tau_mean_dry_down_days
3,450,25,mae,standard,0.2446251046743103,5,0.020166800493515907,pre0_mod144_post0,tau_mean_dry_down_days
3,450,25,rmse,standard,0.29196045405853155,5,0.02553737080687461,pre0_mod144_post0,tau_mean_dry_down_days
3,450,25,rsq,standard,0.09591723310131799,5,0.08477101633981426,pre0_mod144_post0,tau_mean_dry_down_days
3,650,3,mae,standard,0.24367252855160568,5,0.016945622057763603,pre0_mod145_post0,tau_mean_dry_down_days
3,650,3,rmse,standard,0.2949968654306841,5,0.02119273212487267,pre0_mod145_post0,tau_mean_dry_down_days
3,650,3,rsq,standard,0.056829367287301244,5,0.023732285503878667,pre0_mod145_post0,tau_mean_dry_down_days
3,650,6,mae,standard,0.2433367599718193,5,0.018018206119482173,pre0_mod146_post0,tau_mean_dry_down_days
3,650,6,rmse,standard,0.2940201212169155,5,0.02282710669539769,pre0_mod146_post0,tau_mean_dry_down_days
3,650,6,rsq,standard,0.06700217035218996,5,0.036039598125638915,pre0_mod146_post0,tau_mean_dry_down_days
3,650,9,mae,standard,0.24201887968076316,5,0.018121997020005064,pre0_mod147_post0,tau_mean_dry_down_days
3,650,9,rmse,standard,0.292765331049621,5,0.023309003295267937,pre0_mod147_post0,tau_mean_dry_down_days
3,650,9,rsq,standard,0.07337461700383018,5,0.04499187504082408,pre0_mod147_post0,tau_mean_dry_down_days
3,650,12,mae,standard,0.2444479202604724,5,0.01948153604672552,pre0_mod148_post0,tau_mean_dry_down_days
3,650,12,rmse,standard,0.2933045520450419,5,0.0242081303299921,pre0_mod148_post0,tau_mean_dry_down_days
3,650,12,rsq,standard,0.07944783758815285,5,0.05932553541445939,pre0_mod148_post0,tau_mean_dry_down_days
3,650,15,mae,standard,0.24380606965686336,5,0.019119485106285257,pre0_mod149_post0,tau_mean_dry_down_days
3,650,15,rmse,standard,0.29281107782288784,5,0.024008980233515404,pre0_mod149_post0,tau_mean_dry_down_days
3,650,15,rsq,standard,0.08338578287836337,5,0.06550995095843051,pre0_mod149_post0,tau_mean_dry_down_days
3,650,18,mae,standard,0.2443462487467378,5,0.020017031840907838,pre0_mod150_post0,tau_mean_dry_down_days
3,650,18,rmse,standard,0.2915207344069786,5,0.025377670682472243,pre0_mod150_post0,tau_mean_dry_down_days
3,650,18,rsq,standard,0.0909556744793167,5,0.0753876720125668,pre0_mod150_post0,tau_mean_dry_down_days
3,650,21,mae,standard,0.24521078021775947,5,0.019501570976485843,pre0_mod151_post0,tau_mean_dry_down_days
3,650,21,rmse,standard,0.2930543970086057,5,0.02479569465688157,pre0_mod151_post0,tau_mean_dry_down_days
3,650,21,rsq,standard,0.09220857976630797,5,0.08071984676955589,pre0_mod151_post0,tau_mean_dry_down_days
3,650,25,mae,standard,0.2452545502472646,5,0.01946809421169704,pre0_mod152_post0,tau_mean_dry_down_days
3,650,25,rmse,standard,0.2914555364951074,5,0.024587610993427825,pre0_mod152_post0,tau_mean_dry_down_days
3,650,25,rsq,standard,0.09578716748064577,5,0.08523730883769748,pre0_mod152_post0,tau_mean_dry_down_days
3,850,3,mae,standard,0.24376793195095436,5,0.016464726572386647,pre0_mod153_post0,tau_mean_dry_down_days
3,850,3,rmse,standard,0.2947927395707511,5,0.021109214424545806,pre0_mod153_post0,tau_mean_dry_down_days
3,850,3,rsq,standard,0.06009792699390029,5,0.0249804158944046,pre0_mod153_post0,tau_mean_dry_down_days
3,850,6,mae,standard,0.2425774866510235,5,0.017911195076281396,pre0_mod154_post0,tau_mean_dry_down_days
3,850,6,rmse,standard,0.2934348519460743,5,0.022805050005541488,pre0_mod154_post0,tau_mean_dry_down_days
3,850,6,rsq,standard,0.06813471088774453,5,0.034531887819109194,pre0_mod154_post0,tau_mean_dry_down_days
3,850,9,mae,standard,0.24352371417397306,5,0.01899656699796249,pre0_mod155_post0,tau_mean_dry_down_days
3,850,9,rmse,standard,0.2932571121132773,5,0.023763132757848644,pre0_mod155_post0,tau_mean_dry_down_days
3,850,9,rsq,standard,0.07313118667027471,5,0.04725740108116206,pre0_mod155_post0,tau_mean_dry_down_days
3,850,12,mae,standard,0.24317332947564796,5,0.019468130547336353,pre0_mod156_post0,tau_mean_dry_down_days
3,850,12,rmse,standard,0.2932866333701314,5,0.024322972903825218,pre0_mod156_post0,tau_mean_dry_down_days
3,850,12,rsq,standard,0.08035364969231158,5,0.05863092876147031,pre0_mod156_post0,tau_mean_dry_down_days
3,850,15,mae,standard,0.24348125879484778,5,0.019168025000090943,pre0_mod157_post0,tau_mean_dry_down_days
3,850,15,rmse,standard,0.29215618520738,5,0.024653518187133284,pre0_mod157_post0,tau_mean_dry_down_days
3,850,15,rsq,standard,0.0900747932337378,5,0.07001250543274241,pre0_mod157_post0,tau_mean_dry_down_days
3,850,18,mae,standard,0.24316368080547518,5,0.02025019193160212,pre0_mod158_post0,tau_mean_dry_down_days
3,850,18,rmse,standard,0.29073783257776986,5,0.025002155919628854,pre0_mod158_post0,tau_mean_dry_down_days
3,850,18,rsq,standard,0.0991930868488886,5,0.08277558477219417,pre0_mod158_post0,tau_mean_dry_down_days
3,850,21,mae,standard,0.24481456179644892,5,0.019574618863761387,pre0_mod159_post0,tau_mean_dry_down_days
3,850,21,rmse,standard,0.2923320423404201,5,0.024677929590173345,pre0_mod159_post0,tau_mean_dry_down_days
3,850,21,rsq,standard,0.09526524549101316,5,0.08235723218726042,pre0_mod159_post0,tau_mean_dry_down_days
3,850,25,mae,standard,0.2453845872810669,5,0.02020123051831607,pre0_mod160_post0,tau_mean_dry_down_days
3,850,25,rmse,standard,0.2922420619676182,5,0.024766184231795624,pre0_mod160_post0,tau_mean_dry_down_days
3,850,25,rsq,standard,0.09713747072698331,5,0.08665093794576527,pre0_mod160_post0,tau_mean_dry_down_days
3,1050,3,mae,standard,0.244483829159378,5,0.0166320452201597,pre0_mod161_post0,tau_mean_dry_down_days
3,1050,3,rmse,standard,0.2957306215686314,5,0.021251310095772958,pre0_mod161_post0,tau_mean_dry_down_days
3,1050,3,rsq,standard,0.05506370210546309,5,0.021492648433743898,pre0_mod161_post0,tau_mean_dry_down_days
3,1050,6,mae,standard,0.2440474777745963,5,0.018067403008305803,pre0_mod162_post0,tau_mean_dry_down_days
3,1050,6,rmse,standard,0.29441588233217675,5,0.02286091246492544,pre0_mod162_post0,tau_mean_dry_down_days
3,1050,6,rsq,standard,0.06430758795765454,5,0.036326895213567495,pre0_mod162_post0,tau_mean_dry_down_days
3,1050,9,mae,standard,0.2445097778703229,5,0.018266488350042243,pre0_mod163_post0,tau_mean_dry_down_days
3,1050,9,rmse,standard,0.294968335021607,5,0.022838261613623963,pre0_mod163_post0,tau_mean_dry_down_days
3,1050,9,rsq,standard,0.06349059368008707,5,0.0395512527594363,pre0_mod163_post0,tau_mean_dry_down_days
3,1050,12,mae,standard,0.2434026637247404,5,0.018963006294761407,pre0_mod164_post0,tau_mean_dry_down_days
3,1050,12,rmse,standard,0.29344490702993253,5,0.02410808255139434,pre0_mod164_post0,tau_mean_dry_down_days
3,1050,12,rsq,standard,0.07779156348860372,5,0.05719692946274382,pre0_mod164_post0,tau_mean_dry_down_days
3,1050,15,mae,standard,0.24367200905027578,5,0.020227719571267067,pre0_mod165_post0,tau_mean_dry_down_days
3,1050,15,rmse,standard,0.2925047719094512,5,0.025477486704502617,pre0_mod165_post0,tau_mean_dry_down_days
3,1050,15,rsq,standard,0.08962184477543689,5,0.07272259039015504,pre0_mod165_post0,tau_mean_dry_down_days
3,1050,18,mae,standard,0.24401166366119295,5,0.019880657758175328,pre0_mod166_post0,tau_mean_dry_down_days
3,1050,18,rmse,standard,0.29192519238879766,5,0.024867592137864634,pre0_mod166_post0,tau_mean_dry_down_days
3,1050,18,rsq,standard,0.09179242016657924,5,0.07663948736492861,pre0_mod166_post0,tau_mean_dry_down_days
3,1050,21,mae,standard,0.24446914215278032,5,0.02043331237942405,pre0_mod167_post0,tau_mean_dry_down_days
3,1050,21,rmse,standard,0.29133899042004713,5,0.025158069449991948,pre0_mod167_post0,tau_mean_dry_down_days
3,1050,21,rsq,standard,0.09680279578644375,5,0.08495048049707479,pre0_mod167_post0,tau_mean_dry_down_days
3,1050,25,mae,standard,0.24376090776416862,5,0.02044119602441299,pre0_mod168_post0,tau_mean_dry_down_days
3,1050,25,rmse,standard,0.29086310943635046,5,0.025187370647517415,pre0_mod168_post0,tau_mean_dry_down_days
3,1050,25,rsq,standard,0.1016733138330838,5,0.09015424543824951,pre0_mod168_post0,tau_mean_dry_down_days
3,1250,3,mae,standard,0.2455073319101297,5,0.016492369706260415,pre0_mod169_post0,tau_mean_dry_down_days
3,1250,3,rmse,standard,0.2968942378112195,5,0.021103473492552663,pre0_mod169_post0,tau_mean_dry_down_days
3,1250,3,rsq,standard,0.052810583918486156,5,0.02156972900587688,pre0_mod169_post0,tau_mean_dry_down_days
3,1250,6,mae,standard,0.24440741154826595,5,0.016934312480323812,pre0_mod170_post0,tau_mean_dry_down_days
3,1250,6,rmse,standard,0.2949731182314079,5,0.021509830296823015,pre0_mod170_post0,tau_mean_dry_down_days
3,1250,6,rsq,standard,0.05762422732298007,5,0.027329330939848705,pre0_mod170_post0,tau_mean_dry_down_days
3,1250,9,mae,standard,0.24234714324796192,5,0.018765190405860603,pre0_mod171_post0,tau_mean_dry_down_days
3,1250,9,rmse,standard,0.2928995250713497,5,0.02352292958443204,pre0_mod171_post0,tau_mean_dry_down_days
3,1250,9,rsq,standard,0.07109333336914744,5,0.04643923587623582,pre0_mod171_post0,tau_mean_dry_down_days
3,1250,12,mae,standard,0.24321383045559045,5,0.018573517127945728,pre0_mod172_post0,tau_mean_dry_down_days
3,1250,12,rmse,standard,0.2926496730901384,5,0.023561879235299916,pre0_mod172_post0,tau_mean_dry_down_days
3,1250,12,rsq,standard,0.0777889954666048,5,0.055649809486275396,pre0_mod172_post0,tau_mean_dry_down_days
3,1250,15,mae,standard,0.24474697537256937,5,0.020268979717357354,pre0_mod173_post0,tau_mean_dry_down_days
3,1250,15,rmse,standard,0.29336272734994495,5,0.02533563675266378,pre0_mod173_post0,tau_mean_dry_down_days
3,1250,15,rsq,standard,0.08885715071890385,5,0.07223834797317037,pre0_mod173_post0,tau_mean_dry_down_days
3,1250,18,mae,standard,0.2437103616755161,5,0.020022154922780984,pre0_mod174_post0,tau_mean_dry_down_days
3,1250,18,rmse,standard,0.29163277043807506,5,0.025147798331493255,pre0_mod174_post0,tau_mean_dry_down_days
3,1250,18,rsq,standard,0.09417860318345624,5,0.07719588243380589,pre0_mod174_post0,tau_mean_dry_down_days
3,1250,21,mae,standard,0.24445480072186115,5,0.020223008607576077,pre0_mod175_post0,tau_mean_dry_down_days
3,1250,21,rmse,standard,0.2920272172782662,5,0.02529024775792984,pre0_mod175_post0,tau_mean_dry_down_days
3,1250,21,rsq,standard,0.0986926570027785,5,0.08560595978261731,pre0_mod175_post0,tau_mean_dry_down_days
3,1250,25,mae,standard,0.24541907037715066,5,0.020238915006654524,pre0_mod176_post0,tau_mean_dry_down_days
3,1250,25,rmse,standard,0.2923722742031394,5,0.025113517913819373,pre0_mod176_post0,tau_mean_dry_down_days
3,1250,25,rsq,standard,0.09739924643579312,5,0.08937393101478718,pre0_mod176_post0,tau_mean_dry_down_days
3,1450,3,mae,standard,0.24493614513063527,5,0.016981914567650556,pre0_mod177_post0,tau_mean_dry_down_days
3,1450,3,rmse,standard,0.2961374762222852,5,0.021512624487070597,pre0_mod177_post0,tau_mean_dry_down_days
3,1450,3,rsq,standard,0.056048201169055394,5,0.022887762426997575,pre0_mod177_post0,tau_mean_dry_down_days
3,1450,6,mae,standard,0.2418133019604413,5,0.018056606689787015,pre0_mod178_post0,tau_mean_dry_down_days
3,1450,6,rmse,standard,0.29313097909377417,5,0.02307334296757343,pre0_mod178_post0,tau_mean_dry_down_days
3,1450,6,rsq,standard,0.07118148661210612,5,0.03556057377017254,pre0_mod178_post0,tau_mean_dry_down_days
3,1450,9,mae,standard,0.24257880099398546,5,0.01888534872047101,pre0_mod179_post0,tau_mean_dry_down_days
3,1450,9,rmse,standard,0.29311005591046985,5,0.023892078091790944,pre0_mod179_post0,tau_mean_dry_down_days
3,1450,9,rsq,standard,0.075758968140826,5,0.04690142813719532,pre0_mod179_post0,tau_mean_dry_down_days
3,1450,12,mae,standard,0.24392546023648592,5,0.018834080777533395,pre0_mod180_post0,tau_mean_dry_down_days
3,1450,12,rmse,standard,0.2927731596646207,5,0.02404942295198457,pre0_mod180_post0,tau_mean_dry_down_days
3,1450,12,rsq,standard,0.07714462161871319,5,0.05548199356992768,pre0_mod180_post0,tau_mean_dry_down_days
3,1450,15,mae,standard,0.24452049645650925,5,0.019639032236045788,pre0_mod181_post0,tau_mean_dry_down_days
3,1450,15,rmse,standard,0.29320542071426736,5,0.024655923211053657,pre0_mod181_post0,tau_mean_dry_down_days
3,1450,15,rsq,standard,0.085035423505289,5,0.06769412579714341,pre0_mod181_post0,tau_mean_dry_down_days
3,1450,18,mae,standard,0.24407721280739533,5,0.019933577555110105,pre0_mod182_post0,tau_mean_dry_down_days
3,1450,18,rmse,standard,0.29222260107493453,5,0.02498214547411293,pre0_mod182_post0,tau_mean_dry_down_days
3,1450,18,rsq,standard,0.09204165537505389,5,0.07862270052342323,pre0_mod182_post0,tau_mean_dry_down_days
3,1450,21,mae,standard,0.24455512234351093,5,0.01986699480220462,pre0_mod183_post0,tau_mean_dry_down_days
3,1450,21,rmse,standard,0.2916058532276455,5,0.02487131371065175,pre0_mod183_post0,tau_mean_dry_down_days
3,1450,21,rsq,standard,0.09630675312651671,5,0.08354888828224165,pre0_mod183_post0,tau_mean_dry_down_days
3,1450,25,mae,standard,0.24438146005701736,5,0.019703686622636732,pre0_mod184_post0,tau_mean_dry_down_days
3,1450,25,rmse,standard,0.2913042288506686,5,0.02486766045914565,pre0_mod184_post0,tau_mean_dry_down_days
3,1450,25,rsq,standard,0.10153346257981777,5,0.09010324310217713,pre0_mod184_post0,tau_mean_dry_down_days
3,1650,3,mae,standard,0.24513359571859425,5,0.016995610552011025,pre0_mod185_post0,tau_mean_dry_down_days
3,1650,3,rmse,standard,0.29615169515680473,5,0.02143081358455928,pre0_mod185_post0,tau_mean_dry_down_days
3,1650,3,rsq,standard,0.054995532870506514,5,0.025324247576826733,pre0_mod185_post0,tau_mean_dry_down_days
3,1650,6,mae,standard,0.2431102477709738,5,0.017482785169594738,pre0_mod186_post0,tau_mean_dry_down_days
3,1650,6,rmse,standard,0.29401003298574996,5,0.022105859950561562,pre0_mod186_post0,tau_mean_dry_down_days
3,1650,6,rsq,standard,0.061002863555189565,5,0.031613705906685725,pre0_mod186_post0,tau_mean_dry_down_days
3,1650,9,mae,standard,0.24232709181293927,5,0.018636661648716808,pre0_mod187_post0,tau_mean_dry_down_days
3,1650,9,rmse,standard,0.2927315922271322,5,0.023728023708067352,pre0_mod187_post0,tau_mean_dry_down_days
3,1650,9,rsq,standard,0.07515403742461524,5,0.04706893830117191,pre0_mod187_post0,tau_mean_dry_down_days
3,1650,12,mae,standard,0.24234580975358316,5,0.01915749299751356,pre0_mod188_post0,tau_mean_dry_down_days
3,1650,12,rmse,standard,0.29147852271706476,5,0.024101428357656385,pre0_mod188_post0,tau_mean_dry_down_days
3,1650,12,rsq,standard,0.08337800529111564,5,0.058752691276869363,pre0_mod188_post0,tau_mean_dry_down_days
3,1650,15,mae,standard,0.24362220817784713,5,0.019669561111424552,pre0_mod189_post0,tau_mean_dry_down_days
3,1650,15,rmse,standard,0.2924100535235009,5,0.024932758980422857,pre0_mod189_post0,tau_mean_dry_down_days
3,1650,15,rsq,standard,0.08688540287106783,5,0.06905981837636312,pre0_mod189_post0,tau_mean_dry_down_days
3,1650,18,mae,standard,0.24447595010852685,5,0.019784268162688325,pre0_mod190_post0,tau_mean_dry_down_days
3,1650,18,rmse,standard,0.29229525327922545,5,0.024898184618459974,pre0_mod190_post0,tau_mean_dry_down_days
3,1650,18,rsq,standard,0.09327594092913037,5,0.07947368284654488,pre0_mod190_post0,tau_mean_dry_down_days
3,1650,21,mae,standard,0.24397814978100071,5,0.0199477960186905,pre0_mod191_post0,tau_mean_dry_down_days
3,1650,21,rmse,standard,0.2914402969914613,5,0.024969974044408014,pre0_mod191_post0,tau_mean_dry_down_days
3,1650,21,rsq,standard,0.09459252038250483,5,0.08096196550031277,pre0_mod191_post0,tau_mean_dry_down_days
3,1650,25,mae,standard,0.2451475007607295,5,0.019954869238445534,pre0_mod192_post0,tau_mean_dry_down_days
3,1650,25,rmse,standard,0.29187122134589055,5,0.024896553832856064,pre0_mod192_post0,tau_mean_dry_down_days
3,1650,25,rsq,standard,0.09897405206774385,5,0.0889364101284817,pre0_mod192_post0,tau_mean_dry_down_days
4,250,3,mae,standard,0.24903132667815006,5,0.015389044545664655,pre0_mod193_post0,tau_mean_dry_down_days
4,250,3,rmse,standard,0.3012129262033177,5,0.02066641514868546,pre0_mod193_post0,tau_mean_dry_down_days
4,250,3,rsq,standard,0.038264441065940215,5,0.014623921061740711,pre0_mod193_post0,tau_mean_dry_down_days
4,250,6,mae,standard,0.24494498564716616,5,0.018657555772482893,pre0_mod194_post0,tau_mean_dry_down_days
4,250,6,rmse,standard,0.2961507107074699,5,0.023803148507727627,pre0_mod194_post0,tau_mean_dry_down_days
4,250,6,rsq,standard,0.06661601131014422,5,0.03655320581698882,pre0_mod194_post0,tau_mean_dry_down_days
4,250,9,mae,standard,0.2453849390400566,5,0.01829646107455649,pre0_mod195_post0,tau_mean_dry_down_days
4,250,9,rmse,standard,0.2947980273020037,5,0.02284722922976543,pre0_mod195_post0,tau_mean_dry_down_days
4,250,9,rsq,standard,0.062405552389885835,5,0.0398210374730358,pre0_mod195_post0,tau_mean_dry_down_days
4,250,12,mae,standard,0.2445099803644503,5,0.019739210312295634,pre0_mod196_post0,tau_mean_dry_down_days
4,250,12,rmse,standard,0.2940103296727649,5,0.024340352447815936,pre0_mod196_post0,tau_mean_dry_down_days
4,250,12,rsq,standard,0.06901883925158138,5,0.04983437208481408,pre0_mod196_post0,tau_mean_dry_down_days
4,250,15,mae,standard,0.2461297528722144,5,0.021014833373341472,pre0_mod197_post0,tau_mean_dry_down_days
4,250,15,rmse,standard,0.2950454693353287,5,0.02636819362113072,pre0_mod197_post0,tau_mean_dry_down_days
4,250,15,rsq,standard,0.08328819628463831,5,0.06483530763059697,pre0_mod197_post0,tau_mean_dry_down_days
4,250,18,mae,standard,0.24352257302837935,5,0.019619789918765864,pre0_mod198_post0,tau_mean_dry_down_days
4,250,18,rmse,standard,0.29148927284563486,5,0.024832638295578073,pre0_mod198_post0,tau_mean_dry_down_days
4,250,18,rsq,standard,0.10025650413622951,5,0.07919901547008983,pre0_mod198_post0,tau_mean_dry_down_days
4,250,21,mae,standard,0.2460941848241722,5,0.019676940838198455,pre0_mod199_post0,tau_mean_dry_down_days
4,250,21,rmse,standard,0.29377301682521506,5,0.02496224687002419,pre0_mod199_post0,tau_mean_dry_down_days
4,250,21,rsq,standard,0.08727152153578978,5,0.07758258885501607,pre0_mod199_post0,tau_mean_dry_down_days
4,250,25,mae,standard,0.2455412436187861,5,0.020812423228973292,pre0_mod200_post0,tau_mean_dry_down_days
4,250,25,rmse,standard,0.2928537524093795,5,0.025703639080807264,pre0_mod200_post0,tau_mean_dry_down_days
4,250,25,rsq,standard,0.10496107096291465,5,0.09144571720801807,pre0_mod200_post0,tau_mean_dry_down_days
4,450,3,mae,standard,0.24461235034187956,5,0.01757534428165934,pre0_mod201_post0,tau_mean_dry_down_days
4,450,3,rmse,standard,0.29517221397363136,5,0.021763750679289998,pre0_mod201_post0,tau_mean_dry_down_days
4,450,3,rsq,standard,0.060155078755218895,5,0.025062680410412666,pre0_mod201_post0,tau_mean_dry_down_days
4,450,6,mae,standard,0.24418629653970594,5,0.01859244356541498,pre0_mod202_post0,tau_mean_dry_down_days
4,450,6,rmse,standard,0.2966113809142951,5,0.023593479773791774,pre0_mod202_post0,tau_mean_dry_down_days
4,450,6,rsq,standard,0.060557914814652274,5,0.031819926924019394,pre0_mod202_post0,tau_mean_dry_down_days
4,450,9,mae,standard,0.24653983483274014,5,0.018791379288450167,pre0_mod203_post0,tau_mean_dry_down_days
4,450,9,rmse,standard,0.297739774072765,5,0.023738025073076093,pre0_mod203_post0,tau_mean_dry_down_days
4,450,9,rsq,standard,0.058005723670027876,5,0.033782226842956085,pre0_mod203_post0,tau_mean_dry_down_days
4,450,12,mae,standard,0.24294994081451518,5,0.020092186002989613,pre0_mod204_post0,tau_mean_dry_down_days
4,450,12,rmse,standard,0.29278213854631496,5,0.02517964907142526,pre0_mod204_post0,tau_mean_dry_down_days
4,450,12,rsq,standard,0.08106280790975705,5,0.05910603594301577,pre0_mod204_post0,tau_mean_dry_down_days
4,450,15,mae,standard,0.24463576608405171,5,0.020222314084939748,pre0_mod205_post0,tau_mean_dry_down_days
4,450,15,rmse,standard,0.2932123684464065,5,0.025487451534181936,pre0_mod205_post0,tau_mean_dry_down_days
4,450,15,rsq,standard,0.08687903697683927,5,0.07148029885961213,pre0_mod205_post0,tau_mean_dry_down_days
4,450,18,mae,standard,0.24477525943852646,5,0.02099896159344817,pre0_mod206_post0,tau_mean_dry_down_days
4,450,18,rmse,standard,0.29287857413399115,5,0.02554863271587969,pre0_mod206_post0,tau_mean_dry_down_days
4,450,18,rsq,standard,0.09127923701444349,5,0.07661849092939002,pre0_mod206_post0,tau_mean_dry_down_days
4,450,21,mae,standard,0.24486069342733202,5,0.021010760904369617,pre0_mod207_post0,tau_mean_dry_down_days
4,450,21,rmse,standard,0.2923391488066977,5,0.025853673040558838,pre0_mod207_post0,tau_mean_dry_down_days
4,450,21,rsq,standard,0.09618010590670954,5,0.08555442332229475,pre0_mod207_post0,tau_mean_dry_down_days
4,450,25,mae,standard,0.24611163888882265,5,0.019873433712948144,pre0_mod208_post0,tau_mean_dry_down_days
4,450,25,rmse,standard,0.2930402943189834,5,0.024859381430861367,pre0_mod208_post0,tau_mean_dry_down_days
4,450,25,rsq,standard,0.09186137212815007,5,0.08263361967874301,pre0_mod208_post0,tau_mean_dry_down_days
4,650,3,mae,standard,0.2460432087113816,5,0.017574824598525777,pre0_mod209_post0,tau_mean_dry_down_days
4,650,3,rmse,standard,0.2974434540361654,5,0.023009489798921083,pre0_mod209_post0,tau_mean_dry_down_days
4,650,3,rsq,standard,0.06067288745741436,5,0.02474369576105217,pre0_mod209_post0,tau_mean_dry_down_days
4,650,6,mae,standard,0.24536802174178887,5,0.01875178695531403,pre0_mod210_post0,tau_mean_dry_down_days
4,650,6,rmse,standard,0.2969242198269467,5,0.023664449815519694,pre0_mod210_post0,tau_mean_dry_down_days
4,650,6,rsq,standard,0.05979888307156703,5,0.032825512191244854,pre0_mod210_post0,tau_mean_dry_down_days
4,650,9,mae,standard,0.24457310374242738,5,0.018488582296990817,pre0_mod211_post0,tau_mean_dry_down_days
4,650,9,rmse,standard,0.2952959607942416,5,0.024105811837798634,pre0_mod211_post0,tau_mean_dry_down_days
4,650,9,rsq,standard,0.06729341018020021,5,0.03716526251235461,pre0_mod211_post0,tau_mean_dry_down_days
4,650,12,mae,standard,0.24532097214697413,5,0.019883503106035885,pre0_mod212_post0,tau_mean_dry_down_days
4,650,12,rmse,standard,0.2940083901684031,5,0.02488386375861773,pre0_mod212_post0,tau_mean_dry_down_days
4,650,12,rsq,standard,0.07626999363538171,5,0.05725105469657895,pre0_mod212_post0,tau_mean_dry_down_days
4,650,15,mae,standard,0.24369593715202792,5,0.020001937907266374,pre0_mod213_post0,tau_mean_dry_down_days
4,650,15,rmse,standard,0.29278633742666527,5,0.025428660403336013,pre0_mod213_post0,tau_mean_dry_down_days
4,650,15,rsq,standard,0.0885747692678183,5,0.0708130875704812,pre0_mod213_post0,tau_mean_dry_down_days
4,650,18,mae,standard,0.24621633797427192,5,0.0199300598223752,pre0_mod214_post0,tau_mean_dry_down_days
4,650,18,rmse,standard,0.2939434269590011,5,0.025308426928434425,pre0_mod214_post0,tau_mean_dry_down_days
4,650,18,rsq,standard,0.08726509834935711,5,0.07226048218861277,pre0_mod214_post0,tau_mean_dry_down_days
4,650,21,mae,standard,0.24586152777548084,5,0.02124917889981909,pre0_mod215_post0,tau_mean_dry_down_days
4,650,21,rmse,standard,0.29300996521240497,5,0.026334144468779117,pre0_mod215_post0,tau_mean_dry_down_days
4,650,21,rsq,standard,0.09487954665556136,5,0.08443262527617465,pre0_mod215_post0,tau_mean_dry_down_days
4,650,25,mae,standard,0.24624760623060102,5,0.020350086131690814,pre0_mod216_post0,tau_mean_dry_down_days
4,650,25,rmse,standard,0.2929035067671828,5,0.02522146631890514,pre0_mod216_post0,tau_mean_dry_down_days
4,650,25,rsq,standard,0.09355039954948925,5,0.08567009466808588,pre0_mod216_post0,tau_mean_dry_down_days
4,850,3,mae,standard,0.2451637265555175,5,0.017369698615763762,pre0_mod217_post0,tau_mean_dry_down_days
4,850,3,rmse,standard,0.2962187802292696,5,0.02243943847604365,pre0_mod217_post0,tau_mean_dry_down_days
4,850,3,rsq,standard,0.05745935313618437,5,0.026184131886810073,pre0_mod217_post0,tau_mean_dry_down_days
4,850,6,mae,standard,0.24509608247032205,5,0.017482358522078394,pre0_mod218_post0,tau_mean_dry_down_days
4,850,6,rmse,standard,0.29694714804965483,5,0.0219802854829285,pre0_mod218_post0,tau_mean_dry_down_days
4,850,6,rsq,standard,0.05307025661611307,5,0.023013184791757242,pre0_mod218_post0,tau_mean_dry_down_days
4,850,9,mae,standard,0.24288141921703632,5,0.019246371305061703,pre0_mod219_post0,tau_mean_dry_down_days
4,850,9,rmse,standard,0.29328314407396583,5,0.024319064647002394,pre0_mod219_post0,tau_mean_dry_down_days
4,850,9,rsq,standard,0.0740927494204071,5,0.0458733455605504,pre0_mod219_post0,tau_mean_dry_down_days
4,850,12,mae,standard,0.24310580372442614,5,0.01973329777852987,pre0_mod220_post0,tau_mean_dry_down_days
4,850,12,rmse,standard,0.2934647633669552,5,0.024738340735147944,pre0_mod220_post0,tau_mean_dry_down_days
4,850,12,rsq,standard,0.07948641557462463,5,0.05515029382169411,pre0_mod220_post0,tau_mean_dry_down_days
4,850,15,mae,standard,0.24532828139096755,5,0.019714643847305893,pre0_mod221_post0,tau_mean_dry_down_days
4,850,15,rmse,standard,0.2937216754238634,5,0.024538810735969648,pre0_mod221_post0,tau_mean_dry_down_days
4,850,15,rsq,standard,0.07966097375010263,5,0.0613454383306618,pre0_mod221_post0,tau_mean_dry_down_days
4,850,18,mae,standard,0.24487332495537256,5,0.019814306257573824,pre0_mod222_post0,tau_mean_dry_down_days
4,850,18,rmse,standard,0.2927405766160477,5,0.024967116866678605,pre0_mod222_post0,tau_mean_dry_down_days
4,850,18,rsq,standard,0.08943953030259445,5,0.0738814021213231,pre0_mod222_post0,tau_mean_dry_down_days
4,850,21,mae,standard,0.24410029232009797,5,0.020801581715680136,pre0_mod223_post0,tau_mean_dry_down_days
4,850,21,rmse,standard,0.29189541766563737,5,0.025980811765492755,pre0_mod223_post0,tau_mean_dry_down_days
4,850,21,rsq,standard,0.10145444140508701,5,0.08717885405217006,pre0_mod223_post0,tau_mean_dry_down_days
4,850,25,mae,standard,0.24606924887772758,5,0.019934924204892585,pre0_mod224_post0,tau_mean_dry_down_days
4,850,25,rmse,standard,0.29337926729874564,5,0.02498979321992208,pre0_mod224_post0,tau_mean_dry_down_days
4,850,25,rsq,standard,0.0944629533889413,5,0.08382305284091048,pre0_mod224_post0,tau_mean_dry_down_days
4,1050,3,mae,standard,0.24526097077537626,5,0.0170282176723632,pre0_mod225_post0,tau_mean_dry_down_days
4,1050,3,rmse,standard,0.29694739962288474,5,0.02190558880474863,pre0_mod225_post0,tau_mean_dry_down_days
4,1050,3,rsq,standard,0.05637753019012123,5,0.024175464738757018,pre0_mod225_post0,tau_mean_dry_down_days
4,1050,6,mae,standard,0.24358617566246166,5,0.01793456896410431,pre0_mod226_post0,tau_mean_dry_down_days
4,1050,6,rmse,standard,0.2952489255520127,5,0.02244996428510163,pre0_mod226_post0,tau_mean_dry_down_days
4,1050,6,rsq,standard,0.06034774418700949,5,0.03008399154650208,pre0_mod226_post0,tau_mean_dry_down_days
4,1050,9,mae,standard,0.24442265274430708,5,0.018945004925483757,pre0_mod227_post0,tau_mean_dry_down_days
4,1050,9,rmse,standard,0.2949854866945907,5,0.02409236200389206,pre0_mod227_post0,tau_mean_dry_down_days
4,1050,9,rsq,standard,0.06793339042003786,5,0.04252256391390196,pre0_mod227_post0,tau_mean_dry_down_days
4,1050,12,mae,standard,0.24424514300560482,5,0.019767730391414464,pre0_mod228_post0,tau_mean_dry_down_days
4,1050,12,rmse,standard,0.2941073603849959,5,0.02488349361112948,pre0_mod228_post0,tau_mean_dry_down_days
4,1050,12,rsq,standard,0.07784288424686484,5,0.05764096973559466,pre0_mod228_post0,tau_mean_dry_down_days
4,1050,15,mae,standard,0.24441162374970124,5,0.019778163395515243,pre0_mod229_post0,tau_mean_dry_down_days
4,1050,15,rmse,standard,0.29278445993194246,5,0.025060299584768672,pre0_mod229_post0,tau_mean_dry_down_days
4,1050,15,rsq,standard,0.08457571203735777,5,0.06526328376722627,pre0_mod229_post0,tau_mean_dry_down_days
4,1050,18,mae,standard,0.24461382866433798,5,0.019987069433372737,pre0_mod230_post0,tau_mean_dry_down_days
4,1050,18,rmse,standard,0.292649922841991,5,0.025356337277810632,pre0_mod230_post0,tau_mean_dry_down_days
4,1050,18,rsq,standard,0.09123463610278675,5,0.07688777941095987,pre0_mod230_post0,tau_mean_dry_down_days
4,1050,21,mae,standard,0.2445987115844876,5,0.021066136921558648,pre0_mod231_post0,tau_mean_dry_down_days
4,1050,21,rmse,standard,0.29256647838487454,5,0.025732888031025594,pre0_mod231_post0,tau_mean_dry_down_days
4,1050,21,rsq,standard,0.09434569095494805,5,0.08169277383162413,pre0_mod231_post0,tau_mean_dry_down_days
4,1050,25,mae,standard,0.24565542112079622,5,0.020826539544080667,pre0_mod232_post0,tau_mean_dry_down_days
4,1050,25,rmse,standard,0.2922758394655552,5,0.025653074857931165,pre0_mod232_post0,tau_mean_dry_down_days
4,1050,25,rsq,standard,0.10225612921160528,5,0.09312246767492748,pre0_mod232_post0,tau_mean_dry_down_days
4,1250,3,mae,standard,0.24607303719052664,5,0.016812134690357392,pre0_mod233_post0,tau_mean_dry_down_days
4,1250,3,rmse,standard,0.2972294893065663,5,0.02143109222246072,pre0_mod233_post0,tau_mean_dry_down_days
4,1250,3,rsq,standard,0.05317529339488743,5,0.022582583597966874,pre0_mod233_post0,tau_mean_dry_down_days
4,1250,6,mae,standard,0.24474591298025777,5,0.018212162063956826,pre0_mod234_post0,tau_mean_dry_down_days
4,1250,6,rmse,standard,0.2960540467695823,5,0.023170651210834236,pre0_mod234_post0,tau_mean_dry_down_days
4,1250,6,rsq,standard,0.06209416777126097,5,0.03180027650395227,pre0_mod234_post0,tau_mean_dry_down_days
4,1250,9,mae,standard,0.24316132287937056,5,0.019133203553835566,pre0_mod235_post0,tau_mean_dry_down_days
4,1250,9,rmse,standard,0.29404076314063876,5,0.023822007724340493,pre0_mod235_post0,tau_mean_dry_down_days
4,1250,9,rsq,standard,0.06853932711858027,5,0.04129064353034298,pre0_mod235_post0,tau_mean_dry_down_days
4,1250,12,mae,standard,0.24354219220834455,5,0.019296058889338958,pre0_mod236_post0,tau_mean_dry_down_days
4,1250,12,rmse,standard,0.2938001940037828,5,0.024681535908697618,pre0_mod236_post0,tau_mean_dry_down_days
4,1250,12,rsq,standard,0.07764068679122471,5,0.05529396841969396,pre0_mod236_post0,tau_mean_dry_down_days
4,1250,15,mae,standard,0.24475708719431416,5,0.01970835332835363,pre0_mod237_post0,tau_mean_dry_down_days
4,1250,15,rmse,standard,0.29369495832717324,5,0.02482636978146652,pre0_mod237_post0,tau_mean_dry_down_days
4,1250,15,rsq,standard,0.08347928248117824,5,0.06358711135145734,pre0_mod237_post0,tau_mean_dry_down_days
4,1250,18,mae,standard,0.2448045598740323,5,0.019750296199527353,pre0_mod238_post0,tau_mean_dry_down_days
4,1250,18,rmse,standard,0.292472771263027,5,0.024936427324803508,pre0_mod238_post0,tau_mean_dry_down_days
4,1250,18,rsq,standard,0.09063638661818053,5,0.07412631058343791,pre0_mod238_post0,tau_mean_dry_down_days
4,1250,21,mae,standard,0.24519370267143809,5,0.02055877523706997,pre0_mod239_post0,tau_mean_dry_down_days
4,1250,21,rmse,standard,0.2926908156937789,5,0.02539254436271396,pre0_mod239_post0,tau_mean_dry_down_days
4,1250,21,rsq,standard,0.09244646964811654,5,0.07956796363097349,pre0_mod239_post0,tau_mean_dry_down_days
4,1250,25,mae,standard,0.24554645072203368,5,0.02004471223854514,pre0_mod240_post0,tau_mean_dry_down_days
4,1250,25,rmse,standard,0.2920384800038944,5,0.025078716567895877,pre0_mod240_post0,tau_mean_dry_down_days
4,1250,25,rsq,standard,0.10283843743692253,5,0.09146617090676946,pre0_mod240_post0,tau_mean_dry_down_days
4,1450,3,mae,standard,0.2458877397668879,5,0.017401978456109714,pre0_mod241_post0,tau_mean_dry_down_days
4,1450,3,rmse,standard,0.29768590775587933,5,0.022268336760445036,pre0_mod241_post0,tau_mean_dry_down_days
4,1450,3,rsq,standard,0.056202141673389806,5,0.02367894452989429,pre0_mod241_post0,tau_mean_dry_down_days
4,1450,6,mae,standard,0.2442082832054737,5,0.01759476543160994,pre0_mod242_post0,tau_mean_dry_down_days
4,1450,6,rmse,standard,0.2956455576047673,5,0.02275106939840869,pre0_mod242_post0,tau_mean_dry_down_days
4,1450,6,rsq,standard,0.059274714871405516,5,0.029325976663210133,pre0_mod242_post0,tau_mean_dry_down_days
4,1450,9,mae,standard,0.24439708988210485,5,0.019213849313217592,pre0_mod243_post0,tau_mean_dry_down_days
4,1450,9,rmse,standard,0.2944527525943167,5,0.024206638260798722,pre0_mod243_post0,tau_mean_dry_down_days
4,1450,9,rsq,standard,0.07148258521525977,5,0.04558484137351346,pre0_mod243_post0,tau_mean_dry_down_days
4,1450,12,mae,standard,0.24373458936949904,5,0.019628548782422123,pre0_mod244_post0,tau_mean_dry_down_days
4,1450,12,rmse,standard,0.2930671617217603,5,0.024598654291183505,pre0_mod244_post0,tau_mean_dry_down_days
4,1450,12,rsq,standard,0.0786368549400272,5,0.05530095448684307,pre0_mod244_post0,tau_mean_dry_down_days
4,1450,15,mae,standard,0.24514009981243876,5,0.020632743172545126,pre0_mod245_post0,tau_mean_dry_down_days
4,1450,15,rmse,standard,0.29354347919354085,5,0.02557694080958386,pre0_mod245_post0,tau_mean_dry_down_days
4,1450,15,rsq,standard,0.0860660165865688,5,0.07017246808864223,pre0_mod245_post0,tau_mean_dry_down_days
4,1450,18,mae,standard,0.24510863959686807,5,0.02068767330691489,pre0_mod246_post0,tau_mean_dry_down_days
4,1450,18,rmse,standard,0.29271389714266993,5,0.02586483016239176,pre0_mod246_post0,tau_mean_dry_down_days
4,1450,18,rsq,standard,0.09882245761530746,5,0.08318028203116606,pre0_mod246_post0,tau_mean_dry_down_days
4,1450,21,mae,standard,0.2448369188387134,5,0.020811009877605122,pre0_mod247_post0,tau_mean_dry_down_days
4,1450,21,rmse,standard,0.29251836812128146,5,0.025870900259537682,pre0_mod247_post0,tau_mean_dry_down_days
4,1450,21,rsq,standard,0.09643792348175474,5,0.08269662624662981,pre0_mod247_post0,tau_mean_dry_down_days
4,1450,25,mae,standard,0.245447912178625,5,0.02028172830236512,pre0_mod248_post0,tau_mean_dry_down_days
4,1450,25,rmse,standard,0.2921779559519391,5,0.024973120821164856,pre0_mod248_post0,tau_mean_dry_down_days
4,1450,25,rsq,standard,0.09863503500252829,5,0.087875895823811,pre0_mod248_post0,tau_mean_dry_down_days
4,1650,3,mae,standard,0.2460916138309799,5,0.01701073404040544,pre0_mod249_post0,tau_mean_dry_down_days
4,1650,3,rmse,standard,0.2968837639439628,5,0.02168056896674854,pre0_mod249_post0,tau_mean_dry_down_days
4,1650,3,rsq,standard,0.05234085149061997,5,0.0223836062523309,pre0_mod249_post0,tau_mean_dry_down_days
4,1650,6,mae,standard,0.2439046592955988,5,0.017738592681526614,pre0_mod250_post0,tau_mean_dry_down_days
4,1650,6,rmse,standard,0.295043532236853,5,0.023038361166108065,pre0_mod250_post0,tau_mean_dry_down_days
4,1650,6,rsq,standard,0.06458893928968457,5,0.03182481183818582,pre0_mod250_post0,tau_mean_dry_down_days
4,1650,9,mae,standard,0.2437561054540549,5,0.019315599560294293,pre0_mod251_post0,tau_mean_dry_down_days
4,1650,9,rmse,standard,0.29439369124909104,5,0.02439241044047496,pre0_mod251_post0,tau_mean_dry_down_days
4,1650,9,rsq,standard,0.07572878947454235,5,0.04471763079343373,pre0_mod251_post0,tau_mean_dry_down_days
4,1650,12,mae,standard,0.24390410805493376,5,0.019261830148574424,pre0_mod252_post0,tau_mean_dry_down_days
4,1650,12,rmse,standard,0.29364535945377895,5,0.02445097723907338,pre0_mod252_post0,tau_mean_dry_down_days
4,1650,12,rsq,standard,0.07591571210521991,5,0.05299918939129451,pre0_mod252_post0,tau_mean_dry_down_days
4,1650,15,mae,standard,0.2450486521874269,5,0.019588324355816474,pre0_mod253_post0,tau_mean_dry_down_days
4,1650,15,rmse,standard,0.29376994567644354,5,0.025018574085205015,pre0_mod253_post0,tau_mean_dry_down_days
4,1650,15,rsq,standard,0.08158097722818375,5,0.06417786986150732,pre0_mod253_post0,tau_mean_dry_down_days
4,1650,18,mae,standard,0.24528915548384958,5,0.020373149155850295,pre0_mod254_post0,tau_mean_dry_down_days
4,1650,18,rmse,standard,0.29364555737298137,5,0.025396116305825844,pre0_mod254_post0,tau_mean_dry_down_days
4,1650,18,rsq,standard,0.08939423093866777,5,0.07578290000593328,pre0_mod254_post0,tau_mean_dry_down_days
4,1650,21,mae,standard,0.2449591542732328,5,0.019890686040444413,pre0_mod255_post0,tau_mean_dry_down_days
4,1650,21,rmse,standard,0.29233176790729937,5,0.025089484953267103,pre0_mod255_post0,tau_mean_dry_down_days
4,1650,21,rsq,standard,0.0958251881134663,5,0.08153615712396563,pre0_mod255_post0,tau_mean_dry_down_days
4,1650,25,mae,standard,0.2457048575160041,5,0.0205720042441319,pre0_mod256_post0,tau_mean_dry_down_days
4,1650,25,rmse,standard,0.2925170494399463,5,0.025249672529956545,pre0_mod256_post0,tau_mean_dry_down_days
4,1650,25,rsq,standard,0.09817636492514972,5,0.08849548753850678,pre0_mod256_post0,tau_mean_dry_down_days
5,250,3,mae,standard,0.24528917077367018,5,0.01673469921317976,pre0_mod257_post0,tau_mean_dry_down_days
5,250,3,rmse,standard,0.2967635891885122,5,0.021830037426637184,pre0_mod257_post0,tau_mean_dry_down_days
5,250,3,rsq,standard,0.058948810605871024,5,0.025749665463973302,pre0_mod257_post0,tau_mean_dry_down_days
5,250,6,mae,standard,0.2444912029040165,5,0.017954433979317584,pre0_mod258_post0,tau_mean_dry_down_days
5,250,6,rmse,standard,0.2957684419273268,5,0.0230036192500146,pre0_mod258_post0,tau_mean_dry_down_days
5,250,6,rsq,standard,0.055443360010995583,5,0.02769438863207312,pre0_mod258_post0,tau_mean_dry_down_days
5,250,9,mae,standard,0.24529632438757676,5,0.018153848846692158,pre0_mod259_post0,tau_mean_dry_down_days
5,250,9,rmse,standard,0.29565157683498405,5,0.02228256982609819,pre0_mod259_post0,tau_mean_dry_down_days
5,250,9,rsq,standard,0.05339581502068228,5,0.028686435432839375,pre0_mod259_post0,tau_mean_dry_down_days
5,250,12,mae,standard,0.24523767515365327,5,0.020060048585255442,pre0_mod260_post0,tau_mean_dry_down_days
5,250,12,rmse,standard,0.29628980689418905,5,0.024720617381543773,pre0_mod260_post0,tau_mean_dry_down_days
5,250,12,rsq,standard,0.07435912475713016,5,0.05536540493984108,pre0_mod260_post0,tau_mean_dry_down_days
5,250,15,mae,standard,0.24285341674888616,5,0.019607222626831036,pre0_mod261_post0,tau_mean_dry_down_days
5,250,15,rmse,standard,0.29351746283266433,5,0.024306697398289313,pre0_mod261_post0,tau_mean_dry_down_days
5,250,15,rsq,standard,0.08665005686011071,5,0.06896003393242561,pre0_mod261_post0,tau_mean_dry_down_days
5,250,18,mae,standard,0.24269953825907203,5,0.02012980773975534,pre0_mod262_post0,tau_mean_dry_down_days
5,250,18,rmse,standard,0.2897447836741869,5,0.02530286501793015,pre0_mod262_post0,tau_mean_dry_down_days
5,250,18,rsq,standard,0.10282090625461725,5,0.0859165221275811,pre0_mod262_post0,tau_mean_dry_down_days
5,250,21,mae,standard,0.24614581841776087,5,0.021681438638619904,pre0_mod263_post0,tau_mean_dry_down_days
5,250,21,rmse,standard,0.29243555649764097,5,0.026454187452210082,pre0_mod263_post0,tau_mean_dry_down_days
5,250,21,rsq,standard,0.09252602272905208,5,0.08163175974103934,pre0_mod263_post0,tau_mean_dry_down_days
5,250,25,mae,standard,0.2454709334709576,5,0.019706175009897315,pre0_mod264_post0,tau_mean_dry_down_days
5,250,25,rmse,standard,0.29220887925255395,5,0.02441717958102953,pre0_mod264_post0,tau_mean_dry_down_days
5,250,25,rsq,standard,0.1006364286722905,5,0.08699706329693556,pre0_mod264_post0,tau_mean_dry_down_days
5,450,3,mae,standard,0.24658247688204354,5,0.016460851115807622,pre0_mod265_post0,tau_mean_dry_down_days
5,450,3,rmse,standard,0.2975189281477968,5,0.02156438857868105,pre0_mod265_post0,tau_mean_dry_down_days
5,450,3,rsq,standard,0.05140168971590133,5,0.021243135290881482,pre0_mod265_post0,tau_mean_dry_down_days
5,450,6,mae,standard,0.24366691016287734,5,0.01830165963562048,pre0_mod266_post0,tau_mean_dry_down_days
5,450,6,rmse,standard,0.2951854394423158,5,0.022887692882432597,pre0_mod266_post0,tau_mean_dry_down_days
5,450,6,rsq,standard,0.062474341775960236,5,0.031267842982802205,pre0_mod266_post0,tau_mean_dry_down_days
5,450,9,mae,standard,0.24457398288667423,5,0.01855639754001023,pre0_mod267_post0,tau_mean_dry_down_days
5,450,9,rmse,standard,0.2963366702878383,5,0.02371786380434903,pre0_mod267_post0,tau_mean_dry_down_days
5,450,9,rsq,standard,0.062398077274704276,5,0.03614078299722329,pre0_mod267_post0,tau_mean_dry_down_days
5,450,12,mae,standard,0.2449258086420109,5,0.01928329037314345,pre0_mod268_post0,tau_mean_dry_down_days
5,450,12,rmse,standard,0.29494336275003574,5,0.024237047505930576,pre0_mod268_post0,tau_mean_dry_down_days
5,450,12,rsq,standard,0.07039521144865078,5,0.048833667129822275,pre0_mod268_post0,tau_mean_dry_down_days
5,450,15,mae,standard,0.24446500073346233,5,0.0210229793724045,pre0_mod269_post0,tau_mean_dry_down_days
5,450,15,rmse,standard,0.29339846295815913,5,0.025898184849710744,pre0_mod269_post0,tau_mean_dry_down_days
5,450,15,rsq,standard,0.08530316545779337,5,0.06702487382885781,pre0_mod269_post0,tau_mean_dry_down_days
5,450,18,mae,standard,0.24619286117731246,5,0.01986581886476454,pre0_mod270_post0,tau_mean_dry_down_days
5,450,18,rmse,standard,0.29433112558161734,5,0.025049135230546596,pre0_mod270_post0,tau_mean_dry_down_days
5,450,18,rsq,standard,0.0884537905531295,5,0.07491344978136097,pre0_mod270_post0,tau_mean_dry_down_days
5,450,21,mae,standard,0.24470345099176433,5,0.020454722125566913,pre0_mod271_post0,tau_mean_dry_down_days
5,450,21,rmse,standard,0.2918290557482111,5,0.02509412995425031,pre0_mod271_post0,tau_mean_dry_down_days
5,450,21,rsq,standard,0.09594249979624382,5,0.08290772860967008,pre0_mod271_post0,tau_mean_dry_down_days
5,450,25,mae,standard,0.24592594382794752,5,0.02049252481753388,pre0_mod272_post0,tau_mean_dry_down_days
5,450,25,rmse,standard,0.2922790699542654,5,0.025193720324390503,pre0_mod272_post0,tau_mean_dry_down_days
5,450,25,rsq,standard,0.09751507819379009,5,0.0870221147289652,pre0_mod272_post0,tau_mean_dry_down_days
5,650,3,mae,standard,0.24392693014993033,5,0.01757913877180681,pre0_mod273_post0,tau_mean_dry_down_days
5,650,3,rmse,standard,0.29564082925982943,5,0.02260254936106358,pre0_mod273_post0,tau_mean_dry_down_days
5,650,3,rsq,standard,0.05974318630178024,5,0.025320226818359236,pre0_mod273_post0,tau_mean_dry_down_days
5,650,6,mae,standard,0.24578232986963744,5,0.017355948912869446,pre0_mod274_post0,tau_mean_dry_down_days
5,650,6,rmse,standard,0.2967652741062738,5,0.021961478728219932,pre0_mod274_post0,tau_mean_dry_down_days
5,650,6,rsq,standard,0.055015022143490605,5,0.024440897893623404,pre0_mod274_post0,tau_mean_dry_down_days
5,650,9,mae,standard,0.24448617176204243,5,0.01945395498133999,pre0_mod275_post0,tau_mean_dry_down_days
5,650,9,rmse,standard,0.2948951603571738,5,0.024302317936861884,pre0_mod275_post0,tau_mean_dry_down_days
5,650,9,rsq,standard,0.06986489018503499,5,0.04642575855424641,pre0_mod275_post0,tau_mean_dry_down_days
5,650,12,mae,standard,0.24486823314270065,5,0.019730888114803752,pre0_mod276_post0,tau_mean_dry_down_days
5,650,12,rmse,standard,0.29458334187071483,5,0.0246891252597687,pre0_mod276_post0,tau_mean_dry_down_days
5,650,12,rsq,standard,0.0724648310334005,5,0.053087889428949764,pre0_mod276_post0,tau_mean_dry_down_days
5,650,15,mae,standard,0.24285027824076802,5,0.01966539844480083,pre0_mod277_post0,tau_mean_dry_down_days
5,650,15,rmse,standard,0.29184720757573235,5,0.025015617265136476,pre0_mod277_post0,tau_mean_dry_down_days
5,650,15,rsq,standard,0.08779393494183632,5,0.06352577977450509,pre0_mod277_post0,tau_mean_dry_down_days
5,650,18,mae,standard,0.24618463386395778,5,0.02031605253543846,pre0_mod278_post0,tau_mean_dry_down_days
5,650,18,rmse,standard,0.2941160381650294,5,0.025513605256369497,pre0_mod278_post0,tau_mean_dry_down_days
5,650,18,rsq,standard,0.08789349243653304,5,0.0767753409499485,pre0_mod278_post0,tau_mean_dry_down_days
5,650,21,mae,standard,0.24587544735684858,5,0.020278154019432365,pre0_mod279_post0,tau_mean_dry_down_days
5,650,21,rmse,standard,0.2934256323755874,5,0.025619486546941666,pre0_mod279_post0,tau_mean_dry_down_days
5,650,21,rsq,standard,0.0970475685024882,5,0.08572642559569815,pre0_mod279_post0,tau_mean_dry_down_days
5,650,25,mae,standard,0.24608699728669503,5,0.021543638340811123,pre0_mod280_post0,tau_mean_dry_down_days
5,650,25,rmse,standard,0.29246988144520547,5,0.02608530980979019,pre0_mod280_post0,tau_mean_dry_down_days
5,650,25,rsq,standard,0.09396422961813897,5,0.08605976026938399,pre0_mod280_post0,tau_mean_dry_down_days
5,850,3,mae,standard,0.24682386389088176,5,0.016613967719861993,pre0_mod281_post0,tau_mean_dry_down_days
5,850,3,rmse,standard,0.2981465189660303,5,0.02183721867113683,pre0_mod281_post0,tau_mean_dry_down_days
5,850,3,rsq,standard,0.05164258719241499,5,0.022778991437342234,pre0_mod281_post0,tau_mean_dry_down_days
5,850,6,mae,standard,0.24528886699166125,5,0.017541001148472256,pre0_mod282_post0,tau_mean_dry_down_days
5,850,6,rmse,standard,0.29501650997803575,5,0.022295339138397787,pre0_mod282_post0,tau_mean_dry_down_days
5,850,6,rsq,standard,0.06163633331123068,5,0.02868207691985241,pre0_mod282_post0,tau_mean_dry_down_days
5,850,9,mae,standard,0.24405106406310004,5,0.01920429924367774,pre0_mod283_post0,tau_mean_dry_down_days
5,850,9,rmse,standard,0.2951759967591901,5,0.024356702928018795,pre0_mod283_post0,tau_mean_dry_down_days
5,850,9,rsq,standard,0.068834590793334,5,0.04593952651690891,pre0_mod283_post0,tau_mean_dry_down_days
5,850,12,mae,standard,0.24330261108646084,5,0.02015496242343669,pre0_mod284_post0,tau_mean_dry_down_days
5,850,12,rmse,standard,0.29278346516108555,5,0.025234136160320674,pre0_mod284_post0,tau_mean_dry_down_days
5,850,12,rsq,standard,0.08213924812740972,5,0.05803166344164577,pre0_mod284_post0,tau_mean_dry_down_days
5,850,15,mae,standard,0.2444156564347291,5,0.02093453009468758,pre0_mod285_post0,tau_mean_dry_down_days
5,850,15,rmse,standard,0.2939892628426374,5,0.02615527493405612,pre0_mod285_post0,tau_mean_dry_down_days
5,850,15,rsq,standard,0.08720382515199859,5,0.06912454688929055,pre0_mod285_post0,tau_mean_dry_down_days
5,850,18,mae,standard,0.24481088692238231,5,0.020786574979527954,pre0_mod286_post0,tau_mean_dry_down_days
5,850,18,rmse,standard,0.29326193888531454,5,0.025697625910628324,pre0_mod286_post0,tau_mean_dry_down_days
5,850,18,rsq,standard,0.09303035342780105,5,0.07853053378329553,pre0_mod286_post0,tau_mean_dry_down_days
5,850,21,mae,standard,0.24631496478667173,5,0.02034351009758131,pre0_mod287_post0,tau_mean_dry_down_days
5,850,21,rmse,standard,0.2935909240160011,5,0.025491314445859704,pre0_mod287_post0,tau_mean_dry_down_days
5,850,21,rsq,standard,0.0938147705857102,5,0.08391497580523265,pre0_mod287_post0,tau_mean_dry_down_days
5,850,25,mae,standard,0.24609567871481555,5,0.019852577920492075,pre0_mod288_post0,tau_mean_dry_down_days
5,850,25,rmse,standard,0.2924236873975188,5,0.024705901809896517,pre0_mod288_post0,tau_mean_dry_down_days
5,850,25,rsq,standard,0.09523576201374528,5,0.08431669813569088,pre0_mod288_post0,tau_mean_dry_down_days
5,1050,3,mae,standard,0.2451997711961956,5,0.01703727895376051,pre0_mod289_post0,tau_mean_dry_down_days
5,1050,3,rmse,standard,0.2973850542978057,5,0.021621512966675853,pre0_mod289_post0,tau_mean_dry_down_days
5,1050,3,rsq,standard,0.05514169199452851,5,0.020349366516349388,pre0_mod289_post0,tau_mean_dry_down_days
5,1050,6,mae,standard,0.2433697521348604,5,0.018170330535414617,pre0_mod290_post0,tau_mean_dry_down_days
5,1050,6,rmse,standard,0.2953226223948786,5,0.023414419119532327,pre0_mod290_post0,tau_mean_dry_down_days
5,1050,6,rsq,standard,0.06491657403179082,5,0.03550649783266121,pre0_mod290_post0,tau_mean_dry_down_days
5,1050,9,mae,standard,0.24476122196925404,5,0.01947195907863531,pre0_mod291_post0,tau_mean_dry_down_days
5,1050,9,rmse,standard,0.29535723145207904,5,0.024541252151633053,pre0_mod291_post0,tau_mean_dry_down_days
5,1050,9,rsq,standard,0.07101914768682323,5,0.04458959875937114,pre0_mod291_post0,tau_mean_dry_down_days
5,1050,12,mae,standard,0.2435079118013196,5,0.019264094559388902,pre0_mod292_post0,tau_mean_dry_down_days
5,1050,12,rmse,standard,0.29328399863767846,5,0.024516604585284322,pre0_mod292_post0,tau_mean_dry_down_days
5,1050,12,rsq,standard,0.07928220228004096,5,0.05652067562550158,pre0_mod292_post0,tau_mean_dry_down_days
5,1050,15,mae,standard,0.24447151773230094,5,0.02029083359738438,pre0_mod293_post0,tau_mean_dry_down_days
5,1050,15,rmse,standard,0.2932289844305381,5,0.025201188133952817,pre0_mod293_post0,tau_mean_dry_down_days
5,1050,15,rsq,standard,0.08390538585662614,5,0.06504644630728573,pre0_mod293_post0,tau_mean_dry_down_days
5,1050,18,mae,standard,0.24573020598850848,5,0.019812218707066218,pre0_mod294_post0,tau_mean_dry_down_days
5,1050,18,rmse,standard,0.2940317375616892,5,0.02474977280819949,pre0_mod294_post0,tau_mean_dry_down_days
5,1050,18,rsq,standard,0.08341353133903698,5,0.06870201571270391,pre0_mod294_post0,tau_mean_dry_down_days
5,1050,21,mae,standard,0.2453403301019799,5,0.020452656962099202,pre0_mod295_post0,tau_mean_dry_down_days
5,1050,21,rmse,standard,0.2923528178171379,5,0.025198191738887026,pre0_mod295_post0,tau_mean_dry_down_days
5,1050,21,rsq,standard,0.09070376104564526,5,0.07668189060794693,pre0_mod295_post0,tau_mean_dry_down_days
5,1050,25,mae,standard,0.24656108917509906,5,0.020174007397741795,pre0_mod296_post0,tau_mean_dry_down_days
5,1050,25,rmse,standard,0.29339547216124545,5,0.025350602650901617,pre0_mod296_post0,tau_mean_dry_down_days
5,1050,25,rsq,standard,0.09893625300359472,5,0.09071932950633248,pre0_mod296_post0,tau_mean_dry_down_days
5,1250,3,mae,standard,0.2455876407114756,5,0.017071409648193463,pre0_mod297_post0,tau_mean_dry_down_days
5,1250,3,rmse,standard,0.29747997638284174,5,0.02207143299528862,pre0_mod297_post0,tau_mean_dry_down_days
5,1250,3,rsq,standard,0.054949575121442794,5,0.023627783902604962,pre0_mod297_post0,tau_mean_dry_down_days
5,1250,6,mae,standard,0.24528520572509713,5,0.017943003073914422,pre0_mod298_post0,tau_mean_dry_down_days
5,1250,6,rmse,standard,0.29688876390036145,5,0.022499686544660443,pre0_mod298_post0,tau_mean_dry_down_days
5,1250,6,rsq,standard,0.05693669144037005,5,0.027493806007008396,pre0_mod298_post0,tau_mean_dry_down_days
5,1250,9,mae,standard,0.2437208663033338,5,0.018904229114435716,pre0_mod299_post0,tau_mean_dry_down_days
5,1250,9,rmse,standard,0.2946567681044898,5,0.023791523592850815,pre0_mod299_post0,tau_mean_dry_down_days
5,1250,9,rsq,standard,0.0674991509456615,5,0.0386861693381,pre0_mod299_post0,tau_mean_dry_down_days
5,1250,12,mae,standard,0.24397422688127895,5,0.019510291581478992,pre0_mod300_post0,tau_mean_dry_down_days
5,1250,12,rmse,standard,0.29343831998636943,5,0.024923608710811732,pre0_mod300_post0,tau_mean_dry_down_days
5,1250,12,rsq,standard,0.07788172955296291,5,0.05322059570074904,pre0_mod300_post0,tau_mean_dry_down_days
5,1250,15,mae,standard,0.24412345338840158,5,0.020117270572219112,pre0_mod301_post0,tau_mean_dry_down_days
5,1250,15,rmse,standard,0.29300899690072385,5,0.025379639463397472,pre0_mod301_post0,tau_mean_dry_down_days
5,1250,15,rsq,standard,0.08814424222022814,5,0.0679740701859658,pre0_mod301_post0,tau_mean_dry_down_days
5,1250,18,mae,standard,0.24506745045718564,5,0.020538864347942068,pre0_mod302_post0,tau_mean_dry_down_days
5,1250,18,rmse,standard,0.2931180046782481,5,0.025710240442311294,pre0_mod302_post0,tau_mean_dry_down_days
5,1250,18,rsq,standard,0.09237082063723674,5,0.0793611118537675,pre0_mod302_post0,tau_mean_dry_down_days
5,1250,21,mae,standard,0.24521826034839508,5,0.020476115299521185,pre0_mod303_post0,tau_mean_dry_down_days
5,1250,21,rmse,standard,0.29271822244929374,5,0.02548589540308858,pre0_mod303_post0,tau_mean_dry_down_days
5,1250,21,rsq,standard,0.097661277586747,5,0.08509091973228508,pre0_mod303_post0,tau_mean_dry_down_days
5,1250,25,mae,standard,0.2454215595375179,5,0.02050751400760241,pre0_mod304_post0,tau_mean_dry_down_days
5,1250,25,rmse,standard,0.29262100073143044,5,0.025624444549346505,pre0_mod304_post0,tau_mean_dry_down_days
5,1250,25,rsq,standard,0.0997697493543231,5,0.090694268215634,pre0_mod304_post0,tau_mean_dry_down_days
5,1450,3,mae,standard,0.2461235343764632,5,0.016341985730800666,pre0_mod305_post0,tau_mean_dry_down_days
5,1450,3,rmse,standard,0.29792540137457013,5,0.021209977403821897,pre0_mod305_post0,tau_mean_dry_down_days
5,1450,3,rsq,standard,0.051291126035353324,5,0.018552435753930053,pre0_mod305_post0,tau_mean_dry_down_days
5,1450,6,mae,standard,0.24427530516040327,5,0.01783285677142324,pre0_mod306_post0,tau_mean_dry_down_days
5,1450,6,rmse,standard,0.2952823839349475,5,0.022711012102923624,pre0_mod306_post0,tau_mean_dry_down_days
5,1450,6,rsq,standard,0.06108683728029044,5,0.030207373642829636,pre0_mod306_post0,tau_mean_dry_down_days
5,1450,9,mae,standard,0.24331641207858723,5,0.01929946863820059,pre0_mod307_post0,tau_mean_dry_down_days
5,1450,9,rmse,standard,0.2932636061642741,5,0.024380390472006543,pre0_mod307_post0,tau_mean_dry_down_days
5,1450,9,rsq,standard,0.07576384092781237,5,0.04870685793373798,pre0_mod307_post0,tau_mean_dry_down_days
5,1450,12,mae,standard,0.24457279263956477,5,0.01974536534399592,pre0_mod308_post0,tau_mean_dry_down_days
5,1450,12,rmse,standard,0.29458542193073883,5,0.025170031450894498,pre0_mod308_post0,tau_mean_dry_down_days
5,1450,12,rsq,standard,0.07615130895087047,5,0.05581095646502242,pre0_mod308_post0,tau_mean_dry_down_days
5,1450,15,mae,standard,0.24437172939595397,5,0.020218087456383895,pre0_mod309_post0,tau_mean_dry_down_days
5,1450,15,rmse,standard,0.2928345096550096,5,0.025459318745907965,pre0_mod309_post0,tau_mean_dry_down_days
5,1450,15,rsq,standard,0.08587170702382582,5,0.06730710027242151,pre0_mod309_post0,tau_mean_dry_down_days
5,1450,18,mae,standard,0.2450165345662843,5,0.020408061527826184,pre0_mod310_post0,tau_mean_dry_down_days
5,1450,18,rmse,standard,0.29291553416936816,5,0.025435897482991795,pre0_mod310_post0,tau_mean_dry_down_days
5,1450,18,rsq,standard,0.09229871881748604,5,0.07837102925173361,pre0_mod310_post0,tau_mean_dry_down_days
5,1450,21,mae,standard,0.24560102729752745,5,0.020596035839780067,pre0_mod311_post0,tau_mean_dry_down_days
5,1450,21,rmse,standard,0.2933376290886655,5,0.02533636912866752,pre0_mod311_post0,tau_mean_dry_down_days
5,1450,21,rsq,standard,0.09024032080631542,5,0.07972121108653037,pre0_mod311_post0,tau_mean_dry_down_days
5,1450,25,mae,standard,0.24603340394052112,5,0.020638402603560087,pre0_mod312_post0,tau_mean_dry_down_days
5,1450,25,rmse,standard,0.2922557970484094,5,0.025648688630219935,pre0_mod312_post0,tau_mean_dry_down_days
5,1450,25,rsq,standard,0.09870199703309915,5,0.0890207179354945,pre0_mod312_post0,tau_mean_dry_down_days
5,1650,3,mae,standard,0.2451919328216351,5,0.017272804815113462,pre0_mod313_post0,tau_mean_dry_down_days
5,1650,3,rmse,standard,0.29668167397540274,5,0.021685174686088392,pre0_mod313_post0,tau_mean_dry_down_days
5,1650,3,rsq,standard,0.05611649221496751,5,0.021453728364446086,pre0_mod313_post0,tau_mean_dry_down_days
5,1650,6,mae,standard,0.2444126368869577,5,0.018093814599623104,pre0_mod314_post0,tau_mean_dry_down_days
5,1650,6,rmse,standard,0.2951361637772032,5,0.02331424872260139,pre0_mod314_post0,tau_mean_dry_down_days
5,1650,6,rsq,standard,0.06534801486692982,5,0.03374883794466081,pre0_mod314_post0,tau_mean_dry_down_days
5,1650,9,mae,standard,0.2428926548425461,5,0.0195755827396345,pre0_mod315_post0,tau_mean_dry_down_days
5,1650,9,rmse,standard,0.29373007621206665,5,0.02477418376880539,pre0_mod315_post0,tau_mean_dry_down_days
5,1650,9,rsq,standard,0.07649697977187733,5,0.04912938670884488,pre0_mod315_post0,tau_mean_dry_down_days
5,1650,12,mae,standard,0.24334836734307028,5,0.02034252288880483,pre0_mod316_post0,tau_mean_dry_down_days
5,1650,12,rmse,standard,0.2936060292181582,5,0.02544278021890556,pre0_mod316_post0,tau_mean_dry_down_days
5,1650,12,rsq,standard,0.08506957363352743,5,0.06190054155152174,pre0_mod316_post0,tau_mean_dry_down_days
5,1650,15,mae,standard,0.24410084457669878,5,0.02046244042042846,pre0_mod317_post0,tau_mean_dry_down_days
5,1650,15,rmse,standard,0.2928883550887811,5,0.025892355894770635,pre0_mod317_post0,tau_mean_dry_down_days
5,1650,15,rsq,standard,0.09211557060054497,5,0.07309080966251813,pre0_mod317_post0,tau_mean_dry_down_days
5,1650,18,mae,standard,0.24536047614781692,5,0.02035885602931811,pre0_mod318_post0,tau_mean_dry_down_days
5,1650,18,rmse,standard,0.2930696853835426,5,0.025645460704027758,pre0_mod318_post0,tau_mean_dry_down_days
5,1650,18,rsq,standard,0.09188121565942965,5,0.07706939561475293,pre0_mod318_post0,tau_mean_dry_down_days
5,1650,21,mae,standard,0.24566073012782125,5,0.021020431279115438,pre0_mod319_post0,tau_mean_dry_down_days
5,1650,21,rmse,standard,0.29345575581587857,5,0.02592339270210647,pre0_mod319_post0,tau_mean_dry_down_days
5,1650,21,rsq,standard,0.09642811272703815,5,0.08633319057451198,pre0_mod319_post0,tau_mean_dry_down_days
5,1650,25,mae,standard,0.24672615719589697,5,0.02010637984473835,pre0_mod320_post0,tau_mean_dry_down_days
5,1650,25,rmse,standard,0.2930521591498527,5,0.02502918410935897,pre0_mod320_post0,tau_mean_dry_down_days
5,1650,25,rsq,standard,0.09758928957379179,5,0.08799411319942836,pre0_mod320_post0,tau_mean_dry_down_days
1,250,3,mae,standard,0.15752446871943593,5,0.016283396198563598,pre0_mod001_post0,tau_hydro_doy
1,250,3,rmse,standard,0.18506792345598352,5,0.02177667512453236,pre0_mod001_post0,tau_hydro_doy
1,250,3,rsq,standard,0.17613214707296215,5,0.05877912378185773,pre0_mod001_post0,tau_hydro_doy
1,250,6,mae,standard,0.15633504694765368,5,0.016620651975135483,pre0_mod002_post0,tau_hydro_doy
1,250,6,rmse,standard,0.18329768031535626,5,0.020941029279441407,pre0_mod002_post0,tau_hydro_doy
1,250,6,rsq,standard,0.18612132246280697,5,0.05120968966411196,pre0_mod002_post0,tau_hydro_doy
1,250,9,mae,standard,0.15888060200004864,5,0.016881586266534427,pre0_mod003_post0,tau_hydro_doy
1,250,9,rmse,standard,0.18548932392125228,5,0.02075107702958144,pre0_mod003_post0,tau_hydro_doy
1,250,9,rsq,standard,0.17472564639415378,5,0.05100764031597185,pre0_mod003_post0,tau_hydro_doy
1,250,12,mae,standard,0.15863498286443986,5,0.017529298077899814,pre0_mod004_post0,tau_hydro_doy
1,250,12,rmse,standard,0.18519140740376328,5,0.02128226671543455,pre0_mod004_post0,tau_hydro_doy
1,250,12,rsq,standard,0.17537968213511773,5,0.05099773104567577,pre0_mod004_post0,tau_hydro_doy
1,250,15,mae,standard,0.16014864109848564,5,0.017193914740205523,pre0_mod005_post0,tau_hydro_doy
1,250,15,rmse,standard,0.18639980628916147,5,0.020615064958697596,pre0_mod005_post0,tau_hydro_doy
1,250,15,rsq,standard,0.16986444694005418,5,0.05008133073935515,pre0_mod005_post0,tau_hydro_doy
1,250,18,mae,standard,0.16163466557207182,5,0.017659466473644716,pre0_mod006_post0,tau_hydro_doy
1,250,18,rmse,standard,0.18840574576628932,5,0.02098906620132084,pre0_mod006_post0,tau_hydro_doy
1,250,18,rsq,standard,0.1485279117131194,5,0.0502802114340958,pre0_mod006_post0,tau_hydro_doy
1,250,21,mae,standard,0.16126141913679679,5,0.01747425278463641,pre0_mod007_post0,tau_hydro_doy
1,250,21,rmse,standard,0.18722597957344086,5,0.0206429599112559,pre0_mod007_post0,tau_hydro_doy
1,250,21,rsq,standard,0.1674867349234423,5,0.046444689651961725,pre0_mod007_post0,tau_hydro_doy
1,250,25,mae,standard,0.16190686113404879,5,0.017888645518228396,pre0_mod008_post0,tau_hydro_doy
1,250,25,rmse,standard,0.18774060098982281,5,0.020401199347637265,pre0_mod008_post0,tau_hydro_doy
1,250,25,rsq,standard,0.16538181405305458,5,0.04698300370985822,pre0_mod008_post0,tau_hydro_doy
1,450,3,mae,standard,0.15720142535893888,5,0.015927027700639862,pre0_mod009_post0,tau_hydro_doy
1,450,3,rmse,standard,0.18427358866646787,5,0.02103380086975589,pre0_mod009_post0,tau_hydro_doy
1,450,3,rsq,standard,0.18450798243548305,5,0.04913963887795814,pre0_mod009_post0,tau_hydro_doy
1,450,6,mae,standard,0.15764966609082157,5,0.016274322123966012,pre0_mod010_post0,tau_hydro_doy
1,450,6,rmse,standard,0.18513799061575498,5,0.021171901267089902,pre0_mod010_post0,tau_hydro_doy
1,450,6,rsq,standard,0.17382957457572368,5,0.05078898824201055,pre0_mod010_post0,tau_hydro_doy
1,450,9,mae,standard,0.15810870000490662,5,0.017442699925854822,pre0_mod011_post0,tau_hydro_doy
1,450,9,rmse,standard,0.18456127064035255,5,0.02152391636791227,pre0_mod011_post0,tau_hydro_doy
1,450,9,rsq,standard,0.18197012443612925,5,0.05827898395824152,pre0_mod011_post0,tau_hydro_doy
1,450,12,mae,standard,0.15957542933360155,5,0.017463358418805964,pre0_mod012_post0,tau_hydro_doy
1,450,12,rmse,standard,0.18580646744092655,5,0.021137480984076223,pre0_mod012_post0,tau_hydro_doy
1,450,12,rsq,standard,0.17142001959374598,5,0.056966791566651846,pre0_mod012_post0,tau_hydro_doy
1,450,15,mae,standard,0.15947830092370494,5,0.017667254561340467,pre0_mod013_post0,tau_hydro_doy
1,450,15,rmse,standard,0.1859902116930751,5,0.0207726884279134,pre0_mod013_post0,tau_hydro_doy
1,450,15,rsq,standard,0.171316858450942,5,0.04660805740914886,pre0_mod013_post0,tau_hydro_doy
1,450,18,mae,standard,0.1606431548826197,5,0.017693443394245667,pre0_mod014_post0,tau_hydro_doy
1,450,18,rmse,standard,0.18651062826499312,5,0.020736725401688264,pre0_mod014_post0,tau_hydro_doy
1,450,18,rsq,standard,0.16774928598486472,5,0.03998281292198956,pre0_mod014_post0,tau_hydro_doy
1,450,21,mae,standard,0.16269148733350242,5,0.017693809434866162,pre0_mod015_post0,tau_hydro_doy
1,450,21,rmse,standard,0.18828411739399623,5,0.02083074526439656,pre0_mod015_post0,tau_hydro_doy
1,450,21,rsq,standard,0.15202975455477194,5,0.044960573356137006,pre0_mod015_post0,tau_hydro_doy
1,450,25,mae,standard,0.16210006313138023,5,0.018119872848702884,pre0_mod016_post0,tau_hydro_doy
1,450,25,rmse,standard,0.18820748047446495,5,0.02081865072102815,pre0_mod016_post0,tau_hydro_doy
1,450,25,rsq,standard,0.15487265912981726,5,0.04554641673743216,pre0_mod016_post0,tau_hydro_doy
1,650,3,mae,standard,0.15623941549943401,5,0.016694775022536613,pre0_mod017_post0,tau_hydro_doy
1,650,3,rmse,standard,0.18331361536280089,5,0.02149601323838011,pre0_mod017_post0,tau_hydro_doy
1,650,3,rsq,standard,0.18998913698712688,5,0.057350859857080515,pre0_mod017_post0,tau_hydro_doy
1,650,6,mae,standard,0.1574413626968155,5,0.017195531341279876,pre0_mod018_post0,tau_hydro_doy
1,650,6,rmse,standard,0.18342614367262627,5,0.021653126148882932,pre0_mod018_post0,tau_hydro_doy
1,650,6,rsq,standard,0.19471651794500583,5,0.0596257765788612,pre0_mod018_post0,tau_hydro_doy
1,650,9,mae,standard,0.15893984511773226,5,0.016797410949146004,pre0_mod019_post0,tau_hydro_doy
1,650,9,rmse,standard,0.18539810048871724,5,0.020621926277086176,pre0_mod019_post0,tau_hydro_doy
1,650,9,rsq,standard,0.1723800185677259,5,0.04930629216301176,pre0_mod019_post0,tau_hydro_doy
1,650,12,mae,standard,0.15886150595118592,5,0.017075019660249217,pre0_mod020_post0,tau_hydro_doy
1,650,12,rmse,standard,0.18532259267991966,5,0.020654797765212275,pre0_mod020_post0,tau_hydro_doy
1,650,12,rsq,standard,0.17561244966520698,5,0.04676211686702585,pre0_mod020_post0,tau_hydro_doy
1,650,15,mae,standard,0.1605874938964535,5,0.017601063358346804,pre0_mod021_post0,tau_hydro_doy
1,650,15,rmse,standard,0.18674499820556764,5,0.020721742459476573,pre0_mod021_post0,tau_hydro_doy
1,650,15,rsq,standard,0.1620463809532165,5,0.04325565071841899,pre0_mod021_post0,tau_hydro_doy
1,650,18,mae,standard,0.16108459374859502,5,0.01763440789248778,pre0_mod022_post0,tau_hydro_doy
1,650,18,rmse,standard,0.1867821654456017,5,0.02051234638202772,pre0_mod022_post0,tau_hydro_doy
1,650,18,rsq,standard,0.16800391138404067,5,0.04640812050030462,pre0_mod022_post0,tau_hydro_doy
1,650,21,mae,standard,0.1621431664531937,5,0.01761225680694097,pre0_mod023_post0,tau_hydro_doy
1,650,21,rmse,standard,0.18797257776529924,5,0.02060073383582273,pre0_mod023_post0,tau_hydro_doy
1,650,21,rsq,standard,0.1556225026197839,5,0.04488969961869326,pre0_mod023_post0,tau_hydro_doy
1,650,25,mae,standard,0.16202309009922305,5,0.018030445198080093,pre0_mod024_post0,tau_hydro_doy
1,650,25,rmse,standard,0.18808464589891308,5,0.02087703259291839,pre0_mod024_post0,tau_hydro_doy
1,650,25,rsq,standard,0.1560799810157791,5,0.0428458851294584,pre0_mod024_post0,tau_hydro_doy
1,850,3,mae,standard,0.1564783187246339,5,0.016341941754881805,pre0_mod025_post0,tau_hydro_doy
1,850,3,rmse,standard,0.18374758791088533,5,0.021858290459023936,pre0_mod025_post0,tau_hydro_doy
1,850,3,rsq,standard,0.1869002653389306,5,0.06037271403658617,pre0_mod025_post0,tau_hydro_doy
1,850,6,mae,standard,0.15804677298842387,5,0.016452235494425375,pre0_mod026_post0,tau_hydro_doy
1,850,6,rmse,standard,0.18444597943864677,5,0.02125047187075218,pre0_mod026_post0,tau_hydro_doy
1,850,6,rsq,standard,0.17953699921024363,5,0.05211156406135717,pre0_mod026_post0,tau_hydro_doy
1,850,9,mae,standard,0.1585044186099725,5,0.016975719418750205,pre0_mod027_post0,tau_hydro_doy
1,850,9,rmse,standard,0.18504885711026212,5,0.020832120353435485,pre0_mod027_post0,tau_hydro_doy
1,850,9,rsq,standard,0.17888257402445276,5,0.04952808794944178,pre0_mod027_post0,tau_hydro_doy
1,850,12,mae,standard,0.15984123400914813,5,0.0175851349433631,pre0_mod028_post0,tau_hydro_doy
1,850,12,rmse,standard,0.1855393468275059,5,0.02119934270716194,pre0_mod028_post0,tau_hydro_doy
1,850,12,rsq,standard,0.18009566746715297,5,0.052250745952311835,pre0_mod028_post0,tau_hydro_doy
1,850,15,mae,standard,0.160754211297375,5,0.017994385267957522,pre0_mod029_post0,tau_hydro_doy
1,850,15,rmse,standard,0.18682485258596893,5,0.02120225449106607,pre0_mod029_post0,tau_hydro_doy
1,850,15,rsq,standard,0.16135335736706988,5,0.047316129671639805,pre0_mod029_post0,tau_hydro_doy
1,850,18,mae,standard,0.1606993114064087,5,0.017684186737723442,pre0_mod030_post0,tau_hydro_doy
1,850,18,rmse,standard,0.18653636195622214,5,0.02055627571374145,pre0_mod030_post0,tau_hydro_doy
1,850,18,rsq,standard,0.16868062221059613,5,0.0445821495056906,pre0_mod030_post0,tau_hydro_doy
1,850,21,mae,standard,0.16273979513727557,5,0.01771486253548238,pre0_mod031_post0,tau_hydro_doy
1,850,21,rmse,standard,0.1883170234517351,5,0.02074124047304729,pre0_mod031_post0,tau_hydro_doy
1,850,21,rsq,standard,0.15104408351484744,5,0.045738051420799154,pre0_mod031_post0,tau_hydro_doy
1,850,25,mae,standard,0.16282025537532693,5,0.01782373557073866,pre0_mod032_post0,tau_hydro_doy
1,850,25,rmse,standard,0.1885781340269074,5,0.020694068141227845,pre0_mod032_post0,tau_hydro_doy
1,850,25,rsq,standard,0.15119183331754363,5,0.049159640291167976,pre0_mod032_post0,tau_hydro_doy
1,1050,3,mae,standard,0.1567628190514385,5,0.01595504664586929,pre0_mod033_post0,tau_hydro_doy
1,1050,3,rmse,standard,0.18359684357751874,5,0.021239906546663367,pre0_mod033_post0,tau_hydro_doy
1,1050,3,rsq,standard,0.18556242193066724,5,0.05060648307629243,pre0_mod033_post0,tau_hydro_doy
1,1050,6,mae,standard,0.15695145367388527,5,0.016307464618971684,pre0_mod034_post0,tau_hydro_doy
1,1050,6,rmse,standard,0.1841723068207002,5,0.02095166816285017,pre0_mod034_post0,tau_hydro_doy
1,1050,6,rsq,standard,0.18248598181089526,5,0.0513223090860469,pre0_mod034_post0,tau_hydro_doy
1,1050,9,mae,standard,0.1588506191652374,5,0.017049877478414337,pre0_mod035_post0,tau_hydro_doy
1,1050,9,rmse,standard,0.18522246894207148,5,0.021113966075943544,pre0_mod035_post0,tau_hydro_doy
1,1050,9,rsq,standard,0.17446978612816522,5,0.05238145559330295,pre0_mod035_post0,tau_hydro_doy
1,1050,12,mae,standard,0.15925336941888835,5,0.017670262159563403,pre0_mod036_post0,tau_hydro_doy
1,1050,12,rmse,standard,0.18568272221114177,5,0.02123093651714994,pre0_mod036_post0,tau_hydro_doy
1,1050,12,rsq,standard,0.17287496851628115,5,0.04999898165224947,pre0_mod036_post0,tau_hydro_doy
1,1050,15,mae,standard,0.16052988348480854,5,0.017634442794076322,pre0_mod037_post0,tau_hydro_doy
1,1050,15,rmse,standard,0.1865986254369344,5,0.020804251124534226,pre0_mod037_post0,tau_hydro_doy
1,1050,15,rsq,standard,0.16465418029281426,5,0.044581932381330874,pre0_mod037_post0,tau_hydro_doy
1,1050,18,mae,standard,0.16115048020518294,5,0.018052965944121147,pre0_mod038_post0,tau_hydro_doy
1,1050,18,rmse,standard,0.1870528116064574,5,0.021095915954751285,pre0_mod038_post0,tau_hydro_doy
1,1050,18,rsq,standard,0.16364035272973249,5,0.05074996372064766,pre0_mod038_post0,tau_hydro_doy
1,1050,21,mae,standard,0.161582926886432,5,0.0177667653252365,pre0_mod039_post0,tau_hydro_doy
1,1050,21,rmse,standard,0.18720679668403437,5,0.02072391708493475,pre0_mod039_post0,tau_hydro_doy
1,1050,21,rsq,standard,0.16035445170404589,5,0.0456700313126693,pre0_mod039_post0,tau_hydro_doy
1,1050,25,mae,standard,0.16282780245064252,5,0.01775975845204417,pre0_mod040_post0,tau_hydro_doy
1,1050,25,rmse,standard,0.18858221174860615,5,0.02059933908803289,pre0_mod040_post0,tau_hydro_doy
1,1050,25,rsq,standard,0.15131816646569696,5,0.044606295634108624,pre0_mod040_post0,tau_hydro_doy
1,1250,3,mae,standard,0.15821026100496843,5,0.016445686381711823,pre0_mod041_post0,tau_hydro_doy
1,1250,3,rmse,standard,0.18503461201082183,5,0.02165969962406269,pre0_mod041_post0,tau_hydro_doy
1,1250,3,rsq,standard,0.17357075118873533,5,0.05567851066374455,pre0_mod041_post0,tau_hydro_doy
1,1250,6,mae,standard,0.15795913882879464,5,0.016451460673399594,pre0_mod042_post0,tau_hydro_doy
1,1250,6,rmse,standard,0.18471236398147253,5,0.021251330387066888,pre0_mod042_post0,tau_hydro_doy
1,1250,6,rsq,standard,0.1753853304418168,5,0.052091661209475636,pre0_mod042_post0,tau_hydro_doy
1,1250,9,mae,standard,0.1582297681437246,5,0.016905836043260104,pre0_mod043_post0,tau_hydro_doy
1,1250,9,rmse,standard,0.18464606484491072,5,0.021063129209858287,pre0_mod043_post0,tau_hydro_doy
1,1250,9,rsq,standard,0.1794206684757701,5,0.05188203561585964,pre0_mod043_post0,tau_hydro_doy
1,1250,12,mae,standard,0.15900418512832112,5,0.017170372336396428,pre0_mod044_post0,tau_hydro_doy
1,1250,12,rmse,standard,0.1851542266391011,5,0.020881746907386207,pre0_mod044_post0,tau_hydro_doy
1,1250,12,rsq,standard,0.1773619352914726,5,0.04899088798290121,pre0_mod044_post0,tau_hydro_doy
1,1250,15,mae,standard,0.16000660380149462,5,0.017455361978910063,pre0_mod045_post0,tau_hydro_doy
1,1250,15,rmse,standard,0.18624515626658814,5,0.020727796155057734,pre0_mod045_post0,tau_hydro_doy
1,1250,15,rsq,standard,0.16803558586828682,5,0.04688320845692011,pre0_mod045_post0,tau_hydro_doy
1,1250,18,mae,standard,0.1608256535848397,5,0.01787765803961172,pre0_mod046_post0,tau_hydro_doy
1,1250,18,rmse,standard,0.18680076007212718,5,0.02092672682339806,pre0_mod046_post0,tau_hydro_doy
1,1250,18,rsq,standard,0.16612782329427048,5,0.04922971311396151,pre0_mod046_post0,tau_hydro_doy
1,1250,21,mae,standard,0.16225112194534425,5,0.01773690244401439,pre0_mod047_post0,tau_hydro_doy
1,1250,21,rmse,standard,0.18821029530049524,5,0.020590471188227964,pre0_mod047_post0,tau_hydro_doy
1,1250,21,rsq,standard,0.1513506615796274,5,0.04159831974435995,pre0_mod047_post0,tau_hydro_doy
1,1250,25,mae,standard,0.16270270954931612,5,0.017496055238110198,pre0_mod048_post0,tau_hydro_doy
1,1250,25,rmse,standard,0.1885212640677319,5,0.020344498465855867,pre0_mod048_post0,tau_hydro_doy
1,1250,25,rsq,standard,0.15119581461462017,5,0.04522276816172419,pre0_mod048_post0,tau_hydro_doy
1,1450,3,mae,standard,0.15711781928574078,5,0.016600460273900212,pre0_mod049_post0,tau_hydro_doy
1,1450,3,rmse,standard,0.18415311585092156,5,0.02184528099730721,pre0_mod049_post0,tau_hydro_doy
1,1450,3,rsq,standard,0.18027884263119917,5,0.05778739083224959,pre0_mod049_post0,tau_hydro_doy
1,1450,6,mae,standard,0.15810785057326557,5,0.01686754635472674,pre0_mod050_post0,tau_hydro_doy
1,1450,6,rmse,standard,0.1846820910908708,5,0.021440743370654686,pre0_mod050_post0,tau_hydro_doy
1,1450,6,rsq,standard,0.17740803171917957,5,0.05500535522250248,pre0_mod050_post0,tau_hydro_doy
1,1450,9,mae,standard,0.15914682029559776,5,0.017235541807420724,pre0_mod051_post0,tau_hydro_doy
1,1450,9,rmse,standard,0.18539828894762003,5,0.021112570914222868,pre0_mod051_post0,tau_hydro_doy
1,1450,9,rsq,standard,0.17270208017529942,5,0.04995020821521838,pre0_mod051_post0,tau_hydro_doy
1,1450,12,mae,standard,0.15931920029611968,5,0.01752374184137932,pre0_mod052_post0,tau_hydro_doy
1,1450,12,rmse,standard,0.18547673085583016,5,0.0210153484531935,pre0_mod052_post0,tau_hydro_doy
1,1450,12,rsq,standard,0.17632118521754,5,0.049622152358347806,pre0_mod052_post0,tau_hydro_doy
1,1450,15,mae,standard,0.15992290413623567,5,0.01776831144937674,pre0_mod053_post0,tau_hydro_doy
1,1450,15,rmse,standard,0.18625202276187713,5,0.020973963958395642,pre0_mod053_post0,tau_hydro_doy
1,1450,15,rsq,standard,0.16890948115913706,5,0.045867877199284555,pre0_mod053_post0,tau_hydro_doy
1,1450,18,mae,standard,0.16122273579242066,5,0.01751348029980139,pre0_mod054_post0,tau_hydro_doy
1,1450,18,rmse,standard,0.1871923288315305,5,0.02056313305721897,pre0_mod054_post0,tau_hydro_doy
1,1450,18,rsq,standard,0.1613247283232054,5,0.04365521778618693,pre0_mod054_post0,tau_hydro_doy
1,1450,21,mae,standard,0.1616258232270492,5,0.017851169528490043,pre0_mod055_post0,tau_hydro_doy
1,1450,21,rmse,standard,0.18736104714664475,5,0.02081738084770585,pre0_mod055_post0,tau_hydro_doy
1,1450,21,rsq,standard,0.163319981848219,5,0.04448074655953566,pre0_mod055_post0,tau_hydro_doy
1,1450,25,mae,standard,0.16273098535421285,5,0.01807273921837175,pre0_mod056_post0,tau_hydro_doy
1,1450,25,rmse,standard,0.1885289990669622,5,0.020829675594713392,pre0_mod056_post0,tau_hydro_doy
1,1450,25,rsq,standard,0.15164739019324414,5,0.04799416550435543,pre0_mod056_post0,tau_hydro_doy
1,1650,3,mae,standard,0.1565542446046546,5,0.016351736339217805,pre0_mod057_post0,tau_hydro_doy
1,1650,3,rmse,standard,0.1836459362099879,5,0.021819765542744996,pre0_mod057_post0,tau_hydro_doy
1,1650,3,rsq,standard,0.18445567566580923,5,0.05508525558172931,pre0_mod057_post0,tau_hydro_doy
1,1650,6,mae,standard,0.15803649694483435,5,0.01693906429480223,pre0_mod058_post0,tau_hydro_doy
1,1650,6,rmse,standard,0.18469211258255355,5,0.02155816699961585,pre0_mod058_post0,tau_hydro_doy
1,1650,6,rsq,standard,0.17757864381492652,5,0.05458460619511118,pre0_mod058_post0,tau_hydro_doy
1,1650,9,mae,standard,0.15788257294507393,5,0.017070105716248597,pre0_mod059_post0,tau_hydro_doy
1,1650,9,rmse,standard,0.18407439057796157,5,0.021208261097099886,pre0_mod059_post0,tau_hydro_doy
1,1650,9,rsq,standard,0.18678943786308497,5,0.05252812246693677,pre0_mod059_post0,tau_hydro_doy
1,1650,12,mae,standard,0.15916966918491207,5,0.017163823321297237,pre0_mod060_post0,tau_hydro_doy
1,1650,12,rmse,standard,0.18527215391855406,5,0.02087819997913787,pre0_mod060_post0,tau_hydro_doy
1,1650,12,rsq,standard,0.17529117612674766,5,0.04768440460536336,pre0_mod060_post0,tau_hydro_doy
1,1650,15,mae,standard,0.16013878706625745,5,0.01760671759894447,pre0_mod061_post0,tau_hydro_doy
1,1650,15,rmse,standard,0.18650649594905983,5,0.02073904436468644,pre0_mod061_post0,tau_hydro_doy
1,1650,15,rsq,standard,0.167976107723032,5,0.04520006930377173,pre0_mod061_post0,tau_hydro_doy
1,1650,18,mae,standard,0.1615255488945601,5,0.01766478221103801,pre0_mod062_post0,tau_hydro_doy
1,1650,18,rmse,standard,0.18769986805233377,5,0.02070336921738159,pre0_mod062_post0,tau_hydro_doy
1,1650,18,rsq,standard,0.15542725710372757,5,0.04393140696836168,pre0_mod062_post0,tau_hydro_doy
1,1650,21,mae,standard,0.16189731962863046,5,0.01783994048600664,pre0_mod063_post0,tau_hydro_doy
1,1650,21,rmse,standard,0.18766136574635373,5,0.020714021589984522,pre0_mod063_post0,tau_hydro_doy
1,1650,21,rsq,standard,0.15857339915695007,5,0.04396321633127421,pre0_mod063_post0,tau_hydro_doy
1,1650,25,mae,standard,0.16239392746197573,5,0.017961475588882884,pre0_mod064_post0,tau_hydro_doy
1,1650,25,rmse,standard,0.18805890052713436,5,0.02073905359787494,pre0_mod064_post0,tau_hydro_doy
1,1650,25,rsq,standard,0.15910184288147955,5,0.047773068163330726,pre0_mod064_post0,tau_hydro_doy
2,250,3,mae,standard,0.15940520645080705,5,0.017770546367637394,pre0_mod065_post0,tau_hydro_doy
2,250,3,rmse,standard,0.186470420924655,5,0.02299098053322484,pre0_mod065_post0,tau_hydro_doy
2,250,3,rsq,standard,0.1696085056928227,5,0.07209344189441405,pre0_mod065_post0,tau_hydro_doy
2,250,6,mae,standard,0.15645092300606636,5,0.0171186222563388,pre0_mod066_post0,tau_hydro_doy
2,250,6,rmse,standard,0.18401206206549822,5,0.022375524245134813,pre0_mod066_post0,tau_hydro_doy
2,250,6,rsq,standard,0.1804803273238672,5,0.06294826976499261,pre0_mod066_post0,tau_hydro_doy
2,250,9,mae,standard,0.1601692205851144,5,0.01597040336543302,pre0_mod067_post0,tau_hydro_doy
2,250,9,rmse,standard,0.18763130397686797,5,0.020810559612289708,pre0_mod067_post0,tau_hydro_doy
2,250,9,rsq,standard,0.15016426720565515,5,0.05623137764890665,pre0_mod067_post0,tau_hydro_doy
2,250,12,mae,standard,0.15905624009217165,5,0.01699646967063007,pre0_mod068_post0,tau_hydro_doy
2,250,12,rmse,standard,0.18453205029964173,5,0.02164206351579469,pre0_mod068_post0,tau_hydro_doy
2,250,12,rsq,standard,0.17334268803731376,5,0.057241574084297475,pre0_mod068_post0,tau_hydro_doy
2,250,15,mae,standard,0.15958550135162286,5,0.017223868685510315,pre0_mod069_post0,tau_hydro_doy
2,250,15,rmse,standard,0.18594436501708847,5,0.020915948642387022,pre0_mod069_post0,tau_hydro_doy
2,250,15,rsq,standard,0.1637632026422907,5,0.05545835280012879,pre0_mod069_post0,tau_hydro_doy
2,250,18,mae,standard,0.16064872883412235,5,0.01795436434644958,pre0_mod070_post0,tau_hydro_doy
2,250,18,rmse,standard,0.18577305526116497,5,0.021381531258707197,pre0_mod070_post0,tau_hydro_doy
2,250,18,rsq,standard,0.16984095657964593,5,0.05523101054146234,pre0_mod070_post0,tau_hydro_doy
2,250,21,mae,standard,0.16126151441526182,5,0.01747838014807746,pre0_mod071_post0,tau_hydro_doy
2,250,21,rmse,standard,0.1872147086534471,5,0.02145281615920805,pre0_mod071_post0,tau_hydro_doy
2,250,21,rsq,standard,0.14866640262236308,5,0.05183399802564465,pre0_mod071_post0,tau_hydro_doy
2,250,25,mae,standard,0.16286941450216802,5,0.017769915753942538,pre0_mod072_post0,tau_hydro_doy
2,250,25,rmse,standard,0.18785486132520723,5,0.021255497942886194,pre0_mod072_post0,tau_hydro_doy
2,250,25,rsq,standard,0.15001750918911394,5,0.0556449943243526,pre0_mod072_post0,tau_hydro_doy
2,450,3,mae,standard,0.1576484406635964,5,0.015703455992427926,pre0_mod073_post0,tau_hydro_doy
2,450,3,rmse,standard,0.18542558858061714,5,0.02201446676774293,pre0_mod073_post0,tau_hydro_doy
2,450,3,rsq,standard,0.17183896080739916,5,0.06356448522291341,pre0_mod073_post0,tau_hydro_doy
2,450,6,mae,standard,0.1579088046338331,5,0.017123364354673494,pre0_mod074_post0,tau_hydro_doy
2,450,6,rmse,standard,0.18583809709587806,5,0.022371115319788193,pre0_mod074_post0,tau_hydro_doy
2,450,6,rsq,standard,0.16922846047711074,5,0.06964865639700142,pre0_mod074_post0,tau_hydro_doy
2,450,9,mae,standard,0.15841903639963634,5,0.01689642612771187,pre0_mod075_post0,tau_hydro_doy
2,450,9,rmse,standard,0.18610316844102018,5,0.02181911627180467,pre0_mod075_post0,tau_hydro_doy
2,450,9,rsq,standard,0.16524757412492727,5,0.06097695807342695,pre0_mod075_post0,tau_hydro_doy
2,450,12,mae,standard,0.1610830833793044,5,0.017262903912837305,pre0_mod076_post0,tau_hydro_doy
2,450,12,rmse,standard,0.18755278713779855,5,0.02124197940729749,pre0_mod076_post0,tau_hydro_doy
2,450,12,rsq,standard,0.15336533029686558,5,0.05615564317659513,pre0_mod076_post0,tau_hydro_doy
2,450,15,mae,standard,0.16018709737708114,5,0.0177121196493754,pre0_mod077_post0,tau_hydro_doy
2,450,15,rmse,standard,0.186272556642282,5,0.021721438254195497,pre0_mod077_post0,tau_hydro_doy
2,450,15,rsq,standard,0.1630213309477922,5,0.05428078816562713,pre0_mod077_post0,tau_hydro_doy
2,450,18,mae,standard,0.16097058695292288,5,0.016980052986342403,pre0_mod078_post0,tau_hydro_doy
2,450,18,rmse,standard,0.1870844630070098,5,0.02076121414639456,pre0_mod078_post0,tau_hydro_doy
2,450,18,rsq,standard,0.1546085311359808,5,0.05181582358183624,pre0_mod078_post0,tau_hydro_doy
2,450,21,mae,standard,0.162459878083413,5,0.018001947835868493,pre0_mod079_post0,tau_hydro_doy
2,450,21,rmse,standard,0.18769498155792083,5,0.021813725459634083,pre0_mod079_post0,tau_hydro_doy
2,450,21,rsq,standard,0.14950959278750756,5,0.054526697672325125,pre0_mod079_post0,tau_hydro_doy
2,450,25,mae,standard,0.1631858695757978,5,0.017476248658691115,pre0_mod080_post0,tau_hydro_doy
2,450,25,rmse,standard,0.18867464785128893,5,0.020990000622439983,pre0_mod080_post0,tau_hydro_doy
2,450,25,rsq,standard,0.1415888957306446,5,0.04871481872467877,pre0_mod080_post0,tau_hydro_doy
2,650,3,mae,standard,0.15678429595322796,5,0.016679545224763642,pre0_mod081_post0,tau_hydro_doy
2,650,3,rmse,standard,0.1844031874440512,5,0.022888259096533713,pre0_mod081_post0,tau_hydro_doy
2,650,3,rsq,standard,0.18072866916432226,5,0.0691629373557871,pre0_mod081_post0,tau_hydro_doy
2,650,6,mae,standard,0.15849560508522523,5,0.016636132953050223,pre0_mod082_post0,tau_hydro_doy
2,650,6,rmse,standard,0.18547039096600143,5,0.02205784755945146,pre0_mod082_post0,tau_hydro_doy
2,650,6,rsq,standard,0.16922227453986594,5,0.06763707727571472,pre0_mod082_post0,tau_hydro_doy
2,650,9,mae,standard,0.15945508530126673,5,0.0173045674490261,pre0_mod083_post0,tau_hydro_doy
2,650,9,rmse,standard,0.186043039882863,5,0.021937534598591327,pre0_mod083_post0,tau_hydro_doy
2,650,9,rsq,standard,0.16521413693502984,5,0.06211114373081627,pre0_mod083_post0,tau_hydro_doy
2,650,12,mae,standard,0.15984167258647933,5,0.01752792346502,pre0_mod084_post0,tau_hydro_doy
2,650,12,rmse,standard,0.18619023647271035,5,0.022097463445707947,pre0_mod084_post0,tau_hydro_doy
2,650,12,rsq,standard,0.1636756763872953,5,0.059256146845242205,pre0_mod084_post0,tau_hydro_doy
2,650,15,mae,standard,0.16043467477882822,5,0.017548521439146206,pre0_mod085_post0,tau_hydro_doy
2,650,15,rmse,standard,0.18679023062840708,5,0.021502484777876585,pre0_mod085_post0,tau_hydro_doy
2,650,15,rsq,standard,0.15727845720165393,5,0.053840280212768474,pre0_mod085_post0,tau_hydro_doy
2,650,18,mae,standard,0.16133688238705052,5,0.01778989414025858,pre0_mod086_post0,tau_hydro_doy
2,650,18,rmse,standard,0.18775525160831832,5,0.021555479061988236,pre0_mod086_post0,tau_hydro_doy
2,650,18,rsq,standard,0.14959405255429195,5,0.0512469827340558,pre0_mod086_post0,tau_hydro_doy
2,650,21,mae,standard,0.16143365703312945,5,0.018164058533996635,pre0_mod087_post0,tau_hydro_doy
2,650,21,rmse,standard,0.18657369489870165,5,0.021711916120638976,pre0_mod087_post0,tau_hydro_doy
2,650,21,rsq,standard,0.16243735584305058,5,0.0556431982668986,pre0_mod087_post0,tau_hydro_doy
2,650,25,mae,standard,0.16230093115781963,5,0.017726589649395497,pre0_mod088_post0,tau_hydro_doy
2,650,25,rmse,standard,0.18762317402308942,5,0.021248623014680935,pre0_mod088_post0,tau_hydro_doy
2,650,25,rsq,standard,0.15197114017773866,5,0.053859366805837756,pre0_mod088_post0,tau_hydro_doy
2,850,3,mae,standard,0.15757923684299346,5,0.01684850214089091,pre0_mod089_post0,tau_hydro_doy
2,850,3,rmse,standard,0.18558527162204214,5,0.02257534124103538,pre0_mod089_post0,tau_hydro_doy
2,850,3,rsq,standard,0.1687847330494462,5,0.06821812218729302,pre0_mod089_post0,tau_hydro_doy
2,850,6,mae,standard,0.15820135690368733,5,0.016664363695107563,pre0_mod090_post0,tau_hydro_doy
2,850,6,rmse,standard,0.1854672816113055,5,0.021952589747596053,pre0_mod090_post0,tau_hydro_doy
2,850,6,rsq,standard,0.17023117125515558,5,0.06574936079838054,pre0_mod090_post0,tau_hydro_doy
2,850,9,mae,standard,0.15870518696750552,5,0.017309128218156618,pre0_mod091_post0,tau_hydro_doy
2,850,9,rmse,standard,0.18502420172978018,5,0.021989819622712212,pre0_mod091_post0,tau_hydro_doy
2,850,9,rsq,standard,0.17681665600507201,5,0.0629430739255318,pre0_mod091_post0,tau_hydro_doy
2,850,12,mae,standard,0.1598410879153897,5,0.01753537080091212,pre0_mod092_post0,tau_hydro_doy
2,850,12,rmse,standard,0.1860837083153897,5,0.02163169895864654,pre0_mod092_post0,tau_hydro_doy
2,850,12,rsq,standard,0.16402361647080813,5,0.05463793235893577,pre0_mod092_post0,tau_hydro_doy
2,850,15,mae,standard,0.16084706206222563,5,0.017617333710574574,pre0_mod093_post0,tau_hydro_doy
2,850,15,rmse,standard,0.18737143586848679,5,0.021687657320866582,pre0_mod093_post0,tau_hydro_doy
2,850,15,rsq,standard,0.15208913359497706,5,0.055830706238069,pre0_mod093_post0,tau_hydro_doy
2,850,18,mae,standard,0.16099945934957233,5,0.01756570291618064,pre0_mod094_post0,tau_hydro_doy
2,850,18,rmse,standard,0.1874650084246438,5,0.021253297579955525,pre0_mod094_post0,tau_hydro_doy
2,850,18,rsq,standard,0.15375925449947936,5,0.054522536136457134,pre0_mod094_post0,tau_hydro_doy
2,850,21,mae,standard,0.16183899693827347,5,0.017460303701913624,pre0_mod095_post0,tau_hydro_doy
2,850,21,rmse,standard,0.18746711084030143,5,0.020961607185855123,pre0_mod095_post0,tau_hydro_doy
2,850,21,rsq,standard,0.1522949430397241,5,0.052733234659905544,pre0_mod095_post0,tau_hydro_doy
2,850,25,mae,standard,0.16198240044837078,5,0.017867083675359646,pre0_mod096_post0,tau_hydro_doy
2,850,25,rmse,standard,0.18742579633564976,5,0.021329095176294117,pre0_mod096_post0,tau_hydro_doy
2,850,25,rsq,standard,0.1568172740935832,5,0.054129718589383306,pre0_mod096_post0,tau_hydro_doy
2,1050,3,mae,standard,0.15818412560503614,5,0.016641883968102792,pre0_mod097_post0,tau_hydro_doy
2,1050,3,rmse,standard,0.18613077727233535,5,0.022456225368841145,pre0_mod097_post0,tau_hydro_doy
2,1050,3,rsq,standard,0.16682481823953813,5,0.0668439439611182,pre0_mod097_post0,tau_hydro_doy
2,1050,6,mae,standard,0.15844866325444762,5,0.017290657863506944,pre0_mod098_post0,tau_hydro_doy
2,1050,6,rmse,standard,0.18540030209953828,5,0.02238828293739989,pre0_mod098_post0,tau_hydro_doy
2,1050,6,rsq,standard,0.17079133677514755,5,0.06707921713926401,pre0_mod098_post0,tau_hydro_doy
2,1050,9,mae,standard,0.15905277989149286,5,0.016983499526220608,pre0_mod099_post0,tau_hydro_doy
2,1050,9,rmse,standard,0.18591731217461469,5,0.021874917732545237,pre0_mod099_post0,tau_hydro_doy
2,1050,9,rsq,standard,0.16889438015770092,5,0.06523576249359983,pre0_mod099_post0,tau_hydro_doy
2,1050,12,mae,standard,0.16000106406011058,5,0.01703716386893303,pre0_mod100_post0,tau_hydro_doy
2,1050,12,rmse,standard,0.1861134059990267,5,0.021496345926698468,pre0_mod100_post0,tau_hydro_doy
2,1050,12,rsq,standard,0.1652726535465844,5,0.05795624518632085,pre0_mod100_post0,tau_hydro_doy
2,1050,15,mae,standard,0.16024689106516116,5,0.017343926107043054,pre0_mod101_post0,tau_hydro_doy
2,1050,15,rmse,standard,0.18612791597647613,5,0.02147614196162251,pre0_mod101_post0,tau_hydro_doy
2,1050,15,rsq,standard,0.16320871464662973,5,0.05725813994554805,pre0_mod101_post0,tau_hydro_doy
2,1050,18,mae,standard,0.1610566487053003,5,0.017384024245611022,pre0_mod102_post0,tau_hydro_doy
2,1050,18,rmse,standard,0.1870072943092095,5,0.021327419725460695,pre0_mod102_post0,tau_hydro_doy
2,1050,18,rsq,standard,0.1576730519626439,5,0.057202014017674774,pre0_mod102_post0,tau_hydro_doy
2,1050,21,mae,standard,0.1611652429636136,5,0.017730022197738546,pre0_mod103_post0,tau_hydro_doy
2,1050,21,rmse,standard,0.18703423067058997,5,0.02130335985871723,pre0_mod103_post0,tau_hydro_doy
2,1050,21,rsq,standard,0.15706926806623667,5,0.05430722393181081,pre0_mod103_post0,tau_hydro_doy
2,1050,25,mae,standard,0.16212314468037736,5,0.017890950249123343,pre0_mod104_post0,tau_hydro_doy
2,1050,25,rmse,standard,0.1877715099381751,5,0.021372803659943356,pre0_mod104_post0,tau_hydro_doy
2,1050,25,rsq,standard,0.1514796170005049,5,0.05346899843138331,pre0_mod104_post0,tau_hydro_doy
2,1250,3,mae,standard,0.15795623700365355,5,0.016415647079887675,pre0_mod105_post0,tau_hydro_doy
2,1250,3,rmse,standard,0.18562188183703698,5,0.02215830302066223,pre0_mod105_post0,tau_hydro_doy
2,1250,3,rsq,standard,0.17053773117149224,5,0.06537771652519815,pre0_mod105_post0,tau_hydro_doy
2,1250,6,mae,standard,0.1585550010275631,5,0.01682618673794245,pre0_mod106_post0,tau_hydro_doy
2,1250,6,rmse,standard,0.1860469723955389,5,0.022267052977168494,pre0_mod106_post0,tau_hydro_doy
2,1250,6,rsq,standard,0.16654890577228218,5,0.06620354455242375,pre0_mod106_post0,tau_hydro_doy
2,1250,9,mae,standard,0.15950064337997866,5,0.01694178804705157,pre0_mod107_post0,tau_hydro_doy
2,1250,9,rmse,standard,0.18626477972330127,5,0.02154449518522082,pre0_mod107_post0,tau_hydro_doy
2,1250,9,rsq,standard,0.16142072360167004,5,0.05722350600185314,pre0_mod107_post0,tau_hydro_doy
2,1250,12,mae,standard,0.16028548735149153,5,0.017168276059952126,pre0_mod108_post0,tau_hydro_doy
2,1250,12,rmse,standard,0.18639731382920505,5,0.021443897384679653,pre0_mod108_post0,tau_hydro_doy
2,1250,12,rsq,standard,0.16082391232393425,5,0.05537770203648558,pre0_mod108_post0,tau_hydro_doy
2,1250,15,mae,standard,0.16021493983431995,5,0.017452348671049066,pre0_mod109_post0,tau_hydro_doy
2,1250,15,rmse,standard,0.18644227485631323,5,0.021402521696084673,pre0_mod109_post0,tau_hydro_doy
2,1250,15,rsq,standard,0.1593957242459255,5,0.055436728308635816,pre0_mod109_post0,tau_hydro_doy
2,1250,18,mae,standard,0.16140448152401252,5,0.017432703792128083,pre0_mod110_post0,tau_hydro_doy
2,1250,18,rmse,standard,0.18716524861823108,5,0.021210661229858884,pre0_mod110_post0,tau_hydro_doy
2,1250,18,rsq,standard,0.1521901805426666,5,0.05379802242508308,pre0_mod110_post0,tau_hydro_doy
2,1250,21,mae,standard,0.161556191219367,5,0.01751155506464617,pre0_mod111_post0,tau_hydro_doy
2,1250,21,rmse,standard,0.1872854279157278,5,0.021114084348376316,pre0_mod111_post0,tau_hydro_doy
2,1250,21,rsq,standard,0.15443700716303696,5,0.054398763025040826,pre0_mod111_post0,tau_hydro_doy
2,1250,25,mae,standard,0.1624730057609442,5,0.017678865848229287,pre0_mod112_post0,tau_hydro_doy
2,1250,25,rmse,standard,0.18769385972612113,5,0.0210767507773398,pre0_mod112_post0,tau_hydro_doy
2,1250,25,rsq,standard,0.15273997100868092,5,0.0485718117098405,pre0_mod112_post0,tau_hydro_doy
2,1450,3,mae,standard,0.1588413316173761,5,0.01662679431817391,pre0_mod113_post0,tau_hydro_doy
2,1450,3,rmse,standard,0.18654916489113943,5,0.022517978315345546,pre0_mod113_post0,tau_hydro_doy
2,1450,3,rsq,standard,0.16570699343814746,5,0.06913717502760675,pre0_mod113_post0,tau_hydro_doy
2,1450,6,mae,standard,0.15873679752685657,5,0.016758401186485954,pre0_mod114_post0,tau_hydro_doy
2,1450,6,rmse,standard,0.18614416035634312,5,0.022044230008682025,pre0_mod114_post0,tau_hydro_doy
2,1450,6,rsq,standard,0.16529637738175207,5,0.06381165922537854,pre0_mod114_post0,tau_hydro_doy
2,1450,9,mae,standard,0.15860405898469337,5,0.017004986032690586,pre0_mod115_post0,tau_hydro_doy
2,1450,9,rmse,standard,0.1856526121818758,5,0.021735284848207012,pre0_mod115_post0,tau_hydro_doy
2,1450,9,rsq,standard,0.1673275376797782,5,0.05873234667501155,pre0_mod115_post0,tau_hydro_doy
2,1450,12,mae,standard,0.1592492185249919,5,0.01743483010319523,pre0_mod116_post0,tau_hydro_doy
2,1450,12,rmse,standard,0.186151478696993,5,0.021748066640075125,pre0_mod116_post0,tau_hydro_doy
2,1450,12,rsq,standard,0.1645897309235589,5,0.060018752460428065,pre0_mod116_post0,tau_hydro_doy
2,1450,15,mae,standard,0.1603277182062306,5,0.01753420902062429,pre0_mod117_post0,tau_hydro_doy
2,1450,15,rmse,standard,0.1865733052625587,5,0.021573993106285518,pre0_mod117_post0,tau_hydro_doy
2,1450,15,rsq,standard,0.15995054581031815,5,0.05555864892334493,pre0_mod117_post0,tau_hydro_doy
2,1450,18,mae,standard,0.16047609933668247,5,0.017682851044913902,pre0_mod118_post0,tau_hydro_doy
2,1450,18,rmse,standard,0.18644201886418138,5,0.021708908378353247,pre0_mod118_post0,tau_hydro_doy
2,1450,18,rsq,standard,0.15943084499528878,5,0.05342474591344266,pre0_mod118_post0,tau_hydro_doy
2,1450,21,mae,standard,0.16162993464154946,5,0.01761320861448912,pre0_mod119_post0,tau_hydro_doy
2,1450,21,rmse,standard,0.1874472064249068,5,0.021275411107996745,pre0_mod119_post0,tau_hydro_doy
2,1450,21,rsq,standard,0.1527044221042789,5,0.052616709705659154,pre0_mod119_post0,tau_hydro_doy
2,1450,25,mae,standard,0.1625799012800277,5,0.017834771158634185,pre0_mod120_post0,tau_hydro_doy
2,1450,25,rmse,standard,0.18800120080099478,5,0.021413818770951817,pre0_mod120_post0,tau_hydro_doy
2,1450,25,rsq,standard,0.14780718439581833,5,0.052635126443884496,pre0_mod120_post0,tau_hydro_doy
2,1650,3,mae,standard,0.15765721708610875,5,0.016492949546016822,pre0_mod121_post0,tau_hydro_doy
2,1650,3,rmse,standard,0.1851600261482001,5,0.022415433316428635,pre0_mod121_post0,tau_hydro_doy
2,1650,3,rsq,standard,0.17387625598436465,5,0.0686673913849303,pre0_mod121_post0,tau_hydro_doy
2,1650,6,mae,standard,0.15865619471690923,5,0.016580719733477498,pre0_mod122_post0,tau_hydro_doy
2,1650,6,rmse,standard,0.18589123089854476,5,0.02178744975513879,pre0_mod122_post0,tau_hydro_doy
2,1650,6,rsq,standard,0.1660285430861877,5,0.06263691910544829,pre0_mod122_post0,tau_hydro_doy
2,1650,9,mae,standard,0.15843646575821907,5,0.017040807881807216,pre0_mod123_post0,tau_hydro_doy
2,1650,9,rmse,standard,0.18516609933901654,5,0.021804256190766827,pre0_mod123_post0,tau_hydro_doy
2,1650,9,rsq,standard,0.17107934658980123,5,0.06031039338677172,pre0_mod123_post0,tau_hydro_doy
2,1650,12,mae,standard,0.15934132454059735,5,0.01709458494675388,pre0_mod124_post0,tau_hydro_doy
2,1650,12,rmse,standard,0.18557200051365708,5,0.021258355371907157,pre0_mod124_post0,tau_hydro_doy
2,1650,12,rsq,standard,0.16581090986553154,5,0.0533357815897412,pre0_mod124_post0,tau_hydro_doy
2,1650,15,mae,standard,0.1605146522722241,5,0.017133737197580157,pre0_mod125_post0,tau_hydro_doy
2,1650,15,rmse,standard,0.18663432756547987,5,0.0213102270701438,pre0_mod125_post0,tau_hydro_doy
2,1650,15,rsq,standard,0.15943726834072655,5,0.05646622789594092,pre0_mod125_post0,tau_hydro_doy
2,1650,18,mae,standard,0.1612002762202825,5,0.017440741878956858,pre0_mod126_post0,tau_hydro_doy
2,1650,18,rmse,standard,0.18707367289648605,5,0.02128915672750624,pre0_mod126_post0,tau_hydro_doy
2,1650,18,rsq,standard,0.15441559200491475,5,0.0517217341331655,pre0_mod126_post0,tau_hydro_doy
2,1650,21,mae,standard,0.1618025065917783,5,0.017672121890865727,pre0_mod127_post0,tau_hydro_doy
2,1650,21,rmse,standard,0.1876499825707507,5,0.02130736754174195,pre0_mod127_post0,tau_hydro_doy
2,1650,21,rsq,standard,0.14893800774491836,5,0.05255428312588639,pre0_mod127_post0,tau_hydro_doy
2,1650,25,mae,standard,0.16240058560411666,5,0.01790154329202135,pre0_mod128_post0,tau_hydro_doy
2,1650,25,rmse,standard,0.18796229186887686,5,0.021230435812347244,pre0_mod128_post0,tau_hydro_doy
2,1650,25,rsq,standard,0.14881774712297213,5,0.05167197033146099,pre0_mod128_post0,tau_hydro_doy
3,250,3,mae,standard,0.15898982874837544,5,0.016466292483479982,pre0_mod129_post0,tau_hydro_doy
3,250,3,rmse,standard,0.1868761138502748,5,0.022156137972348288,pre0_mod129_post0,tau_hydro_doy
3,250,3,rsq,standard,0.16013339607532112,5,0.06374414169838313,pre0_mod129_post0,tau_hydro_doy
3,250,6,mae,standard,0.1577314782646714,5,0.016770022386135217,pre0_mod130_post0,tau_hydro_doy
3,250,6,rmse,standard,0.18627882291348116,5,0.0220336065385198,pre0_mod130_post0,tau_hydro_doy
3,250,6,rsq,standard,0.16401226285341194,5,0.06838228672183327,pre0_mod130_post0,tau_hydro_doy
3,250,9,mae,standard,0.15911997509295028,5,0.01664526889785149,pre0_mod131_post0,tau_hydro_doy
3,250,9,rmse,standard,0.186426369925393,5,0.021909637884900857,pre0_mod131_post0,tau_hydro_doy
3,250,9,rsq,standard,0.16197665034893796,5,0.05367014564385326,pre0_mod131_post0,tau_hydro_doy
3,250,12,mae,standard,0.16123608620943866,5,0.016445733800001743,pre0_mod132_post0,tau_hydro_doy
3,250,12,rmse,standard,0.1880149083245042,5,0.021267412447129277,pre0_mod132_post0,tau_hydro_doy
3,250,12,rsq,standard,0.14966007626949843,5,0.05349640774384413,pre0_mod132_post0,tau_hydro_doy
3,250,15,mae,standard,0.16129589299139807,5,0.016999212969622163,pre0_mod133_post0,tau_hydro_doy
3,250,15,rmse,standard,0.18748636586713083,5,0.0212823142259341,pre0_mod133_post0,tau_hydro_doy
3,250,15,rsq,standard,0.15091740306025048,5,0.06034028619803417,pre0_mod133_post0,tau_hydro_doy
3,250,18,mae,standard,0.1624401256475678,5,0.018570246117582387,pre0_mod134_post0,tau_hydro_doy
3,250,18,rmse,standard,0.18841820663777337,5,0.02292795659183448,pre0_mod134_post0,tau_hydro_doy
3,250,18,rsq,standard,0.14676718335508865,5,0.06095377013316774,pre0_mod134_post0,tau_hydro_doy
3,250,21,mae,standard,0.16195816729662676,5,0.017337386330812957,pre0_mod135_post0,tau_hydro_doy
3,250,21,rmse,standard,0.1876790847614423,5,0.02132911461029295,pre0_mod135_post0,tau_hydro_doy
3,250,21,rsq,standard,0.14920210049744234,5,0.06171658384132705,pre0_mod135_post0,tau_hydro_doy
3,250,25,mae,standard,0.16250373516969296,5,0.01771724803306224,pre0_mod136_post0,tau_hydro_doy
3,250,25,rmse,standard,0.18877877770824458,5,0.021663174920102026,pre0_mod136_post0,tau_hydro_doy
3,250,25,rsq,standard,0.13771960145081566,5,0.054847785068381304,pre0_mod136_post0,tau_hydro_doy
3,450,3,mae,standard,0.15896624699656858,5,0.01630861501975189,pre0_mod137_post0,tau_hydro_doy
3,450,3,rmse,standard,0.18765288132028818,5,0.02252902136551891,pre0_mod137_post0,tau_hydro_doy
3,450,3,rsq,standard,0.15649529740516122,5,0.06701379537784961,pre0_mod137_post0,tau_hydro_doy
3,450,6,mae,standard,0.15926899471309874,5,0.01669742746443789,pre0_mod138_post0,tau_hydro_doy
3,450,6,rmse,standard,0.18747519345182082,5,0.022310916381525575,pre0_mod138_post0,tau_hydro_doy
3,450,6,rsq,standard,0.1536920644289821,5,0.06054054872100097,pre0_mod138_post0,tau_hydro_doy
3,450,9,mae,standard,0.16053407681774645,5,0.016697985494778,pre0_mod139_post0,tau_hydro_doy
3,450,9,rmse,standard,0.18828257332077147,5,0.02185753445080661,pre0_mod139_post0,tau_hydro_doy
3,450,9,rsq,standard,0.1515822881289724,5,0.06524122481823132,pre0_mod139_post0,tau_hydro_doy
3,450,12,mae,standard,0.15958397001561103,5,0.01739491469671658,pre0_mod140_post0,tau_hydro_doy
3,450,12,rmse,standard,0.1866027343703328,5,0.02200720799368141,pre0_mod140_post0,tau_hydro_doy
3,450,12,rsq,standard,0.15809217678157778,5,0.06073637026744049,pre0_mod140_post0,tau_hydro_doy
3,450,15,mae,standard,0.16015729234957007,5,0.01704344724414912,pre0_mod141_post0,tau_hydro_doy
3,450,15,rmse,standard,0.1866115902544597,5,0.0213450844298208,pre0_mod141_post0,tau_hydro_doy
3,450,15,rsq,standard,0.16051394633660537,5,0.053654932420074006,pre0_mod141_post0,tau_hydro_doy
3,450,18,mae,standard,0.16147611698696376,5,0.017556472646209728,pre0_mod142_post0,tau_hydro_doy
3,450,18,rmse,standard,0.18800804292986453,5,0.02155487669941916,pre0_mod142_post0,tau_hydro_doy
3,450,18,rsq,standard,0.14720011130670482,5,0.055322580630084744,pre0_mod142_post0,tau_hydro_doy
3,450,21,mae,standard,0.1616578496645804,5,0.017316008568499665,pre0_mod143_post0,tau_hydro_doy
3,450,21,rmse,standard,0.1874751478082886,5,0.021236450567312933,pre0_mod143_post0,tau_hydro_doy
3,450,21,rsq,standard,0.15481635711006017,5,0.05947943610638176,pre0_mod143_post0,tau_hydro_doy
3,450,25,mae,standard,0.16132767558771882,5,0.017012836873066227,pre0_mod144_post0,tau_hydro_doy
3,450,25,rmse,standard,0.1875389588626767,5,0.02097515199504797,pre0_mod144_post0,tau_hydro_doy
3,450,25,rsq,standard,0.15062398840838626,5,0.05289852322002843,pre0_mod144_post0,tau_hydro_doy
3,650,3,mae,standard,0.15895074903564152,5,0.01659332246044404,pre0_mod145_post0,tau_hydro_doy
3,650,3,rmse,standard,0.18726954651201222,5,0.02280461462489178,pre0_mod145_post0,tau_hydro_doy
3,650,3,rsq,standard,0.16001142399033957,5,0.06834644391784031,pre0_mod145_post0,tau_hydro_doy
3,650,6,mae,standard,0.15829717133569718,5,0.017155896738490734,pre0_mod146_post0,tau_hydro_doy
3,650,6,rmse,standard,0.1865369549346241,5,0.02298349051885012,pre0_mod146_post0,tau_hydro_doy
3,650,6,rsq,standard,0.16079695428800306,5,0.07461052134219835,pre0_mod146_post0,tau_hydro_doy
3,650,9,mae,standard,0.1593118227678663,5,0.01692819363647816,pre0_mod147_post0,tau_hydro_doy
3,650,9,rmse,standard,0.18617533754212093,5,0.02240305016385506,pre0_mod147_post0,tau_hydro_doy
3,650,9,rsq,standard,0.16796776154241114,5,0.06894370186842912,pre0_mod147_post0,tau_hydro_doy
3,650,12,mae,standard,0.16115196002648657,5,0.017001833271524682,pre0_mod148_post0,tau_hydro_doy
3,650,12,rmse,standard,0.18779770354566727,5,0.0215595939305442,pre0_mod148_post0,tau_hydro_doy
3,650,12,rsq,standard,0.15001449221395827,5,0.05518365953407744,pre0_mod148_post0,tau_hydro_doy
3,650,15,mae,standard,0.16021623499115567,5,0.017304834281821287,pre0_mod149_post0,tau_hydro_doy
3,650,15,rmse,standard,0.18665425523158966,5,0.021879171133972867,pre0_mod149_post0,tau_hydro_doy
3,650,15,rsq,standard,0.15711571078349545,5,0.05827283942027842,pre0_mod149_post0,tau_hydro_doy
3,650,18,mae,standard,0.16063675152877063,5,0.017430686041808315,pre0_mod150_post0,tau_hydro_doy
3,650,18,rmse,standard,0.18693429470300582,5,0.02152170829456964,pre0_mod150_post0,tau_hydro_doy
3,650,18,rsq,standard,0.15358654641458833,5,0.05624816392456691,pre0_mod150_post0,tau_hydro_doy
3,650,21,mae,standard,0.16142775432054385,5,0.017407107971641505,pre0_mod151_post0,tau_hydro_doy
3,650,21,rmse,standard,0.18800896779553783,5,0.0211627247955942,pre0_mod151_post0,tau_hydro_doy
3,650,21,rsq,standard,0.14706520237352919,5,0.054065975322257646,pre0_mod151_post0,tau_hydro_doy
3,650,25,mae,standard,0.16164932425475614,5,0.017571062820730416,pre0_mod152_post0,tau_hydro_doy
3,650,25,rmse,standard,0.18743692340553886,5,0.02139539389391103,pre0_mod152_post0,tau_hydro_doy
3,650,25,rsq,standard,0.15152851376079385,5,0.05417281773940823,pre0_mod152_post0,tau_hydro_doy
3,850,3,mae,standard,0.15930005510417844,5,0.016156308454912897,pre0_mod153_post0,tau_hydro_doy
3,850,3,rmse,standard,0.18715368980451333,5,0.022183517871663967,pre0_mod153_post0,tau_hydro_doy
3,850,3,rsq,standard,0.16074941452509411,5,0.07111903844042038,pre0_mod153_post0,tau_hydro_doy
3,850,6,mae,standard,0.15841393552013844,5,0.01666597391443681,pre0_mod154_post0,tau_hydro_doy
3,850,6,rmse,standard,0.18581203874622912,5,0.022330644720995906,pre0_mod154_post0,tau_hydro_doy
3,850,6,rsq,standard,0.16797266650704726,5,0.06993224270449443,pre0_mod154_post0,tau_hydro_doy
3,850,9,mae,standard,0.15967330384496017,5,0.017062974283809065,pre0_mod155_post0,tau_hydro_doy
3,850,9,rmse,standard,0.18723196217043553,5,0.022138536189130153,pre0_mod155_post0,tau_hydro_doy
3,850,9,rsq,standard,0.154467897535207,5,0.06124050792363807,pre0_mod155_post0,tau_hydro_doy
3,850,12,mae,standard,0.1608849435453913,5,0.01701934642243989,pre0_mod156_post0,tau_hydro_doy
3,850,12,rmse,standard,0.18769200444297426,5,0.021719670066959105,pre0_mod156_post0,tau_hydro_doy
3,850,12,rsq,standard,0.15094361611174825,5,0.057735451483336225,pre0_mod156_post0,tau_hydro_doy
3,850,15,mae,standard,0.16085247751581985,5,0.016870254038809224,pre0_mod157_post0,tau_hydro_doy
3,850,15,rmse,standard,0.18734833976818102,5,0.02136490840634745,pre0_mod157_post0,tau_hydro_doy
3,850,15,rsq,standard,0.15193212106524995,5,0.05580096045009174,pre0_mod157_post0,tau_hydro_doy
3,850,18,mae,standard,0.1619663646009415,5,0.017104248320697197,pre0_mod158_post0,tau_hydro_doy
3,850,18,rmse,standard,0.18813799767533984,5,0.02134945121467492,pre0_mod158_post0,tau_hydro_doy
3,850,18,rsq,standard,0.14202925759187335,5,0.05445554775123275,pre0_mod158_post0,tau_hydro_doy
3,850,21,mae,standard,0.16154366307818507,5,0.01754243524799209,pre0_mod159_post0,tau_hydro_doy
3,850,21,rmse,standard,0.18748018176053846,5,0.021639343859917875,pre0_mod159_post0,tau_hydro_doy
3,850,21,rsq,standard,0.15004062204851015,5,0.057446875586897254,pre0_mod159_post0,tau_hydro_doy
3,850,25,mae,standard,0.16222501738420186,5,0.017878204902154905,pre0_mod160_post0,tau_hydro_doy
3,850,25,rmse,standard,0.18796838014245293,5,0.021320040615284204,pre0_mod160_post0,tau_hydro_doy
3,850,25,rsq,standard,0.14701356909945495,5,0.054786747330042254,pre0_mod160_post0,tau_hydro_doy
3,1050,3,mae,standard,0.15812795296431567,5,0.016158882478203143,pre0_mod161_post0,tau_hydro_doy
3,1050,3,rmse,standard,0.1865075129133998,5,0.022152946367801515,pre0_mod161_post0,tau_hydro_doy
3,1050,3,rsq,standard,0.16106653933702714,5,0.0651424199051856,pre0_mod161_post0,tau_hydro_doy
3,1050,6,mae,standard,0.15983591986605544,5,0.01649809850517415,pre0_mod162_post0,tau_hydro_doy
3,1050,6,rmse,standard,0.1877335406090821,5,0.021975669043895394,pre0_mod162_post0,tau_hydro_doy
3,1050,6,rsq,standard,0.15414579369090278,5,0.06676178218655819,pre0_mod162_post0,tau_hydro_doy
3,1050,9,mae,standard,0.1593948233377198,5,0.016648352721807022,pre0_mod163_post0,tau_hydro_doy
3,1050,9,rmse,standard,0.1868559275731371,5,0.021704466421514978,pre0_mod163_post0,tau_hydro_doy
3,1050,9,rsq,standard,0.1599565949999588,5,0.06087057995950282,pre0_mod163_post0,tau_hydro_doy
3,1050,12,mae,standard,0.16055349158457907,5,0.017467040598820857,pre0_mod164_post0,tau_hydro_doy
3,1050,12,rmse,standard,0.18738224724113325,5,0.022030006074650728,pre0_mod164_post0,tau_hydro_doy
3,1050,12,rsq,standard,0.15532574118097237,5,0.0631513294228975,pre0_mod164_post0,tau_hydro_doy
3,1050,15,mae,standard,0.16073496461511316,5,0.01698917033135101,pre0_mod165_post0,tau_hydro_doy
3,1050,15,rmse,standard,0.18695819180658854,5,0.021394448133781878,pre0_mod165_post0,tau_hydro_doy
3,1050,15,rsq,standard,0.15725755456653162,5,0.056460204483791854,pre0_mod165_post0,tau_hydro_doy
3,1050,18,mae,standard,0.1607991614268069,5,0.017564239186183155,pre0_mod166_post0,tau_hydro_doy
3,1050,18,rmse,standard,0.18699627988445972,5,0.02171674315743866,pre0_mod166_post0,tau_hydro_doy
3,1050,18,rsq,standard,0.15637063726451364,5,0.05495888056931286,pre0_mod166_post0,tau_hydro_doy
3,1050,21,mae,standard,0.16125683819595688,5,0.017301214103005846,pre0_mod167_post0,tau_hydro_doy
3,1050,21,rmse,standard,0.18702320536141256,5,0.02134753985358716,pre0_mod167_post0,tau_hydro_doy
3,1050,21,rsq,standard,0.15487072584563963,5,0.05924560403559109,pre0_mod167_post0,tau_hydro_doy
3,1050,25,mae,standard,0.16229630773687528,5,0.017451105721220227,pre0_mod168_post0,tau_hydro_doy
3,1050,25,rmse,standard,0.18853097665260468,5,0.021203487153840895,pre0_mod168_post0,tau_hydro_doy
3,1050,25,rsq,standard,0.13956827465632285,5,0.05347066197510961,pre0_mod168_post0,tau_hydro_doy
3,1250,3,mae,standard,0.15995233184730864,5,0.016462458788395362,pre0_mod169_post0,tau_hydro_doy
3,1250,3,rmse,standard,0.18767475405353404,5,0.022447741497690184,pre0_mod169_post0,tau_hydro_doy
3,1250,3,rsq,standard,0.1572187361904911,5,0.06885875380165836,pre0_mod169_post0,tau_hydro_doy
3,1250,6,mae,standard,0.15914859987516472,5,0.01664223535279862,pre0_mod170_post0,tau_hydro_doy
3,1250,6,rmse,standard,0.18669722721424795,5,0.022343667011953346,pre0_mod170_post0,tau_hydro_doy
3,1250,6,rsq,standard,0.1617585094386374,5,0.06712308446226517,pre0_mod170_post0,tau_hydro_doy
3,1250,9,mae,standard,0.15917313702222088,5,0.017186887608517432,pre0_mod171_post0,tau_hydro_doy
3,1250,9,rmse,standard,0.18660004442577102,5,0.02208109804274707,pre0_mod171_post0,tau_hydro_doy
3,1250,9,rsq,standard,0.16136466156757287,5,0.06573069991411691,pre0_mod171_post0,tau_hydro_doy
3,1250,12,mae,standard,0.16068860792479236,5,0.016876986595481307,pre0_mod172_post0,tau_hydro_doy
3,1250,12,rmse,standard,0.18732068808516847,5,0.021432922517989204,pre0_mod172_post0,tau_hydro_doy
3,1250,12,rsq,standard,0.15364048155571544,5,0.06092152783917752,pre0_mod172_post0,tau_hydro_doy
3,1250,15,mae,standard,0.16106435347359255,5,0.016994183542819487,pre0_mod173_post0,tau_hydro_doy
3,1250,15,rmse,standard,0.18723154867352795,5,0.02147847974434876,pre0_mod173_post0,tau_hydro_doy
3,1250,15,rsq,standard,0.15493863586850143,5,0.05808141675441304,pre0_mod173_post0,tau_hydro_doy
3,1250,18,mae,standard,0.16174689192966274,5,0.017365608052889822,pre0_mod174_post0,tau_hydro_doy
3,1250,18,rmse,standard,0.1879871483726473,5,0.021590060652397002,pre0_mod174_post0,tau_hydro_doy
3,1250,18,rsq,standard,0.14636891462038687,5,0.05803946227254994,pre0_mod174_post0,tau_hydro_doy
3,1250,21,mae,standard,0.1617705300322976,5,0.017426974586380397,pre0_mod175_post0,tau_hydro_doy
3,1250,21,rmse,standard,0.18764445403971788,5,0.02134063873505702,pre0_mod175_post0,tau_hydro_doy
3,1250,21,rsq,standard,0.1479279109525877,5,0.053739693247743706,pre0_mod175_post0,tau_hydro_doy
3,1250,25,mae,standard,0.16255264454944202,5,0.017444192856558054,pre0_mod176_post0,tau_hydro_doy
3,1250,25,rmse,standard,0.1885504393268428,5,0.02125147149596127,pre0_mod176_post0,tau_hydro_doy
3,1250,25,rsq,standard,0.14058573298888472,5,0.05300299767754897,pre0_mod176_post0,tau_hydro_doy
3,1450,3,mae,standard,0.15871191099254434,5,0.01652068044848039,pre0_mod177_post0,tau_hydro_doy
3,1450,3,rmse,standard,0.18712158371662133,5,0.022489601902203345,pre0_mod177_post0,tau_hydro_doy
3,1450,3,rsq,standard,0.15949553532325575,5,0.0689600727181304,pre0_mod177_post0,tau_hydro_doy
3,1450,6,mae,standard,0.1589593104608244,5,0.016968043749416795,pre0_mod178_post0,tau_hydro_doy
3,1450,6,rmse,standard,0.1863848948908858,5,0.022600527932174232,pre0_mod178_post0,tau_hydro_doy
3,1450,6,rsq,standard,0.16674204198216358,5,0.07026213080430735,pre0_mod178_post0,tau_hydro_doy
3,1450,9,mae,standard,0.15851905234656943,5,0.01712566655668872,pre0_mod179_post0,tau_hydro_doy
3,1450,9,rmse,standard,0.18617409522507852,5,0.022184998119647432,pre0_mod179_post0,tau_hydro_doy
3,1450,9,rsq,standard,0.16439462916305164,5,0.06412225608604416,pre0_mod179_post0,tau_hydro_doy
3,1450,12,mae,standard,0.16049002925333228,5,0.01658464853276591,pre0_mod180_post0,tau_hydro_doy
3,1450,12,rmse,standard,0.18704604775919573,5,0.021226920281620196,pre0_mod180_post0,tau_hydro_doy
3,1450,12,rsq,standard,0.1548110656462394,5,0.05766749563539204,pre0_mod180_post0,tau_hydro_doy
3,1450,15,mae,standard,0.16069184615467533,5,0.017259947724834832,pre0_mod181_post0,tau_hydro_doy
3,1450,15,rmse,standard,0.18722432642160297,5,0.02166842879327929,pre0_mod181_post0,tau_hydro_doy
3,1450,15,rsq,standard,0.15403010898889116,5,0.056469666962656595,pre0_mod181_post0,tau_hydro_doy
3,1450,18,mae,standard,0.1618322598763034,5,0.017401486706076774,pre0_mod182_post0,tau_hydro_doy
3,1450,18,rmse,standard,0.1875680048392492,5,0.021504671273526274,pre0_mod182_post0,tau_hydro_doy
3,1450,18,rsq,standard,0.15140112393565475,5,0.05676623625969636,pre0_mod182_post0,tau_hydro_doy
3,1450,21,mae,standard,0.161352707960991,5,0.01765160516401079,pre0_mod183_post0,tau_hydro_doy
3,1450,21,rmse,standard,0.18754203384541582,5,0.02150936601269941,pre0_mod183_post0,tau_hydro_doy
3,1450,21,rsq,standard,0.148720028817041,5,0.05796312075467487,pre0_mod183_post0,tau_hydro_doy
3,1450,25,mae,standard,0.16222660988243762,5,0.017794208704692983,pre0_mod184_post0,tau_hydro_doy
3,1450,25,rmse,standard,0.18801215870962512,5,0.02146468878227901,pre0_mod184_post0,tau_hydro_doy
3,1450,25,rsq,standard,0.14512987223611495,5,0.05472343566085711,pre0_mod184_post0,tau_hydro_doy
3,1650,3,mae,standard,0.15899784607093345,5,0.01596175574435021,pre0_mod185_post0,tau_hydro_doy
3,1650,3,rmse,standard,0.18675043756985443,5,0.022000388934221324,pre0_mod185_post0,tau_hydro_doy
3,1650,3,rsq,standard,0.16219791812004025,5,0.06775309238701453,pre0_mod185_post0,tau_hydro_doy
3,1650,6,mae,standard,0.15899474964377294,5,0.016477652438427134,pre0_mod186_post0,tau_hydro_doy
3,1650,6,rmse,standard,0.18649635638596063,5,0.02206748931171694,pre0_mod186_post0,tau_hydro_doy
3,1650,6,rsq,standard,0.1618361958694326,5,0.06574386281933965,pre0_mod186_post0,tau_hydro_doy
3,1650,9,mae,standard,0.1585840496561308,5,0.01718296705576935,pre0_mod187_post0,tau_hydro_doy
3,1650,9,rmse,standard,0.18582828962521514,5,0.022243445520758173,pre0_mod187_post0,tau_hydro_doy
3,1650,9,rsq,standard,0.16513285016985385,5,0.06668799305679583,pre0_mod187_post0,tau_hydro_doy
3,1650,12,mae,standard,0.16039867471983574,5,0.01708251691571467,pre0_mod188_post0,tau_hydro_doy
3,1650,12,rmse,standard,0.18705483041954227,5,0.021944281245417335,pre0_mod188_post0,tau_hydro_doy
3,1650,12,rsq,standard,0.15656591387327898,5,0.06137360434570677,pre0_mod188_post0,tau_hydro_doy
3,1650,15,mae,standard,0.16168789735042208,5,0.016836547966808394,pre0_mod189_post0,tau_hydro_doy
3,1650,15,rmse,standard,0.18788261309727713,5,0.021264367517851622,pre0_mod189_post0,tau_hydro_doy
3,1650,15,rsq,standard,0.14945003400254786,5,0.05640714716425336,pre0_mod189_post0,tau_hydro_doy
3,1650,18,mae,standard,0.16174289258201044,5,0.017233769853082573,pre0_mod190_post0,tau_hydro_doy
3,1650,18,rmse,standard,0.18806371983235998,5,0.021211087961375906,pre0_mod190_post0,tau_hydro_doy
3,1650,18,rsq,standard,0.14825103108928875,5,0.05489807151573396,pre0_mod190_post0,tau_hydro_doy
3,1650,21,mae,standard,0.16201409665088334,5,0.017411439665521205,pre0_mod191_post0,tau_hydro_doy
3,1650,21,rmse,standard,0.1881579462677464,5,0.02144531354851351,pre0_mod191_post0,tau_hydro_doy
3,1650,21,rsq,standard,0.14524481439309664,5,0.05350340624125712,pre0_mod191_post0,tau_hydro_doy
3,1650,25,mae,standard,0.16216660276901645,5,0.017565588183055512,pre0_mod192_post0,tau_hydro_doy
3,1650,25,rmse,standard,0.18779511240433575,5,0.0213132644284942,pre0_mod192_post0,tau_hydro_doy
3,1650,25,rsq,standard,0.14756597298136745,5,0.05431919190569459,pre0_mod192_post0,tau_hydro_doy
4,250,3,mae,standard,0.16012369981189656,5,0.016656189656150407,pre0_mod193_post0,tau_hydro_doy
4,250,3,rmse,standard,0.18911515777595425,5,0.022835712534704566,pre0_mod193_post0,tau_hydro_doy
4,250,3,rsq,standard,0.14579171022081736,5,0.06825751639506167,pre0_mod193_post0,tau_hydro_doy
4,250,6,mae,standard,0.15911407664912322,5,0.01657027039198793,pre0_mod194_post0,tau_hydro_doy
4,250,6,rmse,standard,0.18749408785904492,5,0.022283470975011013,pre0_mod194_post0,tau_hydro_doy
4,250,6,rsq,standard,0.15777018323113248,5,0.06558029263257613,pre0_mod194_post0,tau_hydro_doy
4,250,9,mae,standard,0.15931148767631098,5,0.016201959455457604,pre0_mod195_post0,tau_hydro_doy
4,250,9,rmse,standard,0.18811592406669378,5,0.021725962999733048,pre0_mod195_post0,tau_hydro_doy
4,250,9,rsq,standard,0.14971486314896848,5,0.0609415955566577,pre0_mod195_post0,tau_hydro_doy
4,250,12,mae,standard,0.16075305273207305,5,0.016830967840504706,pre0_mod196_post0,tau_hydro_doy
4,250,12,rmse,standard,0.18878353292783553,5,0.021150561145375824,pre0_mod196_post0,tau_hydro_doy
4,250,12,rsq,standard,0.14533124101655467,5,0.05571577320887625,pre0_mod196_post0,tau_hydro_doy
4,250,15,mae,standard,0.16101922836845362,5,0.01731837363941934,pre0_mod197_post0,tau_hydro_doy
4,250,15,rmse,standard,0.18846457377620146,5,0.02142577767763887,pre0_mod197_post0,tau_hydro_doy
4,250,15,rsq,standard,0.1483089950889318,5,0.056059144890659184,pre0_mod197_post0,tau_hydro_doy
4,250,18,mae,standard,0.16282788932728767,5,0.016995609597916673,pre0_mod198_post0,tau_hydro_doy
4,250,18,rmse,standard,0.18868917159608087,5,0.021406548724631144,pre0_mod198_post0,tau_hydro_doy
4,250,18,rsq,standard,0.14295794364674647,5,0.0581383961893423,pre0_mod198_post0,tau_hydro_doy
4,250,21,mae,standard,0.16043613438677012,5,0.01734328664897591,pre0_mod199_post0,tau_hydro_doy
4,250,21,rmse,standard,0.18693536014445555,5,0.021722060552365457,pre0_mod199_post0,tau_hydro_doy
4,250,21,rsq,standard,0.1531656236161213,5,0.06046817316918958,pre0_mod199_post0,tau_hydro_doy
4,250,25,mae,standard,0.16307004248615323,5,0.017262074842573014,pre0_mod200_post0,tau_hydro_doy
4,250,25,rmse,standard,0.18928543074823007,5,0.021094233568503682,pre0_mod200_post0,tau_hydro_doy
4,250,25,rsq,standard,0.13358394353259317,5,0.051920792397000266,pre0_mod200_post0,tau_hydro_doy
4,450,3,mae,standard,0.15835877784562485,5,0.016367178471906028,pre0_mod201_post0,tau_hydro_doy
4,450,3,rmse,standard,0.18752180310183575,5,0.022684206634049065,pre0_mod201_post0,tau_hydro_doy
4,450,3,rsq,standard,0.15875223016218573,5,0.0711399697216668,pre0_mod201_post0,tau_hydro_doy
4,450,6,mae,standard,0.1586480649950185,5,0.01684770259330006,pre0_mod202_post0,tau_hydro_doy
4,450,6,rmse,standard,0.1870822255146714,5,0.022392523461954677,pre0_mod202_post0,tau_hydro_doy
4,450,6,rsq,standard,0.15867493452088105,5,0.06850374055462291,pre0_mod202_post0,tau_hydro_doy
4,450,9,mae,standard,0.15881176275973663,5,0.01696554065056892,pre0_mod203_post0,tau_hydro_doy
4,450,9,rmse,standard,0.18685779984934114,5,0.02179601509871124,pre0_mod203_post0,tau_hydro_doy
4,450,9,rsq,standard,0.16153242547074728,5,0.06285420200066587,pre0_mod203_post0,tau_hydro_doy
4,450,12,mae,standard,0.15949769490156285,5,0.016624962444744425,pre0_mod204_post0,tau_hydro_doy
4,450,12,rmse,standard,0.18719798175204508,5,0.021611942890449123,pre0_mod204_post0,tau_hydro_doy
4,450,12,rsq,standard,0.15726517461231518,5,0.058674408227905164,pre0_mod204_post0,tau_hydro_doy
4,450,15,mae,standard,0.1609750777945242,5,0.016987790773416573,pre0_mod205_post0,tau_hydro_doy
4,450,15,rmse,standard,0.187953243073464,5,0.02152388702281592,pre0_mod205_post0,tau_hydro_doy
4,450,15,rsq,standard,0.14896289968848075,5,0.05850642432236233,pre0_mod205_post0,tau_hydro_doy
4,450,18,mae,standard,0.16180661718045777,5,0.016706395470457474,pre0_mod206_post0,tau_hydro_doy
4,450,18,rmse,standard,0.188938985698848,5,0.020863280940631564,pre0_mod206_post0,tau_hydro_doy
4,450,18,rsq,standard,0.14779674512956995,5,0.055246783917950217,pre0_mod206_post0,tau_hydro_doy
4,450,21,mae,standard,0.160225152354656,5,0.017432297017406714,pre0_mod207_post0,tau_hydro_doy
4,450,21,rmse,standard,0.18672274592905627,5,0.021629998410594212,pre0_mod207_post0,tau_hydro_doy
4,450,21,rsq,standard,0.15644755338884422,5,0.055856354346031825,pre0_mod207_post0,tau_hydro_doy
4,450,25,mae,standard,0.16403077094643972,5,0.016930265716245802,pre0_mod208_post0,tau_hydro_doy
4,450,25,rmse,standard,0.19021061601054617,5,0.020892530820142363,pre0_mod208_post0,tau_hydro_doy
4,450,25,rsq,standard,0.12942679900709891,5,0.05074105933326053,pre0_mod208_post0,tau_hydro_doy
4,650,3,mae,standard,0.15950530210994296,5,0.01566560217679531,pre0_mod209_post0,tau_hydro_doy
4,650,3,rmse,standard,0.18830386471638955,5,0.02217475311449123,pre0_mod209_post0,tau_hydro_doy
4,650,3,rsq,standard,0.1494466642519088,5,0.06615504950105348,pre0_mod209_post0,tau_hydro_doy
4,650,6,mae,standard,0.1598437389718905,5,0.01619873063583559,pre0_mod210_post0,tau_hydro_doy
4,650,6,rmse,standard,0.18825677264256474,5,0.021925047746901863,pre0_mod210_post0,tau_hydro_doy
4,650,6,rsq,standard,0.15046754879342703,5,0.06746602930380553,pre0_mod210_post0,tau_hydro_doy
4,650,9,mae,standard,0.15937122735816278,5,0.016694311777479556,pre0_mod211_post0,tau_hydro_doy
4,650,9,rmse,standard,0.18698515598386403,5,0.022234973538990455,pre0_mod211_post0,tau_hydro_doy
4,650,9,rsq,standard,0.1548050039476502,5,0.06538876321317032,pre0_mod211_post0,tau_hydro_doy
4,650,12,mae,standard,0.15980580361653363,5,0.017254601184538726,pre0_mod212_post0,tau_hydro_doy
4,650,12,rmse,standard,0.18713061849245655,5,0.022075653123163584,pre0_mod212_post0,tau_hydro_doy
4,650,12,rsq,standard,0.15473023164063812,5,0.06139245209960806,pre0_mod212_post0,tau_hydro_doy
4,650,15,mae,standard,0.16069524072915736,5,0.017128786457856822,pre0_mod213_post0,tau_hydro_doy
4,650,15,rmse,standard,0.18757845622809033,5,0.02185903594438647,pre0_mod213_post0,tau_hydro_doy
4,650,15,rsq,standard,0.14816447173081296,5,0.05997924453801198,pre0_mod213_post0,tau_hydro_doy
4,650,18,mae,standard,0.16274108062483247,5,0.016960888334660584,pre0_mod214_post0,tau_hydro_doy
4,650,18,rmse,standard,0.1894147233025665,5,0.021530673271496478,pre0_mod214_post0,tau_hydro_doy
4,650,18,rsq,standard,0.13345564933788803,5,0.05597343409650072,pre0_mod214_post0,tau_hydro_doy
4,650,21,mae,standard,0.16036995754147498,5,0.01773665242467696,pre0_mod215_post0,tau_hydro_doy
4,650,21,rmse,standard,0.18665097046052248,5,0.02200120349643276,pre0_mod215_post0,tau_hydro_doy
4,650,21,rsq,standard,0.15772641487693081,5,0.05666175080817987,pre0_mod215_post0,tau_hydro_doy
4,650,25,mae,standard,0.16225119548022468,5,0.017479638732478927,pre0_mod216_post0,tau_hydro_doy
4,650,25,rmse,standard,0.1884248493422202,5,0.021411223508911465,pre0_mod216_post0,tau_hydro_doy
4,650,25,rsq,standard,0.1405422214989543,5,0.05151821018748377,pre0_mod216_post0,tau_hydro_doy
4,850,3,mae,standard,0.15908688639067609,5,0.016583124151197448,pre0_mod217_post0,tau_hydro_doy
4,850,3,rmse,standard,0.18720498662066726,5,0.022579189081878077,pre0_mod217_post0,tau_hydro_doy
4,850,3,rsq,standard,0.16071034740506104,5,0.07344743483457469,pre0_mod217_post0,tau_hydro_doy
4,850,6,mae,standard,0.1595567756338098,5,0.01652528004371408,pre0_mod218_post0,tau_hydro_doy
4,850,6,rmse,standard,0.18773939075991203,5,0.022442524965095825,pre0_mod218_post0,tau_hydro_doy
4,850,6,rsq,standard,0.1553932859359768,5,0.07320824946642052,pre0_mod218_post0,tau_hydro_doy
4,850,9,mae,standard,0.15943426305524483,5,0.016209272221523505,pre0_mod219_post0,tau_hydro_doy
4,850,9,rmse,standard,0.1874218650939854,5,0.02171009628086306,pre0_mod219_post0,tau_hydro_doy
4,850,9,rsq,standard,0.15505794373560244,5,0.06306825009746159,pre0_mod219_post0,tau_hydro_doy
4,850,12,mae,standard,0.1603041886146159,5,0.017176526685686155,pre0_mod220_post0,tau_hydro_doy
4,850,12,rmse,standard,0.1876328572170108,5,0.022144865505428872,pre0_mod220_post0,tau_hydro_doy
4,850,12,rsq,standard,0.15215269942020881,5,0.06260679237327141,pre0_mod220_post0,tau_hydro_doy
4,850,15,mae,standard,0.16075158246419266,5,0.016538429395306992,pre0_mod221_post0,tau_hydro_doy
4,850,15,rmse,standard,0.18783354275149347,5,0.02118560898494372,pre0_mod221_post0,tau_hydro_doy
4,850,15,rsq,standard,0.1476187897635397,5,0.05625125994323005,pre0_mod221_post0,tau_hydro_doy
4,850,18,mae,standard,0.16089910267628105,5,0.017155221524504417,pre0_mod222_post0,tau_hydro_doy
4,850,18,rmse,standard,0.1872020898199914,5,0.021561737010263916,pre0_mod222_post0,tau_hydro_doy
4,850,18,rsq,standard,0.15184964149894,5,0.055218011578838794,pre0_mod222_post0,tau_hydro_doy
4,850,21,mae,standard,0.16189398691906978,5,0.017490089400045306,pre0_mod223_post0,tau_hydro_doy
4,850,21,rmse,standard,0.18816284040418804,5,0.02155623619391161,pre0_mod223_post0,tau_hydro_doy
4,850,21,rsq,standard,0.14567529993915088,5,0.05871890624773813,pre0_mod223_post0,tau_hydro_doy
4,850,25,mae,standard,0.16202856477068958,5,0.017736763232290193,pre0_mod224_post0,tau_hydro_doy
4,850,25,rmse,standard,0.18811712019150764,5,0.021632000807880924,pre0_mod224_post0,tau_hydro_doy
4,850,25,rsq,standard,0.14533404781293519,5,0.05771220865092696,pre0_mod224_post0,tau_hydro_doy
4,1050,3,mae,standard,0.16038883485305103,5,0.016190023704642526,pre0_mod225_post0,tau_hydro_doy
4,1050,3,rmse,standard,0.1889360661942911,5,0.022294145174151955,pre0_mod225_post0,tau_hydro_doy
4,1050,3,rsq,standard,0.15033450480206226,5,0.06795705393653584,pre0_mod225_post0,tau_hydro_doy
4,1050,6,mae,standard,0.15993394136073646,5,0.01694985397178484,pre0_mod226_post0,tau_hydro_doy
4,1050,6,rmse,standard,0.18793543372336136,5,0.02270673234571512,pre0_mod226_post0,tau_hydro_doy
4,1050,6,rsq,standard,0.15464853202946613,5,0.06875352578195251,pre0_mod226_post0,tau_hydro_doy
4,1050,9,mae,standard,0.15924009649547008,5,0.017070541931752094,pre0_mod227_post0,tau_hydro_doy
4,1050,9,rmse,standard,0.18708710889844027,5,0.02192260908937008,pre0_mod227_post0,tau_hydro_doy
4,1050,9,rsq,standard,0.16053141093559253,5,0.06812397086000693,pre0_mod227_post0,tau_hydro_doy
4,1050,12,mae,standard,0.16053745589619617,5,0.017259452484229408,pre0_mod228_post0,tau_hydro_doy
4,1050,12,rmse,standard,0.1877389086958192,5,0.022012986052470433,pre0_mod228_post0,tau_hydro_doy
4,1050,12,rsq,standard,0.1513323471814791,5,0.06039145825180393,pre0_mod228_post0,tau_hydro_doy
4,1050,15,mae,standard,0.16113502076748137,5,0.017154761469597515,pre0_mod229_post0,tau_hydro_doy
4,1050,15,rmse,standard,0.1882517897175607,5,0.021766367236052075,pre0_mod229_post0,tau_hydro_doy
4,1050,15,rsq,standard,0.143900626047674,5,0.05806559841328606,pre0_mod229_post0,tau_hydro_doy
4,1050,18,mae,standard,0.1610968677035196,5,0.0174802719743731,pre0_mod230_post0,tau_hydro_doy
4,1050,18,rmse,standard,0.187612701551752,5,0.02181205754235505,pre0_mod230_post0,tau_hydro_doy
4,1050,18,rsq,standard,0.1508389122341271,5,0.05615503949636579,pre0_mod230_post0,tau_hydro_doy
4,1050,21,mae,standard,0.16112810351683035,5,0.016935525772471826,pre0_mod231_post0,tau_hydro_doy
4,1050,21,rmse,standard,0.18731083824377173,5,0.020995840889491618,pre0_mod231_post0,tau_hydro_doy
4,1050,21,rsq,standard,0.1508134548602259,5,0.053226828848612344,pre0_mod231_post0,tau_hydro_doy
4,1050,25,mae,standard,0.16189011701676595,5,0.01755213388758295,pre0_mod232_post0,tau_hydro_doy
4,1050,25,rmse,standard,0.18788709617604218,5,0.021380348502671113,pre0_mod232_post0,tau_hydro_doy
4,1050,25,rsq,standard,0.1486821980950327,5,0.056066055205214294,pre0_mod232_post0,tau_hydro_doy
4,1250,3,mae,standard,0.15866462106043316,5,0.016644553657011257,pre0_mod233_post0,tau_hydro_doy
4,1250,3,rmse,standard,0.1872553910502569,5,0.02269834269312607,pre0_mod233_post0,tau_hydro_doy
4,1250,3,rsq,standard,0.15981103131276467,5,0.06934579108495016,pre0_mod233_post0,tau_hydro_doy
4,1250,6,mae,standard,0.1590991635513273,5,0.01695893778312141,pre0_mod234_post0,tau_hydro_doy
4,1250,6,rmse,standard,0.18709559953670865,5,0.022602348712377873,pre0_mod234_post0,tau_hydro_doy
4,1250,6,rsq,standard,0.16039554727306424,5,0.06956493730015866,pre0_mod234_post0,tau_hydro_doy
4,1250,9,mae,standard,0.159678331262308,5,0.01648210372064867,pre0_mod235_post0,tau_hydro_doy
4,1250,9,rmse,standard,0.18725901088325686,5,0.021662637602544457,pre0_mod235_post0,tau_hydro_doy
4,1250,9,rsq,standard,0.1553769752199362,5,0.06298256941153048,pre0_mod235_post0,tau_hydro_doy
4,1250,12,mae,standard,0.16014619684307352,5,0.016937176330034834,pre0_mod236_post0,tau_hydro_doy
4,1250,12,rmse,standard,0.18765635886760895,5,0.021998163549755246,pre0_mod236_post0,tau_hydro_doy
4,1250,12,rsq,standard,0.15318425363752797,5,0.06436670170591734,pre0_mod236_post0,tau_hydro_doy
4,1250,15,mae,standard,0.16096322295378057,5,0.01703738593571365,pre0_mod237_post0,tau_hydro_doy
4,1250,15,rmse,standard,0.18774213703218756,5,0.02171701354421829,pre0_mod237_post0,tau_hydro_doy
4,1250,15,rsq,standard,0.15048425938156762,5,0.05927325634486578,pre0_mod237_post0,tau_hydro_doy
4,1250,18,mae,standard,0.16138345165861476,5,0.017375729355899226,pre0_mod238_post0,tau_hydro_doy
4,1250,18,rmse,standard,0.18791499801763575,5,0.021550197206556543,pre0_mod238_post0,tau_hydro_doy
4,1250,18,rsq,standard,0.1480807100662586,5,0.05619136728297681,pre0_mod238_post0,tau_hydro_doy
4,1250,21,mae,standard,0.161893050514534,5,0.017498597591559764,pre0_mod239_post0,tau_hydro_doy
4,1250,21,rmse,standard,0.1884065650522332,5,0.021532092357468505,pre0_mod239_post0,tau_hydro_doy
4,1250,21,rsq,standard,0.14322182826569818,5,0.056922644209155264,pre0_mod239_post0,tau_hydro_doy
4,1250,25,mae,standard,0.1623848103780189,5,0.017497015706215972,pre0_mod240_post0,tau_hydro_doy
4,1250,25,rmse,standard,0.1885223839105599,5,0.0211715550443913,pre0_mod240_post0,tau_hydro_doy
4,1250,25,rsq,standard,0.142535546540294,5,0.05136669624266614,pre0_mod240_post0,tau_hydro_doy
4,1450,3,mae,standard,0.15921156509171294,5,0.01642322477418577,pre0_mod241_post0,tau_hydro_doy
4,1450,3,rmse,standard,0.18786369098180944,5,0.022822288833894488,pre0_mod241_post0,tau_hydro_doy
4,1450,3,rsq,standard,0.15604518592970967,5,0.07384200365982234,pre0_mod241_post0,tau_hydro_doy
4,1450,6,mae,standard,0.15973554535959752,5,0.01630533157422126,pre0_mod242_post0,tau_hydro_doy
4,1450,6,rmse,standard,0.18810235345614673,5,0.02216088167617995,pre0_mod242_post0,tau_hydro_doy
4,1450,6,rsq,standard,0.1530759180834438,5,0.06905476273531974,pre0_mod242_post0,tau_hydro_doy
4,1450,9,mae,standard,0.15966722595772606,5,0.016666021376293232,pre0_mod243_post0,tau_hydro_doy
4,1450,9,rmse,standard,0.1874648241502964,5,0.02204734239628132,pre0_mod243_post0,tau_hydro_doy
4,1450,9,rsq,standard,0.15338122896525436,5,0.06393278059270352,pre0_mod243_post0,tau_hydro_doy
4,1450,12,mae,standard,0.15993472123095454,5,0.01679167952762415,pre0_mod244_post0,tau_hydro_doy
4,1450,12,rmse,standard,0.18727067667466557,5,0.021668046900693776,pre0_mod244_post0,tau_hydro_doy
4,1450,12,rsq,standard,0.15610309983849277,5,0.0588894912019043,pre0_mod244_post0,tau_hydro_doy
4,1450,15,mae,standard,0.16131382308308678,5,0.016874088155310458,pre0_mod245_post0,tau_hydro_doy
4,1450,15,rmse,standard,0.18844618741287833,5,0.021364746804551596,pre0_mod245_post0,tau_hydro_doy
4,1450,15,rsq,standard,0.14372222274081597,5,0.0575362879923296,pre0_mod245_post0,tau_hydro_doy
4,1450,18,mae,standard,0.1613009231547767,5,0.0169981245591245,pre0_mod246_post0,tau_hydro_doy
4,1450,18,rmse,standard,0.1877367101467318,5,0.02161480773557391,pre0_mod246_post0,tau_hydro_doy
4,1450,18,rsq,standard,0.14929001644013554,5,0.06056946161392056,pre0_mod246_post0,tau_hydro_doy
4,1450,21,mae,standard,0.16192278789571868,5,0.017570284550855648,pre0_mod247_post0,tau_hydro_doy
4,1450,21,rmse,standard,0.18809490461643216,5,0.021536968539808223,pre0_mod247_post0,tau_hydro_doy
4,1450,21,rsq,standard,0.14687187328053744,5,0.055018426464973465,pre0_mod247_post0,tau_hydro_doy
4,1450,25,mae,standard,0.16182380284309753,5,0.01732899456538317,pre0_mod248_post0,tau_hydro_doy
4,1450,25,rmse,standard,0.1878554494710127,5,0.021324830664883044,pre0_mod248_post0,tau_hydro_doy
4,1450,25,rsq,standard,0.14765575050404048,5,0.056492180186863174,pre0_mod248_post0,tau_hydro_doy
4,1650,3,mae,standard,0.15968948572784813,5,0.016155045195413723,pre0_mod249_post0,tau_hydro_doy
4,1650,3,rmse,standard,0.18828125526314043,5,0.022426533446912162,pre0_mod249_post0,tau_hydro_doy
4,1650,3,rsq,standard,0.15250180523108853,5,0.06983708483521057,pre0_mod249_post0,tau_hydro_doy
4,1650,6,mae,standard,0.1593619178141063,5,0.016597569719009483,pre0_mod250_post0,tau_hydro_doy
4,1650,6,rmse,standard,0.18750945735971597,5,0.022213943328183737,pre0_mod250_post0,tau_hydro_doy
4,1650,6,rsq,standard,0.15788371226081532,5,0.06901038215427743,pre0_mod250_post0,tau_hydro_doy
4,1650,9,mae,standard,0.15952473432140624,5,0.0168122014847835,pre0_mod251_post0,tau_hydro_doy
4,1650,9,rmse,standard,0.18727728342739763,5,0.022024928460304728,pre0_mod251_post0,tau_hydro_doy
4,1650,9,rsq,standard,0.1577194956892356,5,0.06326847885390724,pre0_mod251_post0,tau_hydro_doy
4,1650,12,mae,standard,0.1604553990441311,5,0.016632089074814435,pre0_mod252_post0,tau_hydro_doy
4,1650,12,rmse,standard,0.18757605258546703,5,0.021504068636658186,pre0_mod252_post0,tau_hydro_doy
4,1650,12,rsq,standard,0.15160074896437276,5,0.0596751839181222,pre0_mod252_post0,tau_hydro_doy
4,1650,15,mae,standard,0.16088934631504012,5,0.016995596902204986,pre0_mod253_post0,tau_hydro_doy
4,1650,15,rmse,standard,0.18794801903599148,5,0.021645493694217654,pre0_mod253_post0,tau_hydro_doy
4,1650,15,rsq,standard,0.1483705998748989,5,0.05739464994445558,pre0_mod253_post0,tau_hydro_doy
4,1650,18,mae,standard,0.16148469507998955,5,0.0172098884072117,pre0_mod254_post0,tau_hydro_doy
4,1650,18,rmse,standard,0.1879470443134643,5,0.021618331874875538,pre0_mod254_post0,tau_hydro_doy
4,1650,18,rsq,standard,0.1474218803831266,5,0.056916219923671685,pre0_mod254_post0,tau_hydro_doy
4,1650,21,mae,standard,0.16167288782299197,5,0.017553900361763988,pre0_mod255_post0,tau_hydro_doy
4,1650,21,rmse,standard,0.18802021110002773,5,0.02161452162147043,pre0_mod255_post0,tau_hydro_doy
4,1650,21,rsq,standard,0.1449881123032583,5,0.05551552104497368,pre0_mod255_post0,tau_hydro_doy
4,1650,25,mae,standard,0.1622956443444499,5,0.017477086512133817,pre0_mod256_post0,tau_hydro_doy
4,1650,25,rmse,standard,0.18859619990557916,5,0.02143288649942796,pre0_mod256_post0,tau_hydro_doy
4,1650,25,rsq,standard,0.14022309900528643,5,0.055638266635854174,pre0_mod256_post0,tau_hydro_doy
5,250,3,mae,standard,0.16242711394874149,5,0.0169903180505833,pre0_mod257_post0,tau_hydro_doy
5,250,3,rmse,standard,0.19035418948331967,5,0.02282750482313636,pre0_mod257_post0,tau_hydro_doy
5,250,3,rsq,standard,0.14296753110715094,5,0.07613561469275858,pre0_mod257_post0,tau_hydro_doy
5,250,6,mae,standard,0.15892631457239925,5,0.017678064785836035,pre0_mod258_post0,tau_hydro_doy
5,250,6,rmse,standard,0.18761624959683887,5,0.023582295942537454,pre0_mod258_post0,tau_hydro_doy
5,250,6,rsq,standard,0.15988422717643483,5,0.07764501689641479,pre0_mod258_post0,tau_hydro_doy
5,250,9,mae,standard,0.16062117509770238,5,0.016664847237029195,pre0_mod259_post0,tau_hydro_doy
5,250,9,rmse,standard,0.18918350373183374,5,0.021807995601115477,pre0_mod259_post0,tau_hydro_doy
5,250,9,rsq,standard,0.14319796326936127,5,0.06458197501522345,pre0_mod259_post0,tau_hydro_doy
5,250,12,mae,standard,0.15993697652773323,5,0.01652862517646841,pre0_mod260_post0,tau_hydro_doy
5,250,12,rmse,standard,0.1875742210497477,5,0.021470040300903586,pre0_mod260_post0,tau_hydro_doy
5,250,12,rsq,standard,0.15701520873541874,5,0.06153908349865811,pre0_mod260_post0,tau_hydro_doy
5,250,15,mae,standard,0.16202106309805267,5,0.017148461429374644,pre0_mod261_post0,tau_hydro_doy
5,250,15,rmse,standard,0.1887142810054396,5,0.022041271947042,pre0_mod261_post0,tau_hydro_doy
5,250,15,rsq,standard,0.1425267824155903,5,0.06045123660457732,pre0_mod261_post0,tau_hydro_doy
5,250,18,mae,standard,0.16077493374771656,5,0.0172952506939466,pre0_mod262_post0,tau_hydro_doy
5,250,18,rmse,standard,0.1882477261103874,5,0.02113427471061335,pre0_mod262_post0,tau_hydro_doy
5,250,18,rsq,standard,0.14674582329407118,5,0.053447493842670966,pre0_mod262_post0,tau_hydro_doy
5,250,21,mae,standard,0.16061289353577396,5,0.017376038319106495,pre0_mod263_post0,tau_hydro_doy
5,250,21,rmse,standard,0.18735940659958294,5,0.021393596562724326,pre0_mod263_post0,tau_hydro_doy
5,250,21,rsq,standard,0.1547789267535808,5,0.059250151545573615,pre0_mod263_post0,tau_hydro_doy
5,250,25,mae,standard,0.16242534815431545,5,0.01718362198498562,pre0_mod264_post0,tau_hydro_doy
5,250,25,rmse,standard,0.18930406218474885,5,0.021109403251629424,pre0_mod264_post0,tau_hydro_doy
5,250,25,rsq,standard,0.13871603270080773,5,0.05374013876501194,pre0_mod264_post0,tau_hydro_doy
5,450,3,mae,standard,0.15999515312359788,5,0.016618839628432257,pre0_mod265_post0,tau_hydro_doy
5,450,3,rmse,standard,0.18902146712654846,5,0.022628000799856506,pre0_mod265_post0,tau_hydro_doy
5,450,3,rsq,standard,0.1492493087706279,5,0.0715432663246511,pre0_mod265_post0,tau_hydro_doy
5,450,6,mae,standard,0.15993136189277574,5,0.01689330912378987,pre0_mod266_post0,tau_hydro_doy
5,450,6,rmse,standard,0.18875972577399378,5,0.022754715644111932,pre0_mod266_post0,tau_hydro_doy
5,450,6,rsq,standard,0.1464767363761283,5,0.07390732635074215,pre0_mod266_post0,tau_hydro_doy
5,450,9,mae,standard,0.15981034967754013,5,0.016915704562266494,pre0_mod267_post0,tau_hydro_doy
5,450,9,rmse,standard,0.18835872941740245,5,0.022314444975743624,pre0_mod267_post0,tau_hydro_doy
5,450,9,rsq,standard,0.15197831882236656,5,0.07027439748520353,pre0_mod267_post0,tau_hydro_doy
5,450,12,mae,standard,0.1618154477542085,5,0.0163424118176185,pre0_mod268_post0,tau_hydro_doy
5,450,12,rmse,standard,0.1890440366370831,5,0.021237703817058026,pre0_mod268_post0,tau_hydro_doy
5,450,12,rsq,standard,0.143563184728404,5,0.056544530882959465,pre0_mod268_post0,tau_hydro_doy
5,450,15,mae,standard,0.16161908292949415,5,0.01712435971140636,pre0_mod269_post0,tau_hydro_doy
5,450,15,rmse,standard,0.1882640054385165,5,0.021901417977540364,pre0_mod269_post0,tau_hydro_doy
5,450,15,rsq,standard,0.14889757315030996,5,0.05989277403708931,pre0_mod269_post0,tau_hydro_doy
5,450,18,mae,standard,0.16194156982289742,5,0.01720624096760427,pre0_mod270_post0,tau_hydro_doy
5,450,18,rmse,standard,0.18906937754920008,5,0.02167324886011942,pre0_mod270_post0,tau_hydro_doy
5,450,18,rsq,standard,0.1369388041231657,5,0.0579442418908206,pre0_mod270_post0,tau_hydro_doy
5,450,21,mae,standard,0.16192371732848834,5,0.017167400065558756,pre0_mod271_post0,tau_hydro_doy
5,450,21,rmse,standard,0.18843577168989942,5,0.02129254171621561,pre0_mod271_post0,tau_hydro_doy
5,450,21,rsq,standard,0.1426224775613229,5,0.051174610468477155,pre0_mod271_post0,tau_hydro_doy
5,450,25,mae,standard,0.1628427784021783,5,0.01737396868632271,pre0_mod272_post0,tau_hydro_doy
5,450,25,rmse,standard,0.18918294638646715,5,0.021519718168675157,pre0_mod272_post0,tau_hydro_doy
5,450,25,rsq,standard,0.13626600110716067,5,0.05237313208475165,pre0_mod272_post0,tau_hydro_doy
5,650,3,mae,standard,0.1596323276801484,5,0.015894068296451697,pre0_mod273_post0,tau_hydro_doy
5,650,3,rmse,standard,0.18839249674127037,5,0.022714180055722358,pre0_mod273_post0,tau_hydro_doy
5,650,3,rsq,standard,0.1506488837404245,5,0.07135989802937763,pre0_mod273_post0,tau_hydro_doy
5,650,6,mae,standard,0.1598080144442134,5,0.016377670581657178,pre0_mod274_post0,tau_hydro_doy
5,650,6,rmse,standard,0.18787882721074273,5,0.022157051382125207,pre0_mod274_post0,tau_hydro_doy
5,650,6,rsq,standard,0.15333471182684122,5,0.06887104616602359,pre0_mod274_post0,tau_hydro_doy
5,650,9,mae,standard,0.15886921250140135,5,0.016515703036571332,pre0_mod275_post0,tau_hydro_doy
5,650,9,rmse,standard,0.18778431294199188,5,0.021911290172252226,pre0_mod275_post0,tau_hydro_doy
5,650,9,rsq,standard,0.15268653293310522,5,0.066355738723223,pre0_mod275_post0,tau_hydro_doy
5,650,12,mae,standard,0.16123865591583653,5,0.01628238951428891,pre0_mod276_post0,tau_hydro_doy
5,650,12,rmse,standard,0.18849037341750663,5,0.02134411130797492,pre0_mod276_post0,tau_hydro_doy
5,650,12,rsq,standard,0.14276213759234957,5,0.062095264434927945,pre0_mod276_post0,tau_hydro_doy
5,650,15,mae,standard,0.16235699395965367,5,0.016558184420111973,pre0_mod277_post0,tau_hydro_doy
5,650,15,rmse,standard,0.18921454276679422,5,0.02144594377206973,pre0_mod277_post0,tau_hydro_doy
5,650,15,rsq,standard,0.1425974708643504,5,0.06145588439435264,pre0_mod277_post0,tau_hydro_doy
5,650,18,mae,standard,0.16177822829714036,5,0.01705004201065931,pre0_mod278_post0,tau_hydro_doy
5,650,18,rmse,standard,0.1887979559080679,5,0.02147596885297242,pre0_mod278_post0,tau_hydro_doy
5,650,18,rsq,standard,0.1428059979647734,5,0.05929890315472693,pre0_mod278_post0,tau_hydro_doy
5,650,21,mae,standard,0.1617438663388928,5,0.017447019469149526,pre0_mod279_post0,tau_hydro_doy
5,650,21,rmse,standard,0.18896596640551017,5,0.021488409440021065,pre0_mod279_post0,tau_hydro_doy
5,650,21,rsq,standard,0.1360960731079712,5,0.05324763150481552,pre0_mod279_post0,tau_hydro_doy
5,650,25,mae,standard,0.16200662472530425,5,0.017320124400171687,pre0_mod280_post0,tau_hydro_doy
5,650,25,rmse,standard,0.18840863850645082,5,0.02131844078928483,pre0_mod280_post0,tau_hydro_doy
5,650,25,rsq,standard,0.1412975620602852,5,0.056256116384634326,pre0_mod280_post0,tau_hydro_doy
5,850,3,mae,standard,0.15947179051423757,5,0.016713267329451838,pre0_mod281_post0,tau_hydro_doy
5,850,3,rmse,standard,0.1887541560906726,5,0.023038861325381334,pre0_mod281_post0,tau_hydro_doy
5,850,3,rsq,standard,0.15147727445775772,5,0.07063292985580487,pre0_mod281_post0,tau_hydro_doy
5,850,6,mae,standard,0.15970470481538152,5,0.01690120121331537,pre0_mod282_post0,tau_hydro_doy
5,850,6,rmse,standard,0.1886387138614012,5,0.022984903472664544,pre0_mod282_post0,tau_hydro_doy
5,850,6,rsq,standard,0.15127134843554296,5,0.07103023802102568,pre0_mod282_post0,tau_hydro_doy
5,850,9,mae,standard,0.1596319591158396,5,0.016663101041043533,pre0_mod283_post0,tau_hydro_doy
5,850,9,rmse,standard,0.1875217899004255,5,0.022109118569885833,pre0_mod283_post0,tau_hydro_doy
5,850,9,rsq,standard,0.15411232271199843,5,0.06644733608454748,pre0_mod283_post0,tau_hydro_doy
5,850,12,mae,standard,0.1600769096955656,5,0.01671411394710956,pre0_mod284_post0,tau_hydro_doy
5,850,12,rmse,standard,0.18774954038226777,5,0.021835011250618215,pre0_mod284_post0,tau_hydro_doy
5,850,12,rsq,standard,0.1521239253607671,5,0.06358255891752784,pre0_mod284_post0,tau_hydro_doy
5,850,15,mae,standard,0.16093198912512013,5,0.016507158751448297,pre0_mod285_post0,tau_hydro_doy
5,850,15,rmse,standard,0.1880570172112861,5,0.021506759279371016,pre0_mod285_post0,tau_hydro_doy
5,850,15,rsq,standard,0.14727413672572987,5,0.05858749609609045,pre0_mod285_post0,tau_hydro_doy
5,850,18,mae,standard,0.16136877551409054,5,0.016971057800125394,pre0_mod286_post0,tau_hydro_doy
5,850,18,rmse,standard,0.1878787498924913,5,0.021456826933166962,pre0_mod286_post0,tau_hydro_doy
5,850,18,rsq,standard,0.14780872835384198,5,0.05652977262499356,pre0_mod286_post0,tau_hydro_doy
5,850,21,mae,standard,0.16218046471717906,5,0.017170344072248992,pre0_mod287_post0,tau_hydro_doy
5,850,21,rmse,standard,0.18859250790816615,5,0.0215412946217313,pre0_mod287_post0,tau_hydro_doy
5,850,21,rsq,standard,0.1414684668057898,5,0.05463199484270652,pre0_mod287_post0,tau_hydro_doy
5,850,25,mae,standard,0.1622194076194291,5,0.017315343571931853,pre0_mod288_post0,tau_hydro_doy
5,850,25,rmse,standard,0.18852803659107406,5,0.021459060527818128,pre0_mod288_post0,tau_hydro_doy
5,850,25,rsq,standard,0.14157682436184743,5,0.056616255820355205,pre0_mod288_post0,tau_hydro_doy
5,1050,3,mae,standard,0.1588357596815687,5,0.016246241030380713,pre0_mod289_post0,tau_hydro_doy
5,1050,3,rmse,standard,0.18851979565789892,5,0.022531787898105907,pre0_mod289_post0,tau_hydro_doy
5,1050,3,rsq,standard,0.15123803226566807,5,0.07276762254729537,pre0_mod289_post0,tau_hydro_doy
5,1050,6,mae,standard,0.15910488994329694,5,0.016515749422198495,pre0_mod290_post0,tau_hydro_doy
5,1050,6,rmse,standard,0.1878723920442081,5,0.022484885382498522,pre0_mod290_post0,tau_hydro_doy
5,1050,6,rsq,standard,0.15620332437475987,5,0.07146523118636626,pre0_mod290_post0,tau_hydro_doy
5,1050,9,mae,standard,0.15930360884139555,5,0.01673842076940227,pre0_mod291_post0,tau_hydro_doy
5,1050,9,rmse,standard,0.18737442158170495,5,0.022161254607840967,pre0_mod291_post0,tau_hydro_doy
5,1050,9,rsq,standard,0.15606877882278647,5,0.06705029683949848,pre0_mod291_post0,tau_hydro_doy
5,1050,12,mae,standard,0.1595450820631748,5,0.016794871576073112,pre0_mod292_post0,tau_hydro_doy
5,1050,12,rmse,standard,0.1875013184289266,5,0.0217913135673918,pre0_mod292_post0,tau_hydro_doy
5,1050,12,rsq,standard,0.15395433599000383,5,0.06396678132114604,pre0_mod292_post0,tau_hydro_doy
5,1050,15,mae,standard,0.16169811477347107,5,0.016823719992988928,pre0_mod293_post0,tau_hydro_doy
5,1050,15,rmse,standard,0.18891981674592712,5,0.02170394936288707,pre0_mod293_post0,tau_hydro_doy
5,1050,15,rsq,standard,0.142207206848371,5,0.06124681686352719,pre0_mod293_post0,tau_hydro_doy
5,1050,18,mae,standard,0.1622602276542085,5,0.016825539140112356,pre0_mod294_post0,tau_hydro_doy
5,1050,18,rmse,standard,0.18919774934143122,5,0.02154168230462182,pre0_mod294_post0,tau_hydro_doy
5,1050,18,rsq,standard,0.1365714433692023,5,0.056911200438786835,pre0_mod294_post0,tau_hydro_doy
5,1050,21,mae,standard,0.16239526892484865,5,0.017267419193793255,pre0_mod295_post0,tau_hydro_doy
5,1050,21,rmse,standard,0.1886887432248479,5,0.02172423180362638,pre0_mod295_post0,tau_hydro_doy
5,1050,21,rsq,standard,0.14119256806811065,5,0.058393488887257275,pre0_mod295_post0,tau_hydro_doy
5,1050,25,mae,standard,0.16248890496809754,5,0.01753946573433898,pre0_mod296_post0,tau_hydro_doy
5,1050,25,rmse,standard,0.18888370365666826,5,0.02152902092774334,pre0_mod296_post0,tau_hydro_doy
5,1050,25,rsq,standard,0.13687003123395386,5,0.055230127019816604,pre0_mod296_post0,tau_hydro_doy
5,1250,3,mae,standard,0.15977676013724798,5,0.01613358032838013,pre0_mod297_post0,tau_hydro_doy
5,1250,3,rmse,standard,0.18862219467243183,5,0.02252757291704257,pre0_mod297_post0,tau_hydro_doy
5,1250,3,rsq,standard,0.1491527478099894,5,0.07148094962888941,pre0_mod297_post0,tau_hydro_doy
5,1250,6,mae,standard,0.15923696591671696,5,0.016293125080401996,pre0_mod298_post0,tau_hydro_doy
5,1250,6,rmse,standard,0.18810421525047752,5,0.02230002242588722,pre0_mod298_post0,tau_hydro_doy
5,1250,6,rsq,standard,0.15313895334053032,5,0.06929514380042157,pre0_mod298_post0,tau_hydro_doy
5,1250,9,mae,standard,0.16036238474645567,5,0.016536183549962388,pre0_mod299_post0,tau_hydro_doy
5,1250,9,rmse,standard,0.18845596370705325,5,0.022055449250594522,pre0_mod299_post0,tau_hydro_doy
5,1250,9,rsq,standard,0.14816274273781865,5,0.062479231006510406,pre0_mod299_post0,tau_hydro_doy
5,1250,12,mae,standard,0.16112796595353954,5,0.016602101371094538,pre0_mod300_post0,tau_hydro_doy
5,1250,12,rmse,standard,0.18831003262542495,5,0.021675682629727775,pre0_mod300_post0,tau_hydro_doy
5,1250,12,rsq,standard,0.14735883250839382,5,0.06131784184346866,pre0_mod300_post0,tau_hydro_doy
5,1250,15,mae,standard,0.1610876955564295,5,0.016995249077775554,pre0_mod301_post0,tau_hydro_doy
5,1250,15,rmse,standard,0.1881586776748426,5,0.021894966385329992,pre0_mod301_post0,tau_hydro_doy
5,1250,15,rsq,standard,0.14777340555750296,5,0.06050891171485594,pre0_mod301_post0,tau_hydro_doy
5,1250,18,mae,standard,0.16209116106870533,5,0.017040618402694364,pre0_mod302_post0,tau_hydro_doy
5,1250,18,rmse,standard,0.18851279038340646,5,0.021657647231697923,pre0_mod302_post0,tau_hydro_doy
5,1250,18,rsq,standard,0.14403787620653868,5,0.056465555514409314,pre0_mod302_post0,tau_hydro_doy
5,1250,21,mae,standard,0.1619947221994623,5,0.01719088172940817,pre0_mod303_post0,tau_hydro_doy
5,1250,21,rmse,standard,0.18856209808241683,5,0.021540465758003613,pre0_mod303_post0,tau_hydro_doy
5,1250,21,rsq,standard,0.14175058191640605,5,0.054753011072022996,pre0_mod303_post0,tau_hydro_doy
5,1250,25,mae,standard,0.1617372285967031,5,0.01757197546077319,pre0_mod304_post0,tau_hydro_doy
5,1250,25,rmse,standard,0.1882687058485514,5,0.021522197324680924,pre0_mod304_post0,tau_hydro_doy
5,1250,25,rsq,standard,0.14384067900790296,5,0.05429121429551442,pre0_mod304_post0,tau_hydro_doy
5,1450,3,mae,standard,0.15909449325222985,5,0.0160606201280281,pre0_mod305_post0,tau_hydro_doy
5,1450,3,rmse,standard,0.18865946716808768,5,0.02248277606255746,pre0_mod305_post0,tau_hydro_doy
5,1450,3,rsq,standard,0.14751077005535143,5,0.07204813580955212,pre0_mod305_post0,tau_hydro_doy
5,1450,6,mae,standard,0.15981935742864242,5,0.016536675778846356,pre0_mod306_post0,tau_hydro_doy
5,1450,6,rmse,standard,0.18873749591468564,5,0.02231904351748142,pre0_mod306_post0,tau_hydro_doy
5,1450,6,rsq,standard,0.14781668281864752,5,0.0688711970181949,pre0_mod306_post0,tau_hydro_doy
5,1450,9,mae,standard,0.1606338549755609,5,0.016574642863937367,pre0_mod307_post0,tau_hydro_doy
5,1450,9,rmse,standard,0.1886482699439299,5,0.02211562634949416,pre0_mod307_post0,tau_hydro_doy
5,1450,9,rsq,standard,0.144260345183263,5,0.06790086053151634,pre0_mod307_post0,tau_hydro_doy
5,1450,12,mae,standard,0.16049895480847923,5,0.016674620601443094,pre0_mod308_post0,tau_hydro_doy
5,1450,12,rmse,standard,0.1880392266637202,5,0.021751633578583715,pre0_mod308_post0,tau_hydro_doy
5,1450,12,rsq,standard,0.14983992362822862,5,0.05969404144109524,pre0_mod308_post0,tau_hydro_doy
5,1450,15,mae,standard,0.1613403563920282,5,0.01688799055364854,pre0_mod309_post0,tau_hydro_doy
5,1450,15,rmse,standard,0.1882973506138378,5,0.021601170911374337,pre0_mod309_post0,tau_hydro_doy
5,1450,15,rsq,standard,0.14510362810059674,5,0.06000236425701555,pre0_mod309_post0,tau_hydro_doy
5,1450,18,mae,standard,0.16160800330045455,5,0.017006996703841083,pre0_mod310_post0,tau_hydro_doy
5,1450,18,rmse,standard,0.18864193887677796,5,0.02164114347037718,pre0_mod310_post0,tau_hydro_doy
5,1450,18,rsq,standard,0.14427098932066187,5,0.058755539144673484,pre0_mod310_post0,tau_hydro_doy
5,1450,21,mae,standard,0.16212827105430333,5,0.017255281812945222,pre0_mod311_post0,tau_hydro_doy
5,1450,21,rmse,standard,0.18873606651054228,5,0.021625012640959482,pre0_mod311_post0,tau_hydro_doy
5,1450,21,rsq,standard,0.14193400418448887,5,0.056972424584783556,pre0_mod311_post0,tau_hydro_doy
5,1450,25,mae,standard,0.16266446167497406,5,0.017346472587958444,pre0_mod312_post0,tau_hydro_doy
5,1450,25,rmse,standard,0.18888588864623654,5,0.021491677629545666,pre0_mod312_post0,tau_hydro_doy
5,1450,25,rsq,standard,0.13922967967749295,5,0.055702139201092876,pre0_mod312_post0,tau_hydro_doy
5,1650,3,mae,standard,0.16039684072045546,5,0.01635663789619051,pre0_mod313_post0,tau_hydro_doy
5,1650,3,rmse,standard,0.18887425373630473,5,0.022920566218183648,pre0_mod313_post0,tau_hydro_doy
5,1650,3,rsq,standard,0.14960192101780276,5,0.07205402324514903,pre0_mod313_post0,tau_hydro_doy
5,1650,6,mae,standard,0.1592879895536428,5,0.016499841386204427,pre0_mod314_post0,tau_hydro_doy
5,1650,6,rmse,standard,0.18760100041570257,5,0.02251112834905161,pre0_mod314_post0,tau_hydro_doy
5,1650,6,rsq,standard,0.15576037949145233,5,0.07028771237404599,pre0_mod314_post0,tau_hydro_doy
5,1650,9,mae,standard,0.15960984071190443,5,0.016583804937626904,pre0_mod315_post0,tau_hydro_doy
5,1650,9,rmse,standard,0.18782653175968345,5,0.022225933964789998,pre0_mod315_post0,tau_hydro_doy
5,1650,9,rsq,standard,0.15305409563975134,5,0.0664119227633021,pre0_mod315_post0,tau_hydro_doy
5,1650,12,mae,standard,0.16004988503771903,5,0.016560335111264514,pre0_mod316_post0,tau_hydro_doy
5,1650,12,rmse,standard,0.1877903933228982,5,0.02194140087523045,pre0_mod316_post0,tau_hydro_doy
5,1650,12,rsq,standard,0.1515860816140879,5,0.06257623860921871,pre0_mod316_post0,tau_hydro_doy
5,1650,15,mae,standard,0.16089038187908095,5,0.01690606614877469,pre0_mod317_post0,tau_hydro_doy
5,1650,15,rmse,standard,0.18793428956120323,5,0.021558567159822014,pre0_mod317_post0,tau_hydro_doy
5,1650,15,rsq,standard,0.1502286611152353,5,0.05946470991986627,pre0_mod317_post0,tau_hydro_doy
5,1650,18,mae,standard,0.16235516990463322,5,0.017386526636923666,pre0_mod318_post0,tau_hydro_doy
5,1650,18,rmse,standard,0.18905169563048912,5,0.021861579861102595,pre0_mod318_post0,tau_hydro_doy
5,1650,18,rsq,standard,0.13925010505550217,5,0.057882175098882285,pre0_mod318_post0,tau_hydro_doy
5,1650,21,mae,standard,0.1614346965551904,5,0.017143885167992166,pre0_mod319_post0,tau_hydro_doy
5,1650,21,rmse,standard,0.1883163104629194,5,0.02157859618423291,pre0_mod319_post0,tau_hydro_doy
5,1650,21,rsq,standard,0.14403113571203272,5,0.056883526707331836,pre0_mod319_post0,tau_hydro_doy
5,1650,25,mae,standard,0.1616638582814073,5,0.017850893700188504,pre0_mod320_post0,tau_hydro_doy
5,1650,25,rmse,standard,0.1879482746116318,5,0.021782451245599427,pre0_mod320_post0,tau_hydro_doy
5,1650,25,rsq,standard,0.1480458449068656,5,0.05668680178919059,pre0_mod320_post0,tau_hydro_doy
6,250,3,mae,standard,0.1597781184329897,5,0.01691941500524713,pre0_mod321_post0,tau_hydro_doy
6,250,3,rmse,standard,0.18828661171364341,5,0.023224592059470608,pre0_mod321_post0,tau_hydro_doy
6,250,3,rsq,standard,0.15389912519496818,5,0.08081483975095308,pre0_mod321_post0,tau_hydro_doy
6,250,6,mae,standard,0.15878788442093128,5,0.016315112206115538,pre0_mod322_post0,tau_hydro_doy
6,250,6,rmse,standard,0.18875863575405344,5,0.022495607911349053,pre0_mod322_post0,tau_hydro_doy
6,250,6,rsq,standard,0.15079684765070545,5,0.0742349585612864,pre0_mod322_post0,tau_hydro_doy
6,250,9,mae,standard,0.16011942274569338,5,0.015787382295828076,pre0_mod323_post0,tau_hydro_doy
6,250,9,rmse,standard,0.18879332236404792,5,0.02167086790513763,pre0_mod323_post0,tau_hydro_doy
6,250,9,rsq,standard,0.14976908216994023,5,0.06550607104787248,pre0_mod323_post0,tau_hydro_doy
6,250,12,mae,standard,0.16126807439330704,5,0.017094330045203367,pre0_mod324_post0,tau_hydro_doy
6,250,12,rmse,standard,0.18971753548719186,5,0.02219338512376747,pre0_mod324_post0,tau_hydro_doy
6,250,12,rsq,standard,0.13930852958905246,5,0.06769567377933534,pre0_mod324_post0,tau_hydro_doy
6,250,15,mae,standard,0.1602298335940001,5,0.016868097833841952,pre0_mod325_post0,tau_hydro_doy
6,250,15,rmse,standard,0.1889189009467795,5,0.022046043802923913,pre0_mod325_post0,tau_hydro_doy
6,250,15,rsq,standard,0.14493197977737188,5,0.061446647838257075,pre0_mod325_post0,tau_hydro_doy
6,250,18,mae,standard,0.16013790978977133,5,0.016988143379590353,pre0_mod326_post0,tau_hydro_doy
6,250,18,rmse,standard,0.18795616818107758,5,0.021722321877679713,pre0_mod326_post0,tau_hydro_doy
6,250,18,rsq,standard,0.14659665499435762,5,0.05391816131027261,pre0_mod326_post0,tau_hydro_doy
6,250,21,mae,standard,0.16417477373696376,5,0.01792647019686774,pre0_mod327_post0,tau_hydro_doy
6,250,21,rmse,standard,0.19048034131505243,5,0.022196220339719547,pre0_mod327_post0,tau_hydro_doy
6,250,21,rsq,standard,0.1309042638016191,5,0.05727097824196349,pre0_mod327_post0,tau_hydro_doy
6,250,25,mae,standard,0.1624582754417821,5,0.017116440666189843,pre0_mod328_post0,tau_hydro_doy
6,250,25,rmse,standard,0.18909496675791596,5,0.02129730094128602,pre0_mod328_post0,tau_hydro_doy
6,250,25,rsq,standard,0.13988406733090492,5,0.05747842390927688,pre0_mod328_post0,tau_hydro_doy
6,450,3,mae,standard,0.15985030199977415,5,0.01613496432327041,pre0_mod329_post0,tau_hydro_doy
6,450,3,rmse,standard,0.18900413061841265,5,0.022360285642939067,pre0_mod329_post0,tau_hydro_doy
6,450,3,rsq,standard,0.14702228617159652,5,0.06902653005257793,pre0_mod329_post0,tau_hydro_doy
6,450,6,mae,standard,0.16046945043687114,5,0.01649556450293323,pre0_mod330_post0,tau_hydro_doy
6,450,6,rmse,standard,0.18849093568861403,5,0.022168758103320852,pre0_mod330_post0,tau_hydro_doy
6,450,6,rsq,standard,0.15291398870779307,5,0.07269515792190517,pre0_mod330_post0,tau_hydro_doy
6,450,9,mae,standard,0.1600744121367236,5,0.016904618015632474,pre0_mod331_post0,tau_hydro_doy
6,450,9,rmse,standard,0.18888504395883327,5,0.022357071818938465,pre0_mod331_post0,tau_hydro_doy
6,450,9,rsq,standard,0.14463568698210452,5,0.06612983336937356,pre0_mod331_post0,tau_hydro_doy
6,450,12,mae,standard,0.16107611707123243,5,0.01657571497082758,pre0_mod332_post0,tau_hydro_doy
6,450,12,rmse,standard,0.18876608793717947,5,0.021454812299535143,pre0_mod332_post0,tau_hydro_doy
6,450,12,rsq,standard,0.14435767640803795,5,0.05786992694992606,pre0_mod332_post0,tau_hydro_doy
6,450,15,mae,standard,0.16253168903807275,5,0.016323581398228985,pre0_mod333_post0,tau_hydro_doy
6,450,15,rmse,standard,0.19072920596110035,5,0.021505005355112836,pre0_mod333_post0,tau_hydro_doy
6,450,15,rsq,standard,0.12863521659845317,5,0.05930111515402335,pre0_mod333_post0,tau_hydro_doy
6,450,18,mae,standard,0.16161777997410087,5,0.017454331668131377,pre0_mod334_post0,tau_hydro_doy
6,450,18,rmse,standard,0.18869121549990434,5,0.022038208276371495,pre0_mod334_post0,tau_hydro_doy
6,450,18,rsq,standard,0.14187407672157534,5,0.061918869999467954,pre0_mod334_post0,tau_hydro_doy
6,450,21,mae,standard,0.16365762324855634,5,0.01725632560451575,pre0_mod335_post0,tau_hydro_doy
6,450,21,rmse,standard,0.1904438914858394,5,0.021562623822374737,pre0_mod335_post0,tau_hydro_doy
6,450,21,rsq,standard,0.13080749875132758,5,0.05859821218320846,pre0_mod335_post0,tau_hydro_doy
6,450,25,mae,standard,0.1624918163834184,5,0.017419444473627806,pre0_mod336_post0,tau_hydro_doy
6,450,25,rmse,standard,0.18950792237330039,5,0.02168743808572297,pre0_mod336_post0,tau_hydro_doy
6,450,25,rsq,standard,0.1352210309320495,5,0.05602295139338867,pre0_mod336_post0,tau_hydro_doy
6,650,3,mae,standard,0.15978019837796792,5,0.015696564930448416,pre0_mod337_post0,tau_hydro_doy
6,650,3,rmse,standard,0.18901305895243814,5,0.02202853642294361,pre0_mod337_post0,tau_hydro_doy
6,650,3,rsq,standard,0.14863532820809247,5,0.06659875224634931,pre0_mod337_post0,tau_hydro_doy
6,650,6,mae,standard,0.1599800695185126,5,0.016064873653229773,pre0_mod338_post0,tau_hydro_doy
6,650,6,rmse,standard,0.1885143540604817,5,0.022074380264970297,pre0_mod338_post0,tau_hydro_doy
6,650,6,rsq,standard,0.14897121598956503,5,0.07201522988286034,pre0_mod338_post0,tau_hydro_doy
6,650,9,mae,standard,0.16025283392583134,5,0.016643711015972125,pre0_mod339_post0,tau_hydro_doy
6,650,9,rmse,standard,0.18872188008590388,5,0.021819948544198046,pre0_mod339_post0,tau_hydro_doy
6,650,9,rsq,standard,0.14737251941908555,5,0.06555046666371812,pre0_mod339_post0,tau_hydro_doy
6,650,12,mae,standard,0.1614821765675299,5,0.017194583498583587,pre0_mod340_post0,tau_hydro_doy
6,650,12,rmse,standard,0.1894612696146108,5,0.022215411324294082,pre0_mod340_post0,tau_hydro_doy
6,650,12,rsq,standard,0.14074096389239713,5,0.06333330345457114,pre0_mod340_post0,tau_hydro_doy
6,650,15,mae,standard,0.1615441755802378,5,0.01659825941856186,pre0_mod341_post0,tau_hydro_doy
6,650,15,rmse,standard,0.18890980416746672,5,0.02144598807420703,pre0_mod341_post0,tau_hydro_doy
6,650,15,rsq,standard,0.14297230089072618,5,0.05638234406150541,pre0_mod341_post0,tau_hydro_doy
6,650,18,mae,standard,0.16213832811502957,5,0.017430147998892545,pre0_mod342_post0,tau_hydro_doy
6,650,18,rmse,standard,0.1894221347157202,5,0.02184973663539281,pre0_mod342_post0,tau_hydro_doy
6,650,18,rsq,standard,0.14154939579738024,5,0.06386713738572368,pre0_mod342_post0,tau_hydro_doy
6,650,21,mae,standard,0.16181961651567506,5,0.017354675265675832,pre0_mod343_post0,tau_hydro_doy
6,650,21,rmse,standard,0.1885790191533436,5,0.021831931155718944,pre0_mod343_post0,tau_hydro_doy
6,650,21,rsq,standard,0.14482066579888697,5,0.05795477551750195,pre0_mod343_post0,tau_hydro_doy
6,650,25,mae,standard,0.16305293467850296,5,0.01683065092914898,pre0_mod344_post0,tau_hydro_doy
6,650,25,rmse,standard,0.18963193989311755,5,0.021204615393659386,pre0_mod344_post0,tau_hydro_doy
6,650,25,rsq,standard,0.13476014496899977,5,0.05365406586168803,pre0_mod344_post0,tau_hydro_doy
6,850,3,mae,standard,0.16038141248721663,5,0.01642860991285721,pre0_mod345_post0,tau_hydro_doy
6,850,3,rmse,standard,0.18988103186991645,5,0.022717078871113797,pre0_mod345_post0,tau_hydro_doy
6,850,3,rsq,standard,0.1460019314486311,5,0.07349108260749934,pre0_mod345_post0,tau_hydro_doy
6,850,6,mae,standard,0.1590028132152041,5,0.01652926767939777,pre0_mod346_post0,tau_hydro_doy
6,850,6,rmse,standard,0.18787928926971006,5,0.022555980918668755,pre0_mod346_post0,tau_hydro_doy
6,850,6,rsq,standard,0.15439229720414027,5,0.06920590205786056,pre0_mod346_post0,tau_hydro_doy
6,850,9,mae,standard,0.16053963455239573,5,0.016297031892033947,pre0_mod347_post0,tau_hydro_doy
6,850,9,rmse,standard,0.18895428440201698,5,0.022109671211931723,pre0_mod347_post0,tau_hydro_doy
6,850,9,rsq,standard,0.14432616834339823,5,0.06670868070791103,pre0_mod347_post0,tau_hydro_doy
6,850,12,mae,standard,0.16133067069228585,5,0.016758531551082412,pre0_mod348_post0,tau_hydro_doy
6,850,12,rmse,standard,0.1893624213974634,5,0.021911833524768703,pre0_mod348_post0,tau_hydro_doy
6,850,12,rsq,standard,0.14193632990924382,5,0.06223137371529669,pre0_mod348_post0,tau_hydro_doy
6,850,15,mae,standard,0.16157736806036127,5,0.016417609168428552,pre0_mod349_post0,tau_hydro_doy
6,850,15,rmse,standard,0.18919207624474277,5,0.02151250779711643,pre0_mod349_post0,tau_hydro_doy
6,850,15,rsq,standard,0.14166208854824727,5,0.05723555182253813,pre0_mod349_post0,tau_hydro_doy
6,850,18,mae,standard,0.1622005798163962,5,0.016792093240111727,pre0_mod350_post0,tau_hydro_doy
6,850,18,rmse,standard,0.18945800537977342,5,0.021454158645817498,pre0_mod350_post0,tau_hydro_doy
6,850,18,rsq,standard,0.13683489795734677,5,0.058157479159807436,pre0_mod350_post0,tau_hydro_doy
6,850,21,mae,standard,0.1617400052717998,5,0.017233649335625326,pre0_mod351_post0,tau_hydro_doy
6,850,21,rmse,standard,0.18899694122717686,5,0.021653832680514642,pre0_mod351_post0,tau_hydro_doy
6,850,21,rsq,standard,0.1381198416561397,5,0.057132062223375274,pre0_mod351_post0,tau_hydro_doy
6,850,25,mae,standard,0.16256432419309297,5,0.01734248090837127,pre0_mod352_post0,tau_hydro_doy
6,850,25,rmse,standard,0.18928668484502642,5,0.02171244508584736,pre0_mod352_post0,tau_hydro_doy
6,850,25,rsq,standard,0.13580529958972945,5,0.05537922467529408,pre0_mod352_post0,tau_hydro_doy
6,1050,3,mae,standard,0.16016356040409588,5,0.016404522622167798,pre0_mod353_post0,tau_hydro_doy
6,1050,3,rmse,standard,0.18954881402907583,5,0.022986410720682394,pre0_mod353_post0,tau_hydro_doy
6,1050,3,rsq,standard,0.14485983186365542,5,0.0715969315084688,pre0_mod353_post0,tau_hydro_doy
6,1050,6,mae,standard,0.15997102460231374,5,0.01605061466944166,pre0_mod354_post0,tau_hydro_doy
6,1050,6,rmse,standard,0.18877087252165745,5,0.022334390972501127,pre0_mod354_post0,tau_hydro_doy
6,1050,6,rsq,standard,0.14514766414088093,5,0.06529402248327788,pre0_mod354_post0,tau_hydro_doy
6,1050,9,mae,standard,0.16078721117915062,5,0.016213914242183804,pre0_mod355_post0,tau_hydro_doy
6,1050,9,rmse,standard,0.18897907918841814,5,0.021701842983438125,pre0_mod355_post0,tau_hydro_doy
6,1050,9,rsq,standard,0.14459246777178664,5,0.063665887000238,pre0_mod355_post0,tau_hydro_doy
6,1050,12,mae,standard,0.1614585282350322,5,0.016425181266726263,pre0_mod356_post0,tau_hydro_doy
6,1050,12,rmse,standard,0.1895697642380034,5,0.021785169463345626,pre0_mod356_post0,tau_hydro_doy
6,1050,12,rsq,standard,0.14121528882273957,5,0.059439234818784985,pre0_mod356_post0,tau_hydro_doy
6,1050,15,mae,standard,0.16128022719413865,5,0.016453162646891832,pre0_mod357_post0,tau_hydro_doy
6,1050,15,rmse,standard,0.18876813566075046,5,0.02151007110876723,pre0_mod357_post0,tau_hydro_doy
6,1050,15,rsq,standard,0.14359829745388952,5,0.057989368246254766,pre0_mod357_post0,tau_hydro_doy
6,1050,18,mae,standard,0.16129018180083796,5,0.017156621857825762,pre0_mod358_post0,tau_hydro_doy
6,1050,18,rmse,standard,0.18825861343644035,5,0.021528917928980956,pre0_mod358_post0,tau_hydro_doy
6,1050,18,rsq,standard,0.146269281556874,5,0.05832617032670458,pre0_mod358_post0,tau_hydro_doy
6,1050,21,mae,standard,0.16248029038031436,5,0.01736483070959179,pre0_mod359_post0,tau_hydro_doy
6,1050,21,rmse,standard,0.18969764176781626,5,0.02193639958520586,pre0_mod359_post0,tau_hydro_doy
6,1050,21,rsq,standard,0.13460497064435425,5,0.05844426952216133,pre0_mod359_post0,tau_hydro_doy
6,1050,25,mae,standard,0.16222854319203905,5,0.017622082355804848,pre0_mod360_post0,tau_hydro_doy
6,1050,25,rmse,standard,0.1889234173913741,5,0.02169413226460935,pre0_mod360_post0,tau_hydro_doy
6,1050,25,rsq,standard,0.1387184206332931,5,0.05626957413041179,pre0_mod360_post0,tau_hydro_doy
6,1250,3,mae,standard,0.1592691273839469,5,0.016479854341826895,pre0_mod361_post0,tau_hydro_doy
6,1250,3,rmse,standard,0.1888231564166812,5,0.022691325697466267,pre0_mod361_post0,tau_hydro_doy
6,1250,3,rsq,standard,0.1521556860082232,5,0.0742205567288458,pre0_mod361_post0,tau_hydro_doy
6,1250,6,mae,standard,0.15872322574890013,5,0.01673443764399838,pre0_mod362_post0,tau_hydro_doy
6,1250,6,rmse,standard,0.18786940876168823,5,0.022781972462241205,pre0_mod362_post0,tau_hydro_doy
6,1250,6,rsq,standard,0.15568037998833917,5,0.07339611870390418,pre0_mod362_post0,tau_hydro_doy
6,1250,9,mae,standard,0.16126495069281455,5,0.01604476757992766,pre0_mod363_post0,tau_hydro_doy
6,1250,9,rmse,standard,0.19005307892769535,5,0.021606109690016116,pre0_mod363_post0,tau_hydro_doy
6,1250,9,rsq,standard,0.139160037810437,5,0.0638614704207434,pre0_mod363_post0,tau_hydro_doy
6,1250,12,mae,standard,0.16164011073237594,5,0.01646712026095673,pre0_mod364_post0,tau_hydro_doy
6,1250,12,rmse,standard,0.1894065978708007,5,0.021435545228337096,pre0_mod364_post0,tau_hydro_doy
6,1250,12,rsq,standard,0.13781104018030774,5,0.060619468093447426,pre0_mod364_post0,tau_hydro_doy
6,1250,15,mae,standard,0.16116042413735848,5,0.016507106625445713,pre0_mod365_post0,tau_hydro_doy
6,1250,15,rmse,standard,0.1884930886491621,5,0.021499651177460357,pre0_mod365_post0,tau_hydro_doy
6,1250,15,rsq,standard,0.14571167136547603,5,0.060854436397225126,pre0_mod365_post0,tau_hydro_doy
6,1250,18,mae,standard,0.1617344070327162,5,0.0170182854755077,pre0_mod366_post0,tau_hydro_doy
6,1250,18,rmse,standard,0.18891865360497523,5,0.02161707075896711,pre0_mod366_post0,tau_hydro_doy
6,1250,18,rsq,standard,0.13977219865643845,5,0.05782399396389573,pre0_mod366_post0,tau_hydro_doy
6,1250,21,mae,standard,0.16244702139567216,5,0.017267735444359694,pre0_mod367_post0,tau_hydro_doy
6,1250,21,rmse,standard,0.18917190917213753,5,0.02149160332457362,pre0_mod367_post0,tau_hydro_doy
6,1250,21,rsq,standard,0.13739994918991644,5,0.05519448526157245,pre0_mod367_post0,tau_hydro_doy
6,1250,25,mae,standard,0.1631754231640132,5,0.017014171313329402,pre0_mod368_post0,tau_hydro_doy
6,1250,25,rmse,standard,0.1899662437110336,5,0.021273241923818333,pre0_mod368_post0,tau_hydro_doy
6,1250,25,rsq,standard,0.13133797473744713,5,0.054608629052810206,pre0_mod368_post0,tau_hydro_doy
6,1450,3,mae,standard,0.1594751552802815,5,0.016182036945299277,pre0_mod369_post0,tau_hydro_doy
6,1450,3,rmse,standard,0.1888479086118868,5,0.02259939659051216,pre0_mod369_post0,tau_hydro_doy
6,1450,3,rsq,standard,0.14796731188903126,5,0.071547160263157,pre0_mod369_post0,tau_hydro_doy
6,1450,6,mae,standard,0.15948118525353686,5,0.016400239288430745,pre0_mod370_post0,tau_hydro_doy
6,1450,6,rmse,standard,0.188157581285378,5,0.022319231579560755,pre0_mod370_post0,tau_hydro_doy
6,1450,6,rsq,standard,0.15112907334451872,5,0.06852369169553862,pre0_mod370_post0,tau_hydro_doy
6,1450,9,mae,standard,0.16015009211363365,5,0.01670034182298709,pre0_mod371_post0,tau_hydro_doy
6,1450,9,rmse,standard,0.18867810904403065,5,0.022246395416136933,pre0_mod371_post0,tau_hydro_doy
6,1450,9,rsq,standard,0.14774222012535904,5,0.06679365883445224,pre0_mod371_post0,tau_hydro_doy
6,1450,12,mae,standard,0.1604594095946924,5,0.016641604465501825,pre0_mod372_post0,tau_hydro_doy
6,1450,12,rmse,standard,0.18887205873543286,5,0.021950106605547068,pre0_mod372_post0,tau_hydro_doy
6,1450,12,rsq,standard,0.1435885801994273,5,0.060885712608759114,pre0_mod372_post0,tau_hydro_doy
6,1450,15,mae,standard,0.161407914566936,5,0.016611076339103806,pre0_mod373_post0,tau_hydro_doy
6,1450,15,rmse,standard,0.18870479532983142,5,0.021673936247171517,pre0_mod373_post0,tau_hydro_doy
6,1450,15,rsq,standard,0.14255279593307355,5,0.05845926055058578,pre0_mod373_post0,tau_hydro_doy
6,1450,18,mae,standard,0.16210920491174732,5,0.01685958475668467,pre0_mod374_post0,tau_hydro_doy
6,1450,18,rmse,standard,0.18904883643405218,5,0.021508674524601864,pre0_mod374_post0,tau_hydro_doy
6,1450,18,rsq,standard,0.13900686138854268,5,0.058256497435630494,pre0_mod374_post0,tau_hydro_doy
6,1450,21,mae,standard,0.16276937319029458,5,0.01683648845558101,pre0_mod375_post0,tau_hydro_doy
6,1450,21,rmse,standard,0.18958448362153113,5,0.02113024426248931,pre0_mod375_post0,tau_hydro_doy
6,1450,21,rsq,standard,0.13733448483359095,5,0.05458593025565737,pre0_mod375_post0,tau_hydro_doy
6,1450,25,mae,standard,0.16214568002493165,5,0.017382284728516485,pre0_mod376_post0,tau_hydro_doy
6,1450,25,rmse,standard,0.1886501411322424,5,0.021589786494980164,pre0_mod376_post0,tau_hydro_doy
6,1450,25,rsq,standard,0.13949831585441294,5,0.054177118006925463,pre0_mod376_post0,tau_hydro_doy
6,1650,3,mae,standard,0.16029477031336736,5,0.016100629456879817,pre0_mod377_post0,tau_hydro_doy
6,1650,3,rmse,standard,0.1889847271453631,5,0.022637100094203416,pre0_mod377_post0,tau_hydro_doy
6,1650,3,rsq,standard,0.1493835760823343,5,0.07107318344800874,pre0_mod377_post0,tau_hydro_doy
6,1650,6,mae,standard,0.15982926106696346,5,0.01606161905564408,pre0_mod378_post0,tau_hydro_doy
6,1650,6,rmse,standard,0.18867500508138285,5,0.02198007049997195,pre0_mod378_post0,tau_hydro_doy
6,1650,6,rsq,standard,0.14945616441029716,5,0.06895398854912002,pre0_mod378_post0,tau_hydro_doy
6,1650,9,mae,standard,0.16022980695155176,5,0.016573443923135908,pre0_mod379_post0,tau_hydro_doy
6,1650,9,rmse,standard,0.18897257118629182,5,0.02223183678662597,pre0_mod379_post0,tau_hydro_doy
6,1650,9,rsq,standard,0.14544356876469164,5,0.06907801745045763,pre0_mod379_post0,tau_hydro_doy
6,1650,12,mae,standard,0.16068383111536402,5,0.016597712650653376,pre0_mod380_post0,tau_hydro_doy
6,1650,12,rmse,standard,0.18808557478590057,5,0.021783134796247,pre0_mod380_post0,tau_hydro_doy
6,1650,12,rsq,standard,0.14992723750044917,5,0.06320469227818086,pre0_mod380_post0,tau_hydro_doy
6,1650,15,mae,standard,0.16172230627534612,5,0.016684242149263732,pre0_mod381_post0,tau_hydro_doy
6,1650,15,rmse,standard,0.18889730918670306,5,0.021369553256349427,pre0_mod381_post0,tau_hydro_doy
6,1650,15,rsq,standard,0.14181575459978585,5,0.0570189287210972,pre0_mod381_post0,tau_hydro_doy
6,1650,18,mae,standard,0.16191418012998282,5,0.01693125668863128,pre0_mod382_post0,tau_hydro_doy
6,1650,18,rmse,standard,0.18898049657399069,5,0.021538605432063037,pre0_mod382_post0,tau_hydro_doy
6,1650,18,rsq,standard,0.13950961179050958,5,0.05581466261185263,pre0_mod382_post0,tau_hydro_doy
6,1650,21,mae,standard,0.16264558515228023,5,0.017232119409805978,pre0_mod383_post0,tau_hydro_doy
6,1650,21,rmse,standard,0.18968641915719808,5,0.021682111001658153,pre0_mod383_post0,tau_hydro_doy
6,1650,21,rsq,standard,0.1346955038595284,5,0.05802449626445273,pre0_mod383_post0,tau_hydro_doy
6,1650,25,mae,standard,0.16268138010646985,5,0.01726843688715582,pre0_mod384_post0,tau_hydro_doy
6,1650,25,rmse,standard,0.18903611963393147,5,0.02156778460091592,pre0_mod384_post0,tau_hydro_doy
6,1650,25,rsq,standard,0.13708675105586177,5,0.05446753296417987,pre0_mod384_post0,tau_hydro_doy
7,250,3,mae,standard,0.1628313631035039,5,0.015527190503126103,pre0_mod385_post0,tau_hydro_doy
7,250,3,rmse,standard,0.19222219510517954,5,0.022164869547824807,pre0_mod385_post0,tau_hydro_doy
7,250,3,rsq,standard,0.12481717256254399,5,0.06691659002757706,pre0_mod385_post0,tau_hydro_doy
7,250,6,mae,standard,0.15976884603341265,5,0.015828384421108864,pre0_mod386_post0,tau_hydro_doy
7,250,6,rmse,standard,0.18967018216149067,5,0.022038381019436767,pre0_mod386_post0,tau_hydro_doy
7,250,6,rsq,standard,0.1439608771487731,5,0.06791935074902469,pre0_mod386_post0,tau_hydro_doy
7,250,9,mae,standard,0.15780234283804148,5,0.016234614079873932,pre0_mod387_post0,tau_hydro_doy
7,250,9,rmse,standard,0.1866858875861577,5,0.022003153721048243,pre0_mod387_post0,tau_hydro_doy
7,250,9,rsq,standard,0.16006140952159045,5,0.06059811289799019,pre0_mod387_post0,tau_hydro_doy
7,250,12,mae,standard,0.16202742666375305,5,0.01645186358823519,pre0_mod388_post0,tau_hydro_doy
7,250,12,rmse,standard,0.19012493025959143,5,0.021624896200403906,pre0_mod388_post0,tau_hydro_doy
7,250,12,rsq,standard,0.13449266806356275,5,0.060417403267958456,pre0_mod388_post0,tau_hydro_doy
7,250,15,mae,standard,0.1618175945260439,5,0.016892707117070253,pre0_mod389_post0,tau_hydro_doy
7,250,15,rmse,standard,0.18927457969730724,5,0.022176481346694966,pre0_mod389_post0,tau_hydro_doy
7,250,15,rsq,standard,0.139454098311089,5,0.0634295713859132,pre0_mod389_post0,tau_hydro_doy
7,250,18,mae,standard,0.16262375876032104,5,0.016799585565177157,pre0_mod390_post0,tau_hydro_doy
7,250,18,rmse,standard,0.19003186273058978,5,0.021402145053945745,pre0_mod390_post0,tau_hydro_doy
7,250,18,rsq,standard,0.132117593735302,5,0.055759970778838194,pre0_mod390_post0,tau_hydro_doy
7,250,21,mae,standard,0.16260159119375922,5,0.01738702824026009,pre0_mod391_post0,tau_hydro_doy
7,250,21,rmse,standard,0.18953412858950747,5,0.021944344299045918,pre0_mod391_post0,tau_hydro_doy
7,250,21,rsq,standard,0.13197290531726322,5,0.053933281626843105,pre0_mod391_post0,tau_hydro_doy
7,250,25,mae,standard,0.16144150310800431,5,0.017049298243476063,pre0_mod392_post0,tau_hydro_doy
7,250,25,rmse,standard,0.1883841773918549,5,0.021289541903064424,pre0_mod392_post0,tau_hydro_doy
7,250,25,rsq,standard,0.14506321287409896,5,0.05246862908884977,pre0_mod392_post0,tau_hydro_doy
7,450,3,mae,standard,0.16036459937475608,5,0.015986956133808846,pre0_mod393_post0,tau_hydro_doy
7,450,3,rmse,standard,0.1898214133747062,5,0.022263760873650968,pre0_mod393_post0,tau_hydro_doy
7,450,3,rsq,standard,0.1391121402201044,5,0.06661959306475942,pre0_mod393_post0,tau_hydro_doy
7,450,6,mae,standard,0.16085825032845616,5,0.017119355002257163,pre0_mod394_post0,tau_hydro_doy
7,450,6,rmse,standard,0.19031323522938534,5,0.02298620768730361,pre0_mod394_post0,tau_hydro_doy
7,450,6,rsq,standard,0.1376106186961413,5,0.07268964630445023,pre0_mod394_post0,tau_hydro_doy
7,450,9,mae,standard,0.15891639387108514,5,0.017348085670027675,pre0_mod395_post0,tau_hydro_doy
7,450,9,rmse,standard,0.18846597116571784,5,0.02252230638448204,pre0_mod395_post0,tau_hydro_doy
7,450,9,rsq,standard,0.15085816857964016,5,0.06803441565214796,pre0_mod395_post0,tau_hydro_doy
7,450,12,mae,standard,0.16108427046851723,5,0.016076830191177807,pre0_mod396_post0,tau_hydro_doy
7,450,12,rmse,standard,0.18983840697761445,5,0.02112344271774837,pre0_mod396_post0,tau_hydro_doy
7,450,12,rsq,standard,0.13628879522302811,5,0.06287274860258565,pre0_mod396_post0,tau_hydro_doy
7,450,15,mae,standard,0.16214140973274482,5,0.016476939675422294,pre0_mod397_post0,tau_hydro_doy
7,450,15,rmse,standard,0.19026612690239672,5,0.021534889625052206,pre0_mod397_post0,tau_hydro_doy
7,450,15,rsq,standard,0.13585359161385466,5,0.059486616462643395,pre0_mod397_post0,tau_hydro_doy
7,450,18,mae,standard,0.1615798708494995,5,0.017261734795655233,pre0_mod398_post0,tau_hydro_doy
7,450,18,rmse,standard,0.18956419564608398,5,0.021769324127590237,pre0_mod398_post0,tau_hydro_doy
7,450,18,rsq,standard,0.14391505769031449,5,0.058478584162446966,pre0_mod398_post0,tau_hydro_doy
7,450,21,mae,standard,0.16241861719329748,5,0.01722761810427482,pre0_mod399_post0,tau_hydro_doy
7,450,21,rmse,standard,0.18931776433302946,5,0.021741236556394067,pre0_mod399_post0,tau_hydro_doy
7,450,21,rsq,standard,0.13810993141233716,5,0.05678787884791275,pre0_mod399_post0,tau_hydro_doy
7,450,25,mae,standard,0.16286490031589124,5,0.016989597303581273,pre0_mod400_post0,tau_hydro_doy
7,450,25,rmse,standard,0.1896530476026138,5,0.02121479168699154,pre0_mod400_post0,tau_hydro_doy
7,450,25,rsq,standard,0.13482314774514875,5,0.05328351329388602,pre0_mod400_post0,tau_hydro_doy
7,650,3,mae,standard,0.1601469789120848,5,0.016370762191710117,pre0_mod401_post0,tau_hydro_doy
7,650,3,rmse,standard,0.18959313537961547,5,0.022827629010798586,pre0_mod401_post0,tau_hydro_doy
7,650,3,rsq,standard,0.1455000486549558,5,0.07363791147901474,pre0_mod401_post0,tau_hydro_doy
7,650,6,mae,standard,0.16025551216382813,5,0.016340823553092413,pre0_mod402_post0,tau_hydro_doy
7,650,6,rmse,standard,0.18997623054482438,5,0.022479005300490747,pre0_mod402_post0,tau_hydro_doy
7,650,6,rsq,standard,0.14232081280514347,5,0.06594234856431837,pre0_mod402_post0,tau_hydro_doy
7,650,9,mae,standard,0.16046069236000937,5,0.016605675586250746,pre0_mod403_post0,tau_hydro_doy
7,650,9,rmse,standard,0.18981252539640453,5,0.022127443070926015,pre0_mod403_post0,tau_hydro_doy
7,650,9,rsq,standard,0.13870218411534035,5,0.06940602705232725,pre0_mod403_post0,tau_hydro_doy
7,650,12,mae,standard,0.1607696739129106,5,0.016020232679737713,pre0_mod404_post0,tau_hydro_doy
7,650,12,rmse,standard,0.18904644856849054,5,0.021393176396261388,pre0_mod404_post0,tau_hydro_doy
7,650,12,rsq,standard,0.14401065793652493,5,0.058237196670348955,pre0_mod404_post0,tau_hydro_doy
7,650,15,mae,standard,0.16249628138509273,5,0.016573059086918515,pre0_mod405_post0,tau_hydro_doy
7,650,15,rmse,standard,0.1899627252464122,5,0.02126468242570886,pre0_mod405_post0,tau_hydro_doy
7,650,15,rsq,standard,0.13515096415775263,5,0.05846209943093829,pre0_mod405_post0,tau_hydro_doy
7,650,18,mae,standard,0.16218589717278054,5,0.01665913456586828,pre0_mod406_post0,tau_hydro_doy
7,650,18,rmse,standard,0.18967584864605716,5,0.021464628122177542,pre0_mod406_post0,tau_hydro_doy
7,650,18,rsq,standard,0.13536378715735434,5,0.05999303107387342,pre0_mod406_post0,tau_hydro_doy
7,650,21,mae,standard,0.16233929827949456,5,0.016755045867022644,pre0_mod407_post0,tau_hydro_doy
7,650,21,rmse,standard,0.18984042129080841,5,0.021037554488943244,pre0_mod407_post0,tau_hydro_doy
7,650,21,rsq,standard,0.13268008701407574,5,0.05004122580293192,pre0_mod407_post0,tau_hydro_doy
7,650,25,mae,standard,0.16347196336868244,5,0.017307211244639874,pre0_mod408_post0,tau_hydro_doy
7,650,25,rmse,standard,0.19030045583557811,5,0.02142875627711434,pre0_mod408_post0,tau_hydro_doy
7,650,25,rsq,standard,0.12852925387201442,5,0.05292324161233019,pre0_mod408_post0,tau_hydro_doy
7,850,3,mae,standard,0.1614909004093052,5,0.01597272840504668,pre0_mod409_post0,tau_hydro_doy
7,850,3,rmse,standard,0.19084491736155873,5,0.02265044122715705,pre0_mod409_post0,tau_hydro_doy
7,850,3,rsq,standard,0.1367986409229459,5,0.07171376550799352,pre0_mod409_post0,tau_hydro_doy
7,850,6,mae,standard,0.15973902750528368,5,0.0164555915416307,pre0_mod410_post0,tau_hydro_doy
7,850,6,rmse,standard,0.18894190760625806,5,0.022571414639894864,pre0_mod410_post0,tau_hydro_doy
7,850,6,rsq,standard,0.14745461389439163,5,0.07279444949211815,pre0_mod410_post0,tau_hydro_doy
7,850,9,mae,standard,0.1609229606202337,5,0.01638555220924306,pre0_mod411_post0,tau_hydro_doy
7,850,9,rmse,standard,0.19033743646645848,5,0.021940331769547475,pre0_mod411_post0,tau_hydro_doy
7,850,9,rsq,standard,0.13658922401555937,5,0.06692228275802588,pre0_mod411_post0,tau_hydro_doy
7,850,12,mae,standard,0.16117409472403899,5,0.016651601918441374,pre0_mod412_post0,tau_hydro_doy
7,850,12,rmse,standard,0.18950233531373678,5,0.02181535811130885,pre0_mod412_post0,tau_hydro_doy
7,850,12,rsq,standard,0.14044947741226965,5,0.060009802457667065,pre0_mod412_post0,tau_hydro_doy
7,850,15,mae,standard,0.16227185450057002,5,0.016741170489555486,pre0_mod413_post0,tau_hydro_doy
7,850,15,rmse,standard,0.19027514254724107,5,0.021531666905096294,pre0_mod413_post0,tau_hydro_doy
7,850,15,rsq,standard,0.13617543608507382,5,0.05749285033591207,pre0_mod413_post0,tau_hydro_doy
7,850,18,mae,standard,0.16273170171057774,5,0.016666710175482106,pre0_mod414_post0,tau_hydro_doy
7,850,18,rmse,standard,0.18973962182190104,5,0.02149972589881705,pre0_mod414_post0,tau_hydro_doy
7,850,18,rsq,standard,0.1356380772711174,5,0.05860275689741907,pre0_mod414_post0,tau_hydro_doy
7,850,21,mae,standard,0.16282983758411163,5,0.016724555547547714,pre0_mod415_post0,tau_hydro_doy
7,850,21,rmse,standard,0.18990750861723038,5,0.021264640077834688,pre0_mod415_post0,tau_hydro_doy
7,850,21,rsq,standard,0.135023122804387,5,0.054703879886378023,pre0_mod415_post0,tau_hydro_doy
7,850,25,mae,standard,0.1635433993071099,5,0.017092435485504626,pre0_mod416_post0,tau_hydro_doy
7,850,25,rmse,standard,0.1907100941560231,5,0.02114014567566513,pre0_mod416_post0,tau_hydro_doy
7,850,25,rsq,standard,0.12830504282145683,5,0.05364737244369936,pre0_mod416_post0,tau_hydro_doy
7,1050,3,mae,standard,0.16027682967162632,5,0.016759279414564548,pre0_mod417_post0,tau_hydro_doy
7,1050,3,rmse,standard,0.19010640110421162,5,0.02309830648434704,pre0_mod417_post0,tau_hydro_doy
7,1050,3,rsq,standard,0.143867893049946,5,0.07192235205631131,pre0_mod417_post0,tau_hydro_doy
7,1050,6,mae,standard,0.16024212423204065,5,0.01653416794255657,pre0_mod418_post0,tau_hydro_doy
7,1050,6,rmse,standard,0.19005530763937173,5,0.022535452483417307,pre0_mod418_post0,tau_hydro_doy
7,1050,6,rsq,standard,0.13931542952687323,5,0.06967159286182362,pre0_mod418_post0,tau_hydro_doy
7,1050,9,mae,standard,0.16085883892123787,5,0.016579632510902803,pre0_mod419_post0,tau_hydro_doy
7,1050,9,rmse,standard,0.18947085260264682,5,0.02222706499241505,pre0_mod419_post0,tau_hydro_doy
7,1050,9,rsq,standard,0.14158298299077712,5,0.06447745669057446,pre0_mod419_post0,tau_hydro_doy
7,1050,12,mae,standard,0.16118468457167373,5,0.016675389564507332,pre0_mod420_post0,tau_hydro_doy
7,1050,12,rmse,standard,0.1899102882823597,5,0.02181480507599623,pre0_mod420_post0,tau_hydro_doy
7,1050,12,rsq,standard,0.13522588193620094,5,0.061934908410243905,pre0_mod420_post0,tau_hydro_doy
7,1050,15,mae,standard,0.16204776602376017,5,0.016567073254498396,pre0_mod421_post0,tau_hydro_doy
7,1050,15,rmse,standard,0.189885112783652,5,0.0216214245068514,pre0_mod421_post0,tau_hydro_doy
7,1050,15,rsq,standard,0.1348492596636549,5,0.05689857993429049,pre0_mod421_post0,tau_hydro_doy
7,1050,18,mae,standard,0.16192677451588153,5,0.016521909862069126,pre0_mod422_post0,tau_hydro_doy
7,1050,18,rmse,standard,0.18883316364033242,5,0.021260847656360164,pre0_mod422_post0,tau_hydro_doy
7,1050,18,rsq,standard,0.14208702725321792,5,0.05616934895715235,pre0_mod422_post0,tau_hydro_doy
7,1050,21,mae,standard,0.16270180038569973,5,0.017274298354635318,pre0_mod423_post0,tau_hydro_doy
7,1050,21,rmse,standard,0.18993148708605834,5,0.021612391919589864,pre0_mod423_post0,tau_hydro_doy
7,1050,21,rsq,standard,0.13348663846736686,5,0.05815351106690685,pre0_mod423_post0,tau_hydro_doy
7,1050,25,mae,standard,0.1632327921555858,5,0.016974541259470788,pre0_mod424_post0,tau_hydro_doy
7,1050,25,rmse,standard,0.18995444045630797,5,0.02127079399748596,pre0_mod424_post0,tau_hydro_doy
7,1050,25,rsq,standard,0.12874365102670504,5,0.05026175957577914,pre0_mod424_post0,tau_hydro_doy
7,1250,3,mae,standard,0.160556834320902,5,0.016145231137656552,pre0_mod425_post0,tau_hydro_doy
7,1250,3,rmse,standard,0.18982322125684464,5,0.02247963437922709,pre0_mod425_post0,tau_hydro_doy
7,1250,3,rsq,standard,0.14224331241038546,5,0.070635827471835555,pre0_mod425_post0,tau_hydro_doy
7,1250,6,mae,standard,0.16021984844914972,5,0.015954777068218674,pre0_mod426_post0,tau_hydro_doy
7,1250,6,rmse,standard,0.1895317351127632,5,0.021972338045628644,pre0_mod426_post0,tau_hydro_doy
7,1250,6,rsq,standard,0.1428703678784234,5,0.06709833945029613,pre0_mod426_post0,tau_hydro_doy
7,1250,9,mae,standard,0.16048505825541554,5,0.0164437410321838,pre0_mod427_post0,tau_hydro_doy
7,1250,9,rmse,standard,0.1892041793944512,5,0.021882482644895267,pre0_mod427_post0,tau_hydro_doy
7,1250,9,rsq,standard,0.14317324992070055,5,0.06605674697354504,pre0_mod427_post0,tau_hydro_doy
7,1250,12,mae,standard,0.16112056083738882,5,0.016554444609187365,pre0_mod428_post0,tau_hydro_doy
7,1250,12,rmse,standard,0.18961258091933259,5,0.021525679028234233,pre0_mod428_post0,tau_hydro_doy
7,1250,12,rsq,standard,0.13983994726771604,5,0.06229244667920363,pre0_mod428_post0,tau_hydro_doy
7,1250,15,mae,standard,0.16235073947439335,5,0.016533905397671404,pre0_mod429_post0,tau_hydro_doy
7,1250,15,rmse,standard,0.19014326802562517,5,0.0214393810187822,pre0_mod429_post0,tau_hydro_doy
7,1250,15,rsq,standard,0.13642183347031142,5,0.05846378800370431,pre0_mod429_post0,tau_hydro_doy
7,1250,18,mae,standard,0.16172089250526694,5,0.016901234774310703,pre0_mod430_post0,tau_hydro_doy
7,1250,18,rmse,standard,0.18904928383376507,5,0.02174132154971018,pre0_mod430_post0,tau_hydro_doy
7,1250,18,rsq,standard,0.13967911947367706,5,0.058335039580263384,pre0_mod430_post0,tau_hydro_doy
7,1250,21,mae,standard,0.16175456391043966,5,0.01687723616167526,pre0_mod431_post0,tau_hydro_doy
7,1250,21,rmse,standard,0.1891345290164394,5,0.02130822926107839,pre0_mod431_post0,tau_hydro_doy
7,1250,21,rsq,standard,0.1402510795234494,5,0.05688832413932663,pre0_mod431_post0,tau_hydro_doy
7,1250,25,mae,standard,0.16288215041213588,5,0.01726050226331446,pre0_mod432_post0,tau_hydro_doy
7,1250,25,rmse,standard,0.1896339952645023,5,0.021462806543708437,pre0_mod432_post0,tau_hydro_doy
7,1250,25,rsq,standard,0.13314886063424727,5,0.05587720214815612,pre0_mod432_post0,tau_hydro_doy
7,1450,3,mae,standard,0.16038657617870736,5,0.015903880929679353,pre0_mod433_post0,tau_hydro_doy
7,1450,3,rmse,standard,0.18977626093048397,5,0.022419519858133362,pre0_mod433_post0,tau_hydro_doy
7,1450,3,rsq,standard,0.14161669597970977,5,0.06954157077468968,pre0_mod433_post0,tau_hydro_doy
7,1450,6,mae,standard,0.16007787128340237,5,0.016357728168055127,pre0_mod434_post0,tau_hydro_doy
7,1450,6,rmse,standard,0.18922517852176737,5,0.022388470944526437,pre0_mod434_post0,tau_hydro_doy
7,1450,6,rsq,standard,0.1459965192376669,5,0.07162932704813593,pre0_mod434_post0,tau_hydro_doy
7,1450,9,mae,standard,0.16043330922004773,5,0.016309905936726665,pre0_mod435_post0,tau_hydro_doy
7,1450,9,rmse,standard,0.18932826261070623,5,0.021935604386660656,pre0_mod435_post0,tau_hydro_doy
7,1450,9,rsq,standard,0.1425237627259429,5,0.06731741432799972,pre0_mod435_post0,tau_hydro_doy
7,1450,12,mae,standard,0.16111854428966746,5,0.016584180100425464,pre0_mod436_post0,tau_hydro_doy
7,1450,12,rmse,standard,0.18891271138043303,5,0.021717153961410898,pre0_mod436_post0,tau_hydro_doy
7,1450,12,rsq,standard,0.1428298030577551,5,0.062250829839925956,pre0_mod436_post0,tau_hydro_doy
7,1450,15,mae,standard,0.1621044902811314,5,0.01637719987406279,pre0_mod437_post0,tau_hydro_doy
7,1450,15,rmse,standard,0.1895416182212555,5,0.0212416792255799,pre0_mod437_post0,tau_hydro_doy
7,1450,15,rsq,standard,0.1367696275419494,5,0.05673534670924471,pre0_mod437_post0,tau_hydro_doy
7,1450,18,mae,standard,0.16166363131158812,5,0.016757817477904564,pre0_mod438_post0,tau_hydro_doy
7,1450,18,rmse,standard,0.18904200653411268,5,0.02135446926120788,pre0_mod438_post0,tau_hydro_doy
7,1450,18,rsq,standard,0.1392887785849355,5,0.0558318422372792,pre0_mod438_post0,tau_hydro_doy
7,1450,21,mae,standard,0.16289668593758583,5,0.017094528471936037,pre0_mod439_post0,tau_hydro_doy
7,1450,21,rmse,standard,0.1900000937623144,5,0.021453659664935794,pre0_mod439_post0,tau_hydro_doy
7,1450,21,rsq,standard,0.13272904341984548,5,0.05513447576058373,pre0_mod439_post0,tau_hydro_doy
7,1450,25,mae,standard,0.1636295168130047,5,0.01696739653047711,pre0_mod440_post0,tau_hydro_doy
7,1450,25,rmse,standard,0.190387657082422,5,0.021217843375891693,pre0_mod440_post0,tau_hydro_doy
7,1450,25,rsq,standard,0.12866276523816605,5,0.0551574555547408,pre0_mod440_post0,tau_hydro_doy
7,1650,3,mae,standard,0.16038983864559514,5,0.015924925222970964,pre0_mod441_post0,tau_hydro_doy
7,1650,3,rmse,standard,0.18965638409051905,5,0.022266181889167676,pre0_mod441_post0,tau_hydro_doy
7,1650,3,rsq,standard,0.1446562903515992,5,0.07260771577414692,pre0_mod441_post0,tau_hydro_doy
7,1650,6,mae,standard,0.1603631753332881,5,0.0166847800632174,pre0_mod442_post0,tau_hydro_doy
7,1650,6,rmse,standard,0.18932717413147201,5,0.02280448741576924,pre0_mod442_post0,tau_hydro_doy
7,1650,6,rsq,standard,0.14553917349223536,5,0.07133998515455729,pre0_mod442_post0,tau_hydro_doy
7,1650,9,mae,standard,0.16120390438445872,5,0.01608294790960094,pre0_mod443_post0,tau_hydro_doy
7,1650,9,rmse,standard,0.19014722811791945,5,0.02164695855371055,pre0_mod443_post0,tau_hydro_doy
7,1650,9,rsq,standard,0.137982763470049,5,0.06480693424716526,pre0_mod443_post0,tau_hydro_doy
7,1650,12,mae,standard,0.16098927778961097,5,0.01652481700928584,pre0_mod444_post0,tau_hydro_doy
7,1650,12,rmse,standard,0.18899253897877943,5,0.021723455816458428,pre0_mod444_post0,tau_hydro_doy
7,1650,12,rsq,standard,0.14355015076225988,5,0.06377069300699315,pre0_mod444_post0,tau_hydro_doy
7,1650,15,mae,standard,0.16116909528340828,5,0.016476908079633375,pre0_mod445_post0,tau_hydro_doy
7,1650,15,rmse,standard,0.18885034522892974,5,0.021477257151646688,pre0_mod445_post0,tau_hydro_doy
7,1650,15,rsq,standard,0.14062785551518284,5,0.05651212839893264,pre0_mod445_post0,tau_hydro_doy
7,1650,18,mae,standard,0.1621661414237186,5,0.0165742371941064,pre0_mod446_post0,tau_hydro_doy
7,1650,18,rmse,standard,0.18960307237912435,5,0.02120651823760002,pre0_mod446_post0,tau_hydro_doy
7,1650,18,rsq,standard,0.13546416683071186,5,0.05556308706539863,pre0_mod446_post0,tau_hydro_doy
7,1650,21,mae,standard,0.16200338636868594,5,0.017263287124288856,pre0_mod447_post0,tau_hydro_doy
7,1650,21,rmse,standard,0.1890741492568338,5,0.021699079992901486,pre0_mod447_post0,tau_hydro_doy
7,1650,21,rsq,standard,0.1401486211417402,5,0.05627312244547903,pre0_mod447_post0,tau_hydro_doy
7,1650,25,mae,standard,0.1624679535721254,5,0.017499495179479886,pre0_mod448_post0,tau_hydro_doy
7,1650,25,rmse,standard,0.1894268622666966,5,0.021611865745829188,pre0_mod448_post0,tau_hydro_doy
7,1650,25,rsq,standard,0.13627792015355875,5,0.05520836636341128,pre0_mod448_post0,tau_hydro_doy
9,250,3,mae,standard,0.16094584665346182,5,0.015559019577253894,pre0_mod449_post0,tau_hydro_doy
9,250,3,rmse,standard,0.1905984639125404,5,0.022149933607623573,pre0_mod449_post0,tau_hydro_doy
9,250,3,rsq,standard,0.14092341648200962,5,0.07528214096302308,pre0_mod449_post0,tau_hydro_doy
9,250,6,mae,standard,0.15968064381913064,5,0.016501905440665075,pre0_mod450_post0,tau_hydro_doy
9,250,6,rmse,standard,0.19015284037979036,5,0.02198986340202906,pre0_mod450_post0,tau_hydro_doy
9,250,6,rsq,standard,0.13681282115223442,5,0.06936116514337665,pre0_mod450_post0,tau_hydro_doy
9,250,9,mae,standard,0.1607830947853148,5,0.016297075287493714,pre0_mod451_post0,tau_hydro_doy
9,250,9,rmse,standard,0.19096833811332894,5,0.021949784396573243,pre0_mod451_post0,tau_hydro_doy
9,250,9,rsq,standard,0.1310608454398191,5,0.06573964705398057,pre0_mod451_post0,tau_hydro_doy
9,250,12,mae,standard,0.16125721318995295,5,0.016066629808150896,pre0_mod452_post0,tau_hydro_doy
9,250,12,rmse,standard,0.1891617207347258,5,0.02121496379429061,pre0_mod452_post0,tau_hydro_doy
9,250,12,rsq,standard,0.14085824049928128,5,0.0608398411595665,pre0_mod452_post0,tau_hydro_doy
9,250,15,mae,standard,0.16292239193619987,5,0.015558836121158052,pre0_mod453_post0,tau_hydro_doy
9,250,15,rmse,standard,0.19130923250645326,5,0.02037950994454208,pre0_mod453_post0,tau_hydro_doy
9,250,15,rsq,standard,0.12891907424957996,5,0.046715753682414325,pre0_mod453_post0,tau_hydro_doy
9,250,18,mae,standard,0.16358894943636776,5,0.016089321482891713,pre0_mod454_post0,tau_hydro_doy
9,250,18,rmse,standard,0.19133105283703541,5,0.021004586983012413,pre0_mod454_post0,tau_hydro_doy
9,250,18,rsq,standard,0.1209792489037085,5,0.05428183202424461,pre0_mod454_post0,tau_hydro_doy
9,250,21,mae,standard,0.16270568874408273,5,0.01657719466859091,pre0_mod455_post0,tau_hydro_doy
9,250,21,rmse,standard,0.19086948486284255,5,0.021018770164501162,pre0_mod455_post0,tau_hydro_doy
9,250,21,rsq,standard,0.1251128329765703,5,0.04972877173376943,pre0_mod455_post0,tau_hydro_doy
9,250,25,mae,standard,0.1630737381863436,5,0.01708507925893024,pre0_mod456_post0,tau_hydro_doy
9,250,25,rmse,standard,0.19062710699828983,5,0.021328136445455337,pre0_mod456_post0,tau_hydro_doy
9,250,25,rsq,standard,0.12666412957428708,5,0.0524859725774172,pre0_mod456_post0,tau_hydro_doy
9,450,3,mae,standard,0.16052711804195152,5,0.016191534952843128,pre0_mod457_post0,tau_hydro_doy
9,450,3,rmse,standard,0.19055237793493687,5,0.022397783742657155,pre0_mod457_post0,tau_hydro_doy
9,450,3,rsq,standard,0.13855018275219014,5,0.07128849577863212,pre0_mod457_post0,tau_hydro_doy
9,450,6,mae,standard,0.16143602038728702,5,0.016846325577858465,pre0_mod458_post0,tau_hydro_doy
9,450,6,rmse,standard,0.19067690613314317,5,0.02265415683764471,pre0_mod458_post0,tau_hydro_doy
9,450,6,rsq,standard,0.13762824162041723,5,0.0706225454438031,pre0_mod458_post0,tau_hydro_doy
9,450,9,mae,standard,0.16109945955113064,5,0.015990199664271586,pre0_mod459_post0,tau_hydro_doy
9,450,9,rmse,standard,0.19058893086741366,5,0.021666048517378623,pre0_mod459_post0,tau_hydro_doy
9,450,9,rsq,standard,0.13140442726977325,5,0.06202173183003782,pre0_mod459_post0,tau_hydro_doy
9,450,12,mae,standard,0.16309423859129285,5,0.015953026829551808,pre0_mod460_post0,tau_hydro_doy
9,450,12,rmse,standard,0.19194910944420043,5,0.021334395035989905,pre0_mod460_post0,tau_hydro_doy
9,450,12,rsq,standard,0.11932608779107882,5,0.055866869143030344,pre0_mod460_post0,tau_hydro_doy
9,450,15,mae,standard,0.16338235832960069,5,0.016353228378050633,pre0_mod461_post0,tau_hydro_doy
9,450,15,rmse,standard,0.19138222880200662,5,0.021311894937934193,pre0_mod461_post0,tau_hydro_doy
9,450,15,rsq,standard,0.12582745532064077,5,0.06248607047611133,pre0_mod461_post0,tau_hydro_doy
9,450,18,mae,standard,0.16188205758382163,5,0.017415863604924364,pre0_mod462_post0,tau_hydro_doy
9,450,18,rmse,standard,0.18920790751395916,5,0.022029852984035418,pre0_mod462_post0,tau_hydro_doy
9,450,18,rsq,standard,0.14204138771640853,5,0.06434033459864427,pre0_mod462_post0,tau_hydro_doy
9,450,21,mae,standard,0.1625442819848415,5,0.01662464638525482,pre0_mod463_post0,tau_hydro_doy
9,450,21,rmse,standard,0.1901043583869211,5,0.021307326414874928,pre0_mod463_post0,tau_hydro_doy
9,450,21,rsq,standard,0.1345343894742879,5,0.05081451894384201,pre0_mod463_post0,tau_hydro_doy
9,450,25,mae,standard,0.16323254033282794,5,0.016346250384722063,pre0_mod464_post0,tau_hydro_doy
9,450,25,rmse,standard,0.1908485212126653,5,0.02069841791410934,pre0_mod464_post0,tau_hydro_doy
9,450,25,rsq,standard,0.12219657946862768,5,0.052727745524194576,pre0_mod464_post0,tau_hydro_doy
9,650,3,mae,standard,0.16141474213941778,5,0.01526599745125007,pre0_mod465_post0,tau_hydro_doy
9,650,3,rmse,standard,0.19138869266192346,5,0.022006439011294586,pre0_mod465_post0,tau_hydro_doy
9,650,3,rsq,standard,0.13264640059312988,5,0.06570791850171478,pre0_mod465_post0,tau_hydro_doy
9,650,6,mae,standard,0.16108709802105825,5,0.016431986138686412,pre0_mod466_post0,tau_hydro_doy
9,650,6,rmse,standard,0.19106086992100443,5,0.02233896763183059,pre0_mod466_post0,tau_hydro_doy
9,650,6,rsq,standard,0.13282619161671125,5,0.06839110850339979,pre0_mod466_post0,tau_hydro_doy
9,650,9,mae,standard,0.16202984933154607,5,0.015803969918405925,pre0_mod467_post0,tau_hydro_doy
9,650,9,rmse,standard,0.19146914695150014,5,0.021820094026032587,pre0_mod467_post0,tau_hydro_doy
9,650,9,rsq,standard,0.12618866179872912,5,0.06195753812472306,pre0_mod467_post0,tau_hydro_doy
9,650,12,mae,standard,0.16269011290846544,5,0.015752804719017945,pre0_mod468_post0,tau_hydro_doy
9,650,12,rmse,standard,0.19118290258768336,5,0.021132276410364356,pre0_mod468_post0,tau_hydro_doy
9,650,12,rsq,standard,0.12948493556796228,5,0.057961628986238134,pre0_mod468_post0,tau_hydro_doy
9,650,15,mae,standard,0.16205660558237975,5,0.016385079979150653,pre0_mod469_post0,tau_hydro_doy
9,650,15,rmse,standard,0.19038236144933524,5,0.021419200780717188,pre0_mod469_post0,tau_hydro_doy
9,650,15,rsq,standard,0.13392558243613414,5,0.05943265232356106,pre0_mod469_post0,tau_hydro_doy
9,650,18,mae,standard,0.16305476763275645,5,0.0165911867518494,pre0_mod470_post0,tau_hydro_doy
9,650,18,rmse,standard,0.19045091498186434,5,0.021352280714858604,pre0_mod470_post0,tau_hydro_doy
9,650,18,rsq,standard,0.12932345012731686,5,0.05490564381207716,pre0_mod470_post0,tau_hydro_doy
9,650,21,mae,standard,0.1637217639394646,5,0.01630998790520338,pre0_mod471_post0,tau_hydro_doy
9,650,21,rmse,standard,0.1911535114080258,5,0.021092256870664117,pre0_mod471_post0,tau_hydro_doy
9,650,21,rsq,standard,0.12463733567728658,5,0.05465468210023309,pre0_mod471_post0,tau_hydro_doy
9,650,25,mae,standard,0.16314435403336092,5,0.017072115988868465,pre0_mod472_post0,tau_hydro_doy
9,650,25,rmse,standard,0.190420115169215,5,0.021294304979958035,pre0_mod472_post0,tau_hydro_doy
9,650,25,rsq,standard,0.12834853564407903,5,0.05364535389039182,pre0_mod472_post0,tau_hydro_doy
9,850,3,mae,standard,0.1608137894729314,5,0.015335276053209472,pre0_mod473_post0,tau_hydro_doy
9,850,3,rmse,standard,0.19097771688328374,5,0.021832340623600278,pre0_mod473_post0,tau_hydro_doy
9,850,3,rsq,standard,0.1327487041797613,5,0.06576813304115338,pre0_mod473_post0,tau_hydro_doy
9,850,6,mae,standard,0.16112442680370226,5,0.01636780336588317,pre0_mod474_post0,tau_hydro_doy
9,850,6,rmse,standard,0.1910372143369758,5,0.022657506933767634,pre0_mod474_post0,tau_hydro_doy
9,850,6,rsq,standard,0.13497518721027874,5,0.07036147467440247,pre0_mod474_post0,tau_hydro_doy
9,850,9,mae,standard,0.1615759750979754,5,0.016179940248689524,pre0_mod475_post0,tau_hydro_doy
9,850,9,rmse,standard,0.19113605792352764,5,0.021946552303387042,pre0_mod475_post0,tau_hydro_doy
9,850,9,rsq,standard,0.13060775334583424,5,0.06757532714776544,pre0_mod475_post0,tau_hydro_doy
9,850,12,mae,standard,0.162111717131126,5,0.016443736709799487,pre0_mod476_post0,tau_hydro_doy
9,850,12,rmse,standard,0.19077086596753043,5,0.021534824270452814,pre0_mod476_post0,tau_hydro_doy
9,850,12,rsq,standard,0.13422445116099724,5,0.06149798152402579,pre0_mod476_post0,tau_hydro_doy
9,850,15,mae,standard,0.16277892683559275,5,0.016039371613580322,pre0_mod477_post0,tau_hydro_doy
9,850,15,rmse,standard,0.19055591981266898,5,0.02104653500996237,pre0_mod477_post0,tau_hydro_doy
9,850,15,rsq,standard,0.12944896136320147,5,0.05755777368828486,pre0_mod477_post0,tau_hydro_doy
9,850,18,mae,standard,0.16314106551918003,5,0.01616582353958631,pre0_mod478_post0,tau_hydro_doy
9,850,18,rmse,standard,0.1905649651002169,5,0.021087693192891638,pre0_mod478_post0,tau_hydro_doy
9,850,18,rsq,standard,0.12989961218583496,5,0.05329961634926248,pre0_mod478_post0,tau_hydro_doy
9,850,21,mae,standard,0.1632928741163985,5,0.017171063559435543,pre0_mod479_post0,tau_hydro_doy
9,850,21,rmse,standard,0.19037850660808495,5,0.021634036569320444,pre0_mod479_post0,tau_hydro_doy
9,850,21,rsq,standard,0.12976410250578413,5,0.055409082887923775,pre0_mod479_post0,tau_hydro_doy
9,850,25,mae,standard,0.16359707172705099,5,0.016775295952430005,pre0_mod480_post0,tau_hydro_doy
9,850,25,rmse,standard,0.19038202408965374,5,0.021244607085070612,pre0_mod480_post0,tau_hydro_doy
9,850,25,rsq,standard,0.12748751546250137,5,0.05157822711248425,pre0_mod480_post0,tau_hydro_doy
9,1050,3,mae,standard,0.1604487076662381,5,0.01582383118242672,pre0_mod481_post0,tau_hydro_doy
9,1050,3,rmse,standard,0.18997179082143575,5,0.022358522240883555,pre0_mod481_post0,tau_hydro_doy
9,1050,3,rsq,standard,0.14245731412230267,5,0.07144831420165886,pre0_mod481_post0,tau_hydro_doy
9,1050,6,mae,standard,0.1603575410720764,5,0.015925613309729234,pre0_mod482_post0,tau_hydro_doy
9,1050,6,rmse,standard,0.19023875234293325,5,0.022157558432844695,pre0_mod482_post0,tau_hydro_doy
9,1050,6,rsq,standard,0.13950719088448946,5,0.06856375902117345,pre0_mod482_post0,tau_hydro_doy
9,1050,9,mae,standard,0.160632320580719,5,0.01641017703984916,pre0_mod483_post0,tau_hydro_doy
9,1050,9,rmse,standard,0.19033316492352656,5,0.02203868441339271,pre0_mod483_post0,tau_hydro_doy
9,1050,9,rsq,standard,0.13815752697871275,5,0.06464278572767372,pre0_mod483_post0,tau_hydro_doy
9,1050,12,mae,standard,0.16199988991908928,5,0.015775642963816516,pre0_mod484_post0,tau_hydro_doy
9,1050,12,rmse,standard,0.19029582528624459,5,0.021008342168424628,pre0_mod484_post0,tau_hydro_doy
9,1050,12,rsq,standard,0.13491530753475958,5,0.05944165797302749,pre0_mod484_post0,tau_hydro_doy
9,1050,15,mae,standard,0.16186082037788954,5,0.0165188818155265,pre0_mod485_post0,tau_hydro_doy
9,1050,15,rmse,standard,0.189703572430396,5,0.021459522072043512,pre0_mod485_post0,tau_hydro_doy
9,1050,15,rsq,standard,0.13474759118084778,5,0.059313723934120745,pre0_mod485_post0,tau_hydro_doy
9,1050,18,mae,standard,0.1636892748205651,5,0.01646384949587568,pre0_mod486_post0,tau_hydro_doy
9,1050,18,rmse,standard,0.1911021113591231,5,0.021394020893979255,pre0_mod486_post0,tau_hydro_doy
9,1050,18,rsq,standard,0.12636075576910807,5,0.05745708514187309,pre0_mod486_post0,tau_hydro_doy
9,1050,21,mae,standard,0.16318460541189939,5,0.016557449018730536,pre0_mod487_post0,tau_hydro_doy
9,1050,21,rmse,standard,0.1906383081861596,5,0.02105678085904668,pre0_mod487_post0,tau_hydro_doy
9,1050,21,rsq,standard,0.1270582680543531,5,0.054311103693717264,pre0_mod487_post0,tau_hydro_doy
9,1050,25,mae,standard,0.16314354594380842,5,0.01681835379388825,pre0_mod488_post0,tau_hydro_doy
9,1050,25,rmse,standard,0.1903511917691342,5,0.02100855554387251,pre0_mod488_post0,tau_hydro_doy
9,1050,25,rsq,standard,0.1301497328677103,5,0.0514237313224352,pre0_mod488_post0,tau_hydro_doy
9,1250,3,mae,standard,0.16101677978726725,5,0.015618612839154332,pre0_mod489_post0,tau_hydro_doy
9,1250,3,rmse,standard,0.19076436907793573,5,0.022019108579339232,pre0_mod489_post0,tau_hydro_doy
9,1250,3,rsq,standard,0.13623363795542195,5,0.07066014430473268,pre0_mod489_post0,tau_hydro_doy
9,1250,6,mae,standard,0.16152379597102293,5,0.016637525817215136,pre0_mod490_post0,tau_hydro_doy
9,1250,6,rmse,standard,0.19139106178733972,5,0.022578298933987037,pre0_mod490_post0,tau_hydro_doy
9,1250,6,rsq,standard,0.13098335930866045,5,0.0690912647515556,pre0_mod490_post0,tau_hydro_doy
9,1250,9,mae,standard,0.1608607717244791,5,0.016418002764078652,pre0_mod491_post0,tau_hydro_doy
9,1250,9,rmse,standard,0.1902646238606569,5,0.02202926756042715,pre0_mod491_post0,tau_hydro_doy
9,1250,9,rsq,standard,0.13394556518576906,5,0.06505314246977884,pre0_mod491_post0,tau_hydro_doy
9,1250,12,mae,standard,0.1618275725860721,5,0.016121611309487187,pre0_mod492_post0,tau_hydro_doy
9,1250,12,rmse,standard,0.19070806312220498,5,0.021489404150637735,pre0_mod492_post0,tau_hydro_doy
9,1250,12,rsq,standard,0.13164576057853988,5,0.05965517089110187,pre0_mod492_post0,tau_hydro_doy
9,1250,15,mae,standard,0.16315865998709037,5,0.016096531894628868,pre0_mod493_post0,tau_hydro_doy
9,1250,15,rmse,standard,0.19128951657731938,5,0.02105918718254201,pre0_mod493_post0,tau_hydro_doy
9,1250,15,rsq,standard,0.12536388799355172,5,0.057159297535513534,pre0_mod493_post0,tau_hydro_doy
9,1250,18,mae,standard,0.16354842855718504,5,0.016468282321951973,pre0_mod494_post0,tau_hydro_doy
9,1250,18,rmse,standard,0.1910260651031897,5,0.021339508026268043,pre0_mod494_post0,tau_hydro_doy
9,1250,18,rsq,standard,0.1258990628311115,5,0.05655442074373645,pre0_mod494_post0,tau_hydro_doy
9,1250,21,mae,standard,0.16246458806557623,5,0.017041831030424736,pre0_mod495_post0,tau_hydro_doy
9,1250,21,rmse,standard,0.1901809113938931,5,0.02150222145292594,pre0_mod495_post0,tau_hydro_doy
9,1250,21,rsq,standard,0.1317107061373213,5,0.059392858942717563,pre0_mod495_post0,tau_hydro_doy
9,1250,25,mae,standard,0.1636538843806614,5,0.01686206878645252,pre0_mod496_post0,tau_hydro_doy
9,1250,25,rmse,standard,0.19056232634776005,5,0.021295384710762554,pre0_mod496_post0,tau_hydro_doy
9,1250,25,rsq,standard,0.12429486653232513,5,0.053258340510380815,pre0_mod496_post0,tau_hydro_doy
9,1450,3,mae,standard,0.16048388848360384,5,0.01586934803127897,pre0_mod497_post0,tau_hydro_doy
9,1450,3,rmse,standard,0.1905323999391572,5,0.02233379822036385,pre0_mod497_post0,tau_hydro_doy
9,1450,3,rsq,standard,0.13747444774290396,5,0.06935421832451352,pre0_mod497_post0,tau_hydro_doy
9,1450,6,mae,standard,0.1604877282514193,5,0.01652673347756979,pre0_mod498_post0,tau_hydro_doy
9,1450,6,rmse,standard,0.18969064847748573,5,0.022375441105831853,pre0_mod498_post0,tau_hydro_doy
9,1450,6,rsq,standard,0.14274116379422513,5,0.07106171784152221,pre0_mod498_post0,tau_hydro_doy
9,1450,9,mae,standard,0.1620628078513879,5,0.015918733581858757,pre0_mod499_post0,tau_hydro_doy
9,1450,9,rmse,standard,0.19095900429087875,5,0.021541154869135555,pre0_mod499_post0,tau_hydro_doy
9,1450,9,rsq,standard,0.13219137708056164,5,0.06325072302114611,pre0_mod499_post0,tau_hydro_doy
9,1450,12,mae,standard,0.16163696609965045,5,0.016337417631408637,pre0_mod500_post0,tau_hydro_doy
9,1450,12,rmse,standard,0.19050582568944613,5,0.02134851091860848,pre0_mod500_post0,tau_hydro_doy
9,1450,12,rsq,standard,0.13356284655213488,5,0.060018235369391784,pre0_mod500_post0,tau_hydro_doy
9,1450,15,mae,standard,0.16183115683919788,5,0.016590840395194633,pre0_mod501_post0,tau_hydro_doy
9,1450,15,rmse,standard,0.19032011817062508,5,0.0216547585596246,pre0_mod501_post0,tau_hydro_doy
9,1450,15,rsq,standard,0.13098659656325193,5,0.05876083934813067,pre0_mod501_post0,tau_hydro_doy
9,1450,18,mae,standard,0.16271861480732072,5,0.016490974967467466,pre0_mod502_post0,tau_hydro_doy
9,1450,18,rmse,standard,0.1906728397352968,5,0.021212601727950656,pre0_mod502_post0,tau_hydro_doy
9,1450,18,rsq,standard,0.1288777736332965,5,0.05628079758862195,pre0_mod502_post0,tau_hydro_doy
9,1450,21,mae,standard,0.16324166667405232,5,0.01667408628099893,pre0_mod503_post0,tau_hydro_doy
9,1450,21,rmse,standard,0.19039094893408667,5,0.021207691153287068,pre0_mod503_post0,tau_hydro_doy
9,1450,21,rsq,standard,0.12990492623610042,5,0.05402341457267198,pre0_mod503_post0,tau_hydro_doy
9,1450,25,mae,standard,0.16352953799482772,5,0.016777328240623505,pre0_mod504_post0,tau_hydro_doy
9,1450,25,rmse,standard,0.19088985134057437,5,0.02099103679220385,pre0_mod504_post0,tau_hydro_doy
9,1450,25,rsq,standard,0.1236868632290985,5,0.05002906924648774,pre0_mod504_post0,tau_hydro_doy
9,1650,3,mae,standard,0.1608658602669984,5,0.01601485355890242,pre0_mod505_post0,tau_hydro_doy
9,1650,3,rmse,standard,0.19060348347969475,5,0.022524323308752522,pre0_mod505_post0,tau_hydro_doy
9,1650,3,rsq,standard,0.1359001507069755,5,0.06872910197099714,pre0_mod505_post0,tau_hydro_doy
9,1650,6,mae,standard,0.160084207564331,5,0.016070243584824156,pre0_mod506_post0,tau_hydro_doy
9,1650,6,rmse,standard,0.1898243235318442,5,0.021877600412131437,pre0_mod506_post0,tau_hydro_doy
9,1650,6,rsq,standard,0.14003608400199552,5,0.06638942218337025,pre0_mod506_post0,tau_hydro_doy
9,1650,9,mae,standard,0.16151882002576032,5,0.016204387977268867,pre0_mod507_post0,tau_hydro_doy
9,1650,9,rmse,standard,0.19073790945748237,5,0.021963053853522804,pre0_mod507_post0,tau_hydro_doy
9,1650,9,rsq,standard,0.1323033105330362,5,0.06475703884815683,pre0_mod507_post0,tau_hydro_doy
9,1650,12,mae,standard,0.16160904071113324,5,0.016025142968147065,pre0_mod508_post0,tau_hydro_doy
9,1650,12,rmse,standard,0.19019529197268395,5,0.02132314509140889,pre0_mod508_post0,tau_hydro_doy
9,1650,12,rsq,standard,0.13344261941443566,5,0.060354198028732625,pre0_mod508_post0,tau_hydro_doy
9,1650,15,mae,standard,0.1622474358625347,5,0.016091380588313033,pre0_mod509_post0,tau_hydro_doy
9,1650,15,rmse,standard,0.19030141044401389,5,0.0210846473535195,pre0_mod509_post0,tau_hydro_doy
9,1650,15,rsq,standard,0.13303109391865206,5,0.05766845737074501,pre0_mod509_post0,tau_hydro_doy
9,1650,18,mae,standard,0.16263724367473384,5,0.016536010521924622,pre0_mod510_post0,tau_hydro_doy
9,1650,18,rmse,standard,0.19002360181148534,5,0.021315640498793892,pre0_mod510_post0,tau_hydro_doy
9,1650,18,rsq,standard,0.13463741133054294,5,0.05718958533825892,pre0_mod510_post0,tau_hydro_doy
9,1650,21,mae,standard,0.16323875219795864,5,0.017255474081209643,pre0_mod511_post0,tau_hydro_doy
9,1650,21,rmse,standard,0.1906489114196468,5,0.02173370927144239,pre0_mod511_post0,tau_hydro_doy
9,1650,21,rsq,standard,0.12864818037876963,5,0.05802995456889585,pre0_mod511_post0,tau_hydro_doy
9,1650,25,mae,standard,0.16430787880093475,5,0.016754606394381467,pre0_mod512_post0,tau_hydro_doy
9,1650,25,rmse,standard,0.1912394676368,5,0.021019356982926247,pre0_mod512_post0,tau_hydro_doy
9,1650,25,rsq,standard,0.12344076983536917,5,0.05240253222316152,pre0_mod512_post0,tau_hydro_doy
