gauge_id,tmax,tmin,tavg,srad_lw.w.m2.,srad_sw.w.m2.,wind_u.m.s.,wind_v.m.s.,wind.m.s.,rel_hum...,sm_lvl1.kg.m2.,sm_lvl2.kg.m2.,sm_lvl3.kg.m2.,sm_lvl4.kg.m2.,p,pet,aet,evap_canopy.mm.day.,evap_surface.mm.day.,tmax_djf,tmax_jjas,tmax_mam,tmax_on,tmin_djf,tmin_jjas,tmin_mam,tmin_on,tavg_djf,tavg_jjas,tavg_mam,tavg_on,p_djf,p_jjas,p_mam,p_on,pet_djf,pet_jjas,pet_mam,pet_on,aet_djf,aet_jjas,aet_mam,aet_on,evap_canopy.mm.day._djf,evap_canopy.mm.day._jjas,evap_canopy.mm.day._mam,evap_canopy.mm.day._on,evap_surface.mm.day._djf,evap_surface.mm.day._jjas,evap_surface.mm.day._mam,evap_surface.mm.day._on,spei3_drought_count,spei6_drought_count,spei12_drought_count,spei24_drought_count,spei3_drought_valid_n,spei6_drought_valid_n,spei12_drought_valid_n,spei24_drought_valid_n,spei3_drought_max_spell,spei6_drought_max_spell,spei12_drought_max_spell,spei24_drought_max_spell,spei3_drought_count_frac,spei6_drought_count_frac,spei12_drought_count_frac,spei24_drought_count_frac,urban_pct,Total_Dams_So_Far,Total_Volume_So_Far,num_dams,res_store_sum,total_storage,geol_porosity,geol_permeability,carb_rocks_frac,lai_mean,lai_min,lai_max,lai_diff,soil_depth,soil_conductivity_top,soil_conductivity_sub,soil_awc_top,soil_awc_sub,soil_awsc_min,soil_awsc_max,soil_awsc_major,sand_frac_top,sand_frac_sub,silt_frac_top,silt_frac_sub,clay_frac_top,clay_frac_sub,gravel_frac_top,gravel_frac_sub,bulkdens_top_major,bulkdense_top_mean,bulkdens_sub_mean,org_carb_top_major,org_carb_top_mean,org_carb_sub_major,org_carb_sub_mean,organic_frac_top,organic_frac_sub,cwc_lat,cwc_lon,elev_mean,elev_median,elev_min,elev_max,slope_mean,slope_median,slope_min,slope_max,cwc_area,dpsbar,sinuosity,tau_mean_dry_down_days,tau_hydro_doy,tau_Zero_Flow_Days_sum,CWC_RIVER,AI,region,Sample
13006,32.83150913642857,19.655917669285714,26.24365043261905,375.67367423571426,289.1811719952381,1.1440237560238096,-0.3962129536190476,2.191770593,50.70089682928572,12.590968437619047,75.69535574261904,184.80691856428572,548.7321519166667,1059.825238095238,1028.0811904761904,535.0345238095238,137.5859523809524,221.22,28.934884832142856,31.798600559756096,38.84802757146341,31.436637344634146,13.01550925452381,23.210033986341465,22.924448567804877,17.364482206585365,20.975106025238095,27.504250300487804,30.886283138536584,24.400443821707317,22.027380952380952,985.0775609756098,15.399512195121952,62.63292682926829,209.33142857142857,315.7970731707317,362.06,160.86219512195123,94.45761904761905,252.88536585365853,61.822682926829266,136.61463414634147,4.388809523809524,114.29707317073171,15.83,6.318780487804878,24.81357142857143,142.79926829268294,24.850731707317074,33.54682926829268,4.976190476190476,1.4523809523809523,1.6666666666666667,1.8571428571428572,11.166666666666666,11.166666666666666,11.166666666666666,11.166666666666666,3.1904761904761907,1.3095238095238095,1.6428571428571428,1.8333333333333333,0.444047619075,0.130059523775,0.151785714275,0.17291666665,0.16642857142857143,10.571428571428571,68.57142857142857,12,0,990567000,0.090844484,0.747252737,0,1.113,0.437,7.643,7.206,1.21517805,5.473944533,2.710056205,0.198376112,0.19550707,50,150,150,21,18,28,28,51,54,5,5,1.23,1.226820084,1.218410042,0.97,0.935020921,0.45,0.45,0.021407144,0.008261688,21.5131,76.7572,559.3646835,548,270,1163,8.612230327,5.651085854,0,102.0978165,6660,9.168334696,1.5259,NA,NA,-0.137049942,Tapi,0.558099985,Dry_sub_humid,Test
16014,31.904097947619046,21.45832433857143,26.681197019285715,390.5317999119048,283.53405109285717,0.07374828145238095,0.2940455705,1.6469033864285714,68.3943395252381,15.743662976,63.177098405476194,151.12568767857144,505.35023126666664,1216.6661904761904,1033.520238095238,751.332619047619,139.79333333333332,285.29809523809524,29.005336218809525,31.80461415487805,35.74216330853658,30.472850860243902,16.10420004261905,24.298602559756098,23.760522269512194,20.198276688292683,22.554784079047618,28.05148740487805,29.7513308597561,25.335697720243903,31.666190476190476,872.9095121951219,154.03170731707317,186.96121951219513,218.32095238095238,326.0292682926829,345.74853658536585,163.30439024390245,156.04857142857142,289.2512195121951,164.889756097561,155.6621951219512,5.273095238095238,94.68048780487806,32.834634146341465,10.286097560975609,30.958809523809524,159.05975609756098,64.82024390243903,36.66268292682927,3.761904761904762,1.880952380952381,1.880952380952381,1.6428571428571428,11.166666666666666,11.166666666666666,11.166666666666666,11.166666666666666,2.142857142857143,1.7142857142857142,1.5476190476190477,1.4285714285714286,0.33779761905,0.16964285715,0.16458333335,0.14970238095,0.5272142857142857,9,257.4095238095238,5,3875,419497000,0.026546536,0.724213673,0,1.371,0.278,3.83,3.552,2.827968431,14.50951278,4.814933324,0.251424951,0.268034709,100,150,150,81,69,7,8,12,23,10,10,1.56,1.512604502,1.408231511,0.53,0.570353698,0.26,0.302475884,0.02915351,0.011228187,18.3133,83.8842,410.0957798,337,-1,1614,16.47905634,8.029576302,0,160.7160492,9500,15.56368566,1.3419,NA,NA,-0.023228804,Nagavali,0.594200015,Dry_sub_humid,Test
12006,31.833833790238096,18.698179842619048,25.266029842380952,372.57748633333335,288.87575419285713,1.4406874445,-0.5590626125238095,2.5454735045714285,50.55806628571428,12.132531517095238,77.56679734142857,164.80144350238095,586.4283390761905,1100.969761904762,1018.6140476190476,482.7804761904762,136.1052380952381,189.33761904761906,27.098580587857143,31.56120151878049,37.675363202682924,30.41004798097561,10.937689465761904,23.399658136341465,21.65272799609756,16.23593762390244,19.018090865238094,27.48049380317073,29.6640721097561,23.32301079585366,46.98571428571429,1008.3436585365854,30.06609756097561,41.28121951219512,198.44166666666666,329.72951219512197,351.00463414634146,159.44243902439024,72.54642857142858,253.94682926829267,40.97170731707317,125.32121951219513,6.109047619047619,109.31048780487805,18.149268292682926,5.707073170731707,15.593571428571428,138.10756097560974,18.710975609756098,21.163170731707318,4.619047619047619,1.4761904761904763,1.7619047619047619,1.880952380952381,11.166666666666666,11.166666666666666,11.166666666666666,11.166666666666666,3.2142857142857144,1.3571428571428572,1.4523809523809523,1.7857142857142858,0.4086309524,0.1395833333,0.1601190476,0.17499999995,0.1376904761904762,0.7619047619047619,16.076190476190476,0,0,30045000,0.092479883,0.749200263,0,0.832,0.383,7.333,6.95,1.337744839,6.003487852,2.455860207,0.186564216,0.177294609,125,125,125,16,15,29,28,55,57,4,5,1.21,1.210384615,1.21,0.75,0.767307692,0.45,0.456923077,0.018660655,0.006856486,22.9278,79.3397,559.4917926,583,346,895,5.64418675,3.415314198,0,59.4763298,1508,6.912420267,1.5083,NA,NA,0.049941928,Narmada,0.643899977,Dry_sub_humid,Test
12020,32.368495800714285,18.81220253952381,25.590362221904762,377.7457270809524,291.93396179285713,1.273388234190476,-0.25808040635714286,2.4018408561904763,49.36570215047619,11.792292423166666,75.02991983714286,176.00653835,551.2808036333333,1050.3933333333334,978.3507142857143,586.2457142857143,130.08357142857142,209.7002380952381,27.704125939047618,31.953008796341464,38.06813096512195,31.363950419512197,11.225772557857143,23.355855657560976,21.697028102195123,16.555457816341463,19.46495679857143,27.654376248780487,29.882696183170733,23.95967213097561,28.065,987.0836585365854,19.01560975609756,41.16390243902439,193.62738095238095,309.7378048780488,339.59926829268295,154.5258536585366,115.95738095238094,237.46365853658537,110.0109756097561,134.2841463414634,4.0719047619047615,111.04780487804878,12.94829268292683,5.089024390243902,20.15809523809524,145.57463414634145,21.910975609756097,26.67951219512195,4.4523809523809526,1.6428571428571428,2.0238095238095237,1.5714285714285714,11.166666666666666,11.166666666666666,11.166666666666666,11.166666666666666,2.8333333333333335,1.4285714285714286,2.0238095238095237,1.5714285714285714,0.392559523775,0.1452380952,0.17708333335,0.138988095225,0.4266666666666667,114.80952380952381,13040.102380952381,54,0,0,0.112492015,0.738243545,0,0.963,0.034,8.943,8.909,8.801091889,8.698677197,3.676622096,0.195176609,0.191427525,25,150,125,16,15,29,28,55,57,4,5,1.21,1.239501953,1.217571429,0.75,0.949580078,0.45,0.440983073,0.018166419,0.007361269,21.8864,73.6544,439.4832859,397,9,1317,5.884934862,2.719727516,0,161.1884308,87892,6.155111609,1.5237,NA,NA,0,Narmada,0.57249999,Dry_sub_humid,Test
4028,33.22563917642857,22.555778409761906,27.890696905,412.2601706738095,283.29173147380953,0.032666577952380954,0.7833381040714286,2.4243629318809523,60.57662135452381,12.834641565523809,71.10018105095239,168.88024978809523,568.2028393928572,1066.5654761904761,1085.862380952381,639.6338095238095,129.23190476190476,258.9164285714286,30.467673853333334,32.929626149512195,37.55977200463415,31.234794081951218,18.07874187190476,24.73650939609756,24.79833775219512,21.379920032195123,24.27306688642857,28.833052778780488,31.179111876829268,26.307413034634145,24.52190476190476,840.0773170731708,86.06463414634146,141.31731707317073,228.65738095238095,352.58975609756095,361.2753658536585,164.24731707317073,132.66452380952381,278.42536585365855,88.45146341463415,152.45756097560977,4.2995238095238095,96.53975609756098,18.572439024390246,12.867317073170732,22.140238095238097,177.6860975609756,27.271951219512196,37.59317073170732,4.285714285714286,1.6666666666666667,2.0476190476190474,1.9761904761904763,11.166666666666666,11.166666666666666,11.166666666666666,11.166666666666666,2.9761904761904763,1.380952380952381,1.9047619047619047,1.7380952380952381,0.38333333334999997,0.1494047619,0.180654761875,0.17738095239999999,1.1919047619047618,3,76.5,1,0,78140000,0.031295775,0.723365913,0,1.047,0.431,2.331,1.899,1.543851053,18.05598913,6.316664983,0.238719,0.252084011,125,150,125,47,39,29,27,24,34,9,8,1.39,1.307833333,1.272,0.86,1.024333333,0.38,0.500833333,0.024691565,0.010066972,16.9181,80.3558,127.9996944,111,44,791,3.753917936,1.52037394,0,85.01596069,1850,2.549640311,1.1871,-0.104761905,0.110294118,0.253193961,Krishna,0.531700015,Dry_sub_humid,Test
3073,33.17015781047619,20.33564617357143,26.752909283333334,387.1549681452381,290.7080864595238,0.8003777857619048,-0.1315655452857143,2.3621716897857143,52.22423046428571,12.30859140102381,70.32468736261904,164.04537700476192,527.7614674571429,1043.050238095238,1056.2559523809523,582.7371428571429,141.9597619047619,234.52785714285713,30.03225717690476,32.04451619414634,38.78909862121951,31.436441423658536,14.423701446428572,23.362301079268292,23.318313891463415,18.451711315365852,22.227927868809523,27.703370651707317,31.053809650487803,24.94411035609756,21.298571428571428,924.8282926829269,39.4690243902439,82.37512195121951,221.19095238095238,331.40634146341466,357.88560975609755,166.14048780487803,101.01857142857143,264.72731707317075,86.36682926829268,142.37365853658537,4.133571428571429,109.39878048780488,22.551463414634146,9.237560975609757,22.812142857142856,151.15121951219513,31.904146341463417,33.82414634146341,4.428571428571429,1.5,1.7142857142857142,1.5952380952380953,11.166666666666666,11.166666666666666,11.166666666666666,11.166666666666666,2.5714285714285716,1.3095238095238095,1.5476190476190477,1.5714285714285714,0.393154761925,0.134226190425,0.154464285725,0.149999999975,0.7687380952380952,1012.6190476190476,31599.07380952381,702,0,46647080665,0.076415275,0.736692162,0,0.964,0.151,9.039,8.888,3.627062876,9.742901882,3.968127711,0.209120768,0.211048165,25,150,125,16,15,29,28,55,57,4,5,1.21,1.304661597,1.265220633,0.75,0.88390503,0.45,0.392079358,0.019460909,0.008718803,18.5872,80.3958,442.1184399,436,70,1528,4.016613144,1.968824387,0,156.9631348,268200,4.128463358,1.5659,NA,NA,0.059233449,Godavari,0.632000029,Dry_sub_humid,Test
17024,32.29017581238095,21.404730835238094,26.847451386190475,392.6743319404762,304.67088154761905,0.17323469345238096,-0.057573810619047615,3.3054545395714285,60.437763455,12.665490216619048,61.03540686642857,145.92288731904762,486.8544343666667,815.2366666666667,1084.2338095238094,698.6940476190476,164.8247619047619,280.1878571428571,29.872995476190475,32.51669932,35.8686903497561,29.933018792439025,18.157017242142857,22.83269492170732,23.080204135365854,20.85295081878049,24.015053307857144,27.674718113414635,29.474416754390244,25.392906837317074,59.77595238095238,395.29,125.71658536585366,252.88,239.90571428571428,363.8329268292683,338.6039024390244,162.48463414634145,152.56642857142856,270.8119512195122,140.1621951219512,148.47365853658536,8.241904761904761,93.00024390243902,42.36170731707317,25.04,44.91904761904762,126.48268292682927,53.62853658536585,60.89585365853659,4.190476190476191,1.6666666666666667,1.5952380952380953,1.380952380952381,11.166666666666666,11.166666666666666,11.166666666666666,11.166666666666666,2.5952380952380953,1.5952380952380953,1.5476190476190477,1.380952380952381,0.3830357143,0.153273809525,0.15,0.13125,2.6162857142857145,25.452380952380953,823.5404761904762,7,0,333259000,0.01290024,0.723022668,0,0.904,0.239,7.552,7.313,2.141004054,18.38121708,5.367096469,0.235089416,0.253366447,25,150,150,47,39,29,27,24,34,9,8,1.39,1.384129464,1.320489691,0.86,0.881875,0.38,0.335691964,0.025177383,0.009393274,11.8706,79.4594,573.0516643,526,41,1632,5.739579971,2.294164658,0,124.1236343,12900,5.63563857,1.4448,0.195402299,-0.118618619,-0.072009292,Ponnaiyar,0.562600017,Dry_sub_humid,Test
14008,33.04740407714286,20.918409137142856,26.98285610142857,382.17670951428573,303.1665432047619,1.4526705893333334,0.5699524120714285,2.5316394794761905,55.59376035690476,12.199112346714285,71.60299710547619,178.22324210714285,504.15202805238096,1239.5964285714285,1088.6366666666668,568.8504761904762,160.76142857142858,277.5469047619048,30.580865738809525,31.834994002682926,36.72631760414634,33.51754098390244,14.981256696666668,24.427093162682926,22.662306468536585,20.081055578292684,22.780964007857143,28.131027588780487,29.694276245365852,26.799172331707318,5.591666666666667,1203.081219512195,5.924634146341464,55.096585365853656,222.4904761904762,335.5956097560976,378.0580487804878,173.6180487804878,89.47904761904762,283.01658536585364,63.288536585365854,144.75829268292682,1.6338095238095238,150.56682926829268,4.824634146341463,7.617317073170732,39.42642857142857,165.02560975609757,26.564634146341465,52.3380487804878,4.928571428571429,1.4761904761904763,2.0952380952380953,1.880952380952381,11.166666666666666,11.166666666666666,11.166666666666666,11.166666666666666,3.2857142857142856,1.4047619047619047,2.0238095238095237,1.7857142857142858,0.43571428575,0.133630952375,0.192261904725,0.175,0.119,0,0,0,0,0,0.090000004,0.749894209,0,1.191,0.563,7.616,7.053,1.183303085,10.21459854,5.375852245,0.203497754,0.211013087,125,150,150,49,38,28,23,23,39,10,5,1.4,1.368225806,1.303709677,0.58,0.690806452,0.4,0.410322581,0.022830385,0.009190532,21.0156,73.1394,308.2101891,295,9,1440,9.688818712,5.855072021,0,128.8448486,1995,9.24112021,1.5071,NA,NA,0.227642276,Purna,0.912100017,Humid,Test
7009,31.840277864285714,19.94458533,25.892438993095237,385.4631173357143,281.5160689190476,0.6442648185714286,0.10998796092857142,1.833083954952381,62.59262762642857,15.381070436404762,65.63358767047619,172.60738604761906,534.7503468904762,1379.0730952380952,1007.5240476190477,684.2757142857142,134.63619047619048,261.0992857142857,27.33533827547619,32.23098760487805,36.781039235609754,30.106481407560977,12.740179495,24.25104158390244,22.31992311829268,18.34696121512195,20.037681972142856,28.24108356609756,29.550551430487804,24.22665733707317,39.36119047619047,1143.3943902439025,123.41439024390243,105.5790243902439,195.34857142857143,330.3721951219512,346.02390243902437,155.58853658536586,130.225,277.380243902439,148.59268292682927,141.59121951219512,3.7092857142857145,107.74341463414635,19.23829268292683,7.138536585365854,29.224285714285713,152.46365853658537,52.17439024390244,32.89243902439024,3.6904761904761907,1.6904761904761905,2,2.0714285714285716,11.166666666666666,11.166666666666666,11.166666666666666,11.166666666666666,2.357142857142857,1.5238095238095237,1.6666666666666667,1.9285714285714286,0.326488095225,0.15357142855,0.17916666665,0.188690476175,0.37897619047619047,28.166666666666668,7743.047619047619,17,0,6883802143,0.056427093,0.725216176,0,1.187,0.195,7.803,7.609,4.94888684,10.99895263,4.253329459,0.240351963,0.254163022,25,150,150,79,68,11,10,23,22,7,4,1.39,1.486168371,1.401640625,0.53,0.877608183,0.3,0.225263572,0.028035571,0.012716044,20.8897,86.0142,384.9126669,360,9,1174,7.985951366,3.869321108,0,167.9461365,33955,7.863350582,2.278,NA,NA,0,Brahmani,0.967700005,Humid,Test
3072,32.231517873095235,19.235195662380953,25.73334863904762,382.1404384214286,286.96908131190474,0.955956710452381,-0.3320589020952381,2.1306466495,51.68927695119048,13.370388254595237,76.69575977523809,178.53023292380954,561.3588959285714,1151.4645238095238,1019.777619047619,572.2890476190477,140.60666666666665,214.4795238095238,27.881646643333333,31.685773690487803,38.15636532341463,30.656385446097563,12.034097078333334,23.385725709268293,22.259371685609757,16.94124350292683,19.957800886666668,27.53571971219512,30.20793743317073,23.79883646512195,39.7402380952381,1053.5434146341463,31.168780487804877,54.12731707317073,206.83,323.58658536585364,348.57243902439023,160.61658536585367,103.60571428571428,253.67317073170733,88.24146341463414,138.2,5.246190476190476,113.88414634146342,18.093658536585366,6.684146341463414,19.83642857142857,147.57439024390243,25.61121951219512,26.204878048780486,4.357142857142857,1.5238095238095237,2,1.9761904761904763,11.166666666666666,11.166666666666666,11.166666666666666,11.166666666666666,2.738095238095238,1.3095238095238095,1.9523809523809523,1.9285714285714286,0.388988095175,0.134821428525,0.174999999975,0.183333333325,0.9366190476190476,114.14285714285714,3950.3166666666666,88,0,8873871100,0.045683363,0.732446331,0,1.086,0.258,7.773,7.515,2.7122133,5.904816566,2.544215792,0.193136605,0.188628166,25,150,125,16,15,29,28,55,57,4,5,1.21,1.263106181,1.217675393,0.75,0.90951664,0.45,0.337083994,0.019844708,0.007617778,20.7931,79.6483,468.3029417,441,172,1204,4.328535854,2.270793915,0,116.3840637,35520,4.890238699,3.2119,NA,NA,0,Godavari,0.7852,Humid,Test
3040,31.842012140714285,18.71204449595238,25.27699344595238,372.5664678595238,288.5688645571429,1.3139558551190476,-0.7018030545238095,2.5840769533809524,50.35128365642857,12.414288056214286,77.20330519,164.34651095714287,584.142323602381,1115.9216666666666,1001.0961904761905,538.7119047619047,141.7954761904762,197.15142857142857,27.122149833333335,31.559184326585367,37.68622216414634,30.411651338780487,10.969422616785714,23.395951619756097,21.669724284634146,16.253518592682926,19.045792862142857,27.47756297414634,29.6779056202439,23.332459016585364,47.36833333333333,1008.5075609756097,36.02634146341463,50.08170731707317,198.79595238095237,320.4631707317073,343.1687804878049,158.23658536585367,91.82619047619048,248.29,80.7319512195122,128.76341463414633,5.510952380952381,112.87560975609756,20.368536585365852,6.364390243902439,15.959999999999999,143.2539024390244,20.56609756097561,21.79073170731707,4.357142857142857,1.619047619047619,1.9523809523809523,1.9523809523809523,11.166666666666666,11.166666666666666,11.166666666666666,11.166666666666666,2.8095238095238093,1.4285714285714286,1.9523809523809523,1.9047619047619047,0.386904761875,0.1431547619,0.170833333325,0.173809523825,0.39576190476190476,6.166666666666667,535.2690476190477,6,0,2328444000,0.100046621,0.749108874,0,0.856,0.342,7.127,6.785,1.802849741,6.589595868,2.670101024,0.191409419,0.184475753,25,125,125,16,15,29,28,55,57,4,5,1.21,1.213302752,1.21,0.75,0.761926606,0.45,0.441743119,0.019469641,0.007678467,22.3819,79.9,611.5832207,605,430,1028,4.253159706,2.451529264,0,59.14565659,2970,4.900251163,2.473,-0.273684211,-0.01,0.018583043,Godavari,0.75819999,Humid,Test
8028,32.41720201214286,19.633607174761906,26.025381592380953,389.8593186976191,284.3935759428571,1.1500480755238096,0.36301597335714286,2.407117289904762,56.76894464261905,12.390764585285714,66.94851658880953,178.07700559047618,564.5813529190476,1135.3959523809524,1045.582380952381,562.8633333333333,123.51380952380953,287.30357142857144,27.921496689285714,32.300627748536584,38.055217391219514,30.62883246682927,12.486050982142856,23.80368852414634,22.370021208292684,17.68062774902439,20.203752724761905,28.052093163658537,30.212613998536586,24.15475809707317,23.797619047619047,1042.989268292683,39.53536585365853,56.18585365853659,213.75452380952382,333.7763414634146,351.4921951219512,166.84780487804878,102.57190476190476,236.07731707317075,96.38121951219512,139.05951219512195,3.4569047619047617,98.71365853658537,17.131219512195123,7.140243902439025,29.062857142857144,184.40536585365854,53.59463414634146,26.539268292682927,4.238095238095238,1.9285714285714286,2.0476190476190474,1.5238095238095237,11.166666666666666,11.166666666666666,11.166666666666666,11.166666666666666,2.4047619047619047,1.6904761904761905,2.0238095238095237,1.5238095238095237,0.377380952425,0.1702380952,0.179166666625,0.140773809475,4.126214285714286,6,21.2,1,0,12090000,0.18989128,0.704703853,0,0.887,0.199,7.154,6.956,1.465555912,12.7370578,4.789413672,0.198212557,0.198835753,50,150,150,79,68,11,10,10,22,7,4,1.59,1.506428571,1.389642857,0.53,0.6275,0.3,0.318571429,0.016139219,0.00693534,21.3411,81.5939,309.0935805,306,258,448,1.208421165,1.01552999,0,13.90891266,2511,1.488961645,1.4903,0.614035088,-0.352631579,0.504065041,Mahanadi,0.76700002,Humid,Test
7015,31.50991855190476,19.143981319285714,25.326905346904763,368.1212774952381,287.0781982547619,0.9518893610714286,-0.26657166614285716,2.046291131857143,60.14869330357143,14.907443256380953,65.56181842095238,171.3649928404762,535.8354959095238,1276.0588095238095,962.9169047619048,634.6983333333334,139.12190476190477,258.3178571428571,26.366102636904763,32.14588364658537,36.830204135853656,29.659360255609755,11.351679401357142,23.99405837682927,21.53462884390244,17.307696921219513,18.85885000952381,28.06993002780488,29.18241251292683,23.483430627560978,42.2747619047619,1095.4868292682927,82.61146341463414,85.77804878048781,185.1238095238095,318.6980487804878,328.69658536585365,149.3690243902439,121.16428571428571,259.25048780487805,131.9939024390244,134.81487804878049,3.8647619047619046,115.25780487804877,17.46439024390244,5.83390243902439,30.65,145.53926829268292,55.75829268292683,31.923170731707316,3.619047619047619,2.0952380952380953,1.9285714285714286,2.4285714285714284,11.166666666666666,11.166666666666666,11.166666666666666,11.166666666666666,2.1666666666666665,1.9047619047619047,1.7857142857142858,2.357142857142857,0.32113095235,0.1883928571,0.16875,0.22142857145,0.026952380952380953,2.0238095238095237,17.064285714285713,1,0,312508000,0.031077853,0.723558212,0,1.079,0.407,7.803,7.396,1.548962149,6.716984318,2.56675269,0.242705428,0.254143752,25,150,150,43,0,34,0,23,0,26,0,1.39,1.484017094,1.45,1.4,0.991025641,0,0.141025641,0.030499275,0.013322481,22.6233,84.4175,732.6605717,746,376,1110,9.142374656,5.472046375,0,84.95570374,3160,8.557204316,2.363,-0.034632035,-0.26,-0.098722416,Brahmani,0.895099998,Humid,Test
15006,29.788410698809525,19.417471815238095,24.602916081904763,406.6275868619048,287.0997300047619,0.8263028195,0.3239445615238095,1.3260975357142857,75.94245231619048,23.34029012247619,78.89689629428571,211.7353069047619,630.6919479571428,3894.932142857143,1187.8959523809524,1114.8192857142858,276.26666666666665,356.69666666666666,30.493724205952383,27.115581768536586,32.92752120878049,29.27357457,16.689618562380954,20.417882846341463,20.8636664897561,19.28359056390244,23.591602328333334,23.76669732097561,26.89566542902439,24.278496601463416,16.38642857142857,3493.2912195121953,216.84,263.0131707317073,288.8254761904762,387.3395121951219,339.1619512195122,194.49756097560976,262.49785714285713,385.5863414634146,297.0280487804878,190.49536585365854,4.411666666666667,228.44024390243902,22.62780487804878,27.417560975609756,106.16952380952381,93.81731707317073,72.67073170731707,90.14951219512196,4.690476190476191,1.380952380952381,1.5238095238095237,1.8571428571428572,11.166666666666666,11.166666666666666,11.166666666666666,11.166666666666666,3.2857142857142856,1.3095238095238095,1.4761904761904763,1.8095238095238095,0.418154761875,0.12232142855,0.133333333325,0.1625,0.060142857142857144,1,0,0,0,883470000,0.019767442,0.72362177,0,3.153,1.408,4.666,3.258,1.308333333,10.8246365,3.433766605,0.267026733,0.286773619,50,150,50,47,36,30,27,23,37,35,19,1.4,1.3975,1.305,1.13,1.095,0.41,0.4025,0.053388696,0.024361573,13.5214,74.88,317.8739792,163,17,1149,16.80584481,9.194081306,0,192.7683258,253,41.825305,1.3213,0.256410256,-0.038461538,0.32055749100000003,Seetha,3.182600021,Humid,Test
3047,31.775692766190478,20.780947210238097,26.278293408333333,380.0282813857143,286.6456138095238,0.8146319489761905,-0.0717772515952381,2.4513688687619046,61.07706730809524,14.274902922357143,63.658816980714285,173.6927754309524,559.0451120333333,1408.855238095238,990.8785714285714,618.5219047619048,151.2452380952381,301.98738095238093,28.722387018095237,31.339600160243904,36.36445122048781,30.08760095902439,15.154800470952381,23.66427429,23.345522268292683,19.44170731682927,21.938556097380953,27.501937224146342,29.854984093902438,24.764538184146343,17.566904761904762,1243.898536585366,96.91048780487804,84.41317073170731,210.04666666666668,302.0529268292683,336.55219512195123,161.27146341463416,118.22119047619047,235.30243902439025,132.51146341463414,144.68926829268293,3.8716666666666666,113.60195121951219,28.454146341463414,8.911951219512195,35.4547619047619,159.68780487804878,78.02414634146342,35.321463414634145,4.0476190476190474,1.9285714285714286,1.9761904761904763,2.3333333333333335,11.166666666666666,11.166666666666666,11.166666666666666,11.166666666666666,2.5714285714285716,1.7857142857142858,1.8095238095238095,2.2142857142857144,0.36874999995,0.17291666665,0.172916666625,0.20863095239999999,0.08378571428571428,1,72.9,0,0,29820000,0.059087925,0.727720766,0,1.005,0.404,2.2,1.796,1.235634959,12.44982911,4.216971963,0.227862195,0.234266143,150,150,150,79,68,11,10,10,22,7,4,1.59,1.541724138,1.421034483,0.53,0.609655172,0.3,0.319310345,0.02236233,0.009122186,19.2772,82.2333,617.5735212,610,549,929,3.362185956,2.458771706,0,65.47418976,1635,2.686543824,1.8809,NA,NA,0.078977933,Godavari,0.9005,Humid,Test
6006,31.509046580714287,19.91695833857143,25.71296070452381,384.2656431357143,281.0276622047619,0.8312714148095238,0.09379711930952381,2.0545834091190476,61.34227554857143,15.432799012833334,71.591854845,180.24678529761906,553.50572305,1275.479761904762,990.4402380952381,667.2542857142857,137.53452380952382,242.87952380952382,26.446318276190475,32.3656257497561,36.33622746560975,29.849948020731706,12.274360288809524,24.59585765634146,22.17445121902439,18.42782087170732,19.360254532142857,28.480695721463416,29.255373807317074,24.138848460731708,35.67142857142857,1043.9953658536585,133.77317073170732,92.2790243902439,189.9752380952381,332.7207317073171,337.40268292682924,149.86512195121952,122.27166666666666,271.64487804878047,152.76707317073172,133.8629268292683,3.5907142857142857,107.5490243902439,22.317073170731707,7.3446341463414635,22.355238095238096,154.32073170731707,43.09756097560975,28.484634146341463,3.880952380952381,1.7619047619047619,1.9285714285714286,2.142857142857143,11.166666666666666,11.166666666666666,11.166666666666666,11.166666666666666,2.3095238095238093,1.5238095238095237,1.7857142857142858,1.9285714285714286,0.346130952325,0.16071428575,0.1702380952,0.19791666665,1.3308095238095239,18.476190476190474,1860.9071428571428,11,825,4200865200,0.02056409,0.72462843,0,1.099,0.286,7.837,7.551,1.553218575,10.57679397,4.416060493,0.239677983,0.252672702,25,150,25,43,0,34,0,23,0,26,0,1.39,1.353027888,1.265959596,1.4,1.085318725,0,0.239003984,0.02591168,0.012704938,22.5806,86.4683,341.5416948,286,60,1043,6.940591765,3.244438887,0,108.0313492,14176,7.682009262,1.639,NA,NA,0,Subarnarekha,0.807600021,Humid,Test
12038,32.07510118190476,18.889044329761905,25.482048551428573,371.97913679761905,286.2594242380952,0.9009595645714286,-0.3618582949761905,1.864796898142857,55.92479497428572,15.92969233,77.33167334071429,191.8343743547619,551.4573079904762,1178.06,1014.8964285714286,568.7276190476191,166.4359523809524,207.5757142857143,27.163091005714286,32.067107156829266,37.85292417780488,30.480739704390245,11.219859761571428,23.604500200487806,21.659864792682928,16.55025989585366,19.191371352619047,27.835801679512194,29.75643160219512,23.51550979585366,46.93214285714286,1068.009512195122,35.28585365853659,55.4209756097561,201.11666666666667,324.5909756097561,351.2590243902439,157.7780487804878,103.32166666666667,261.50634146341463,76.40487804878049,138.8460975609756,7.391666666666667,136.3639024390244,20.881463414634148,5.678048780487805,25.941190476190474,123.38414634146342,33.09170731707317,29.58878048780488,4.309523809523809,1.5,1.5238095238095237,1.4761904761904763,11.166666666666666,11.166666666666666,11.166666666666666,11.166666666666666,2.7142857142857144,1.4047619047619047,1.4761904761904763,1.4761904761904763,0.38511904755,0.131249999975,0.133333333325,0.12916666667499999,0.028714285714285713,4,16.7,0,0,5345000,0.093011696,0.737955126,0,1.316,0.454,2.752,2.298,1.165021713,4.896498361,1.831536157,0.208701105,0.205534423,25,125,125,16,15,29,28,55,57,4,5,1.21,1.297428571,1.21,0.75,1.065714286,0.45,0.231428571,0.024902737,0.00867011,22.7658,80.6233,694.2966547,678,450,1009,8.371609979,5.597340107,0,70.115448,3919,8.18004853,1.8969,NA,-0.018181818,-0.105691057,Narmada,0.887600005,Humid,Test
6001,31.605985674285716,20.112124004761906,25.859077119285715,386.3348323642857,280.94478038333335,0.8310521230952381,0.34675413892857143,1.9802710835714286,61.93305430380953,15.920575741738094,72.99309617690476,180.6285773404762,552.2773000357142,1366.5980952380953,991.9602380952381,668.5469047619048,137.75285714285715,236.51619047619047,26.724247138571428,32.32821471390244,36.45022004219512,29.91614954097561,12.59352267547619,24.66580967682927,22.407012195365855,18.626341464146343,19.658936590714287,28.496941223414634,29.42876723219512,24.271223510487804,38.51380952380952,1102.0792682926829,157.69926829268292,100.69804878048781,191.10833333333332,331.9146341463415,337.76682926829267,150.70341463414636,122.24380952380952,271.2112195121951,153.7912195121951,134.6251219512195,3.8235714285714284,106.22902439024391,23.199024390243903,7.76780487804878,20.996904761904762,151.50317073170731,40.48073170731708,28.791951219512196,3.7142857142857144,1.8333333333333333,1.8333333333333333,1.7857142857142858,11.166666666666666,11.166666666666666,11.166666666666666,11.166666666666666,2.2857142857142856,1.6428571428571428,1.6428571428571428,1.7619047619047619,0.333035714225,0.16339285715,0.16041666667499999,0.156250000025,0.8288095238095238,8.738095238095237,286.3809523809524,4,35615.83,1589671200,0.020189689,0.723495983,0,1.167,0.292,7.837,7.545,1.454307769,10.33265054,4.254280563,0.24369841,0.257580179,25,150,125,16,15,29,28,23,57,4,5,1.39,1.3148,1.234296296,0.75,1.053733333,0.45,0.257244444,0.026031613,0.012832558,22.7914,86.1736,313.1047824,281,115,956,7.090540275,3.040747881,0,90.76850891,6309,7.351005952,1.7645,NA,NA,0,Subarnarekha,0.806900024,Humid,Test
7005,32.236798578333335,20.691935355714286,26.46441030095238,378.36467010714284,279.75362343809525,0.8643320373571428,0.25597985576190474,1.9652503451428571,65.06843136214286,17.208549380190476,69.35413115619048,179.27566526190475,554.7903455238095,1378.4769047619047,1004.9507142857143,715.6304761904762,145.18142857142857,243.0192857142857,28.03314906452381,32.561161535365855,36.90330858951219,30.595613754390243,13.793069079285715,24.710353858536585,23.016731177317073,19.281755297560977,20.91313579642857,28.63584966097561,29.96005037097561,24.93867653,44.22547619047619,1067.5443902439024,184.10634146341462,115.14341463414634,194.215,330.08878048780485,345.15609756097564,155.26487804878047,135.37428571428572,287.79634146341465,163.50487804878048,143.10756097560974,4.4661904761904765,110.33146341463414,25.476341463414634,8.339512195121952,29.039285714285715,130.7021951219512,52.503414634146345,35.99341463414634,3.6904761904761907,1.8333333333333333,1.880952380952381,1.9285714285714286,11.166666666666666,11.166666666666666,11.166666666666666,11.166666666666666,2.3333333333333335,1.619047619047619,1.6428571428571428,1.7380952380952381,0.32797619055,0.16041666667499999,0.164583333325,0.17023809525,0.07080952380952381,0,0,0,0,0,0.053229381,0.733160885,0,1.264,0.391,2.333,1.941,1.136956522,9.053048998,3.332194361,0.250299069,0.262276132,25,150,150,44,35,33,24,23,41,11,26,1.39,1.39,1.29,0.99,1.191746032,0.38,0.193015873,0.032376611,0.0179445,22.0658,85.6733,590.9151799,573,375,1116,10.35021428,7.101201534,0,96.0451355,1710,9.848994858,1.6406,NA,NA,0,Baitarni,0.906099975,Humid,Test
8030,32.643890565,20.060838935714287,26.352370522857143,387.9506539,283.3658330404762,1.0809083709761904,0.09866387992857142,2.1746942687857143,56.971234609999996,13.882623171690476,67.30913350380952,171.1006088,528.3350491690476,1154.385238095238,1005.8430952380952,574.5976190476191,136.8097619047619,271.115,28.081661657857143,32.641933227073174,38.251301696829266,30.75193922414634,13.023524461190476,24.08279888097561,22.740683986829268,18.33554978,20.55258309,28.362445021463415,30.49592523804878,24.543694521463415,23.63,1063.6231707317074,41.569756097560976,53.14170731707317,203.77809523809523,325.52365853658534,335.67951219512196,160.42439024390245,104.25428571428571,247.58073170731709,95.54414634146342,138.69024390243902,4.051428571428572,108.45365853658537,20.156341463414634,7.3863414634146345,27.520714285714284,170.77,49.40439024390244,29.36121951219512,4.214285714285714,1.6904761904761905,1.7619047619047619,2.0238095238095237,11.166666666666666,11.166666666666666,11.166666666666666,11.166666666666666,2.4285714285714284,1.2857142857142858,1.6428571428571428,2,0.375892857125,0.14940476185,0.154166666625,0.17857142855,0.6189523809523809,14.738095238095237,130.66666666666666,0,0,124542000,0.039322033,0.719793789,0,1.097,0.457,7.728,7.271,1.3461006,8.92543094,3.762592262,0.202776257,0.198204952,50,150,150,47,39,29,27,24,34,9,8,1.39,1.452975207,1.367603306,0.86,0.755371901,0.38,0.354545455,0.019139072,0.006524539,21.6517,82.5172,346.942471,320,220,863,4.38343879,2.530055046,0,97.96865082,2920,3.717777835,1.3433,0.205882353,-0.222222222,0.081300813,Mahanadi,0.709999979,Humid,Test
15023,29.35113204904762,19.810769523333335,24.580912564761906,404.7572994880952,287.75090492857146,0.8114913956666666,0.36471128845238093,1.185193560047619,78.34212588571428,29.35429180904762,82.33792763642857,214.2998075761905,581.3009757142858,1899.0978571428573,1353.6228571428571,1217.2457142857143,303.8614285714286,342.3092857142857,29.846600625,27.179580168536585,32.071012725609755,28.758120751707317,17.661316856666666,20.412351058536586,21.17768823,19.731883246585365,23.753985015238094,23.79589164414634,26.624387592682925,24.244842063170733,22.480714285714285,1520.6539024390245,192.5131707317073,209.22121951219512,294.21690476190474,505.77390243902437,370.40804878048783,209.06317073170732,249.7757142857143,509.49,274.4880487804878,207.08878048780488,10.94404761904762,210.64829268292684,49.39585365853659,40.017560975609754,119.24714285714286,78.77731707317074,74.69951219512195,75.02585365853659,3.9047619047619047,1.9285714285714286,1.9285714285714286,1.7857142857142858,11.166666666666666,11.166666666666666,11.166666666666666,11.166666666666666,2.6904761904761907,1.8333333333333333,1.8095238095238095,1.7857142857142858,0.356547619,0.1708333333,0.168749999975,0.15625,0.048285714285714286,1,70.5,0,0,97500000,0.01,0.722769797,0,3.598,1.23,4.926,3.696,1.184292379,9.85939175,2.881106272,0.276804889,0.297067503,50,150,50,47,36,30,27,23,37,35,19,1.4,1.398787879,1.312424242,1.13,1.080606061,0.41,0.406060606,0.056601774,0.021175322,11.9814,75.5875,488.1095486,429,9,1584,19.94248391,14.22367096,0,142.3772736,1070,39.43025856,2.5965,NA,NA,-0.019744483,Valapatnam,2.656300068,Humid,Test
8006,32.332934515714285,19.608700196904763,25.970887222380952,385.51008181190474,285.2945483357143,0.9389421129761905,-0.024172209904761904,2.026337530547619,56.38108845690476,13.330901587190477,65.16415520142857,169.60554377619047,515.8699244928572,1163.979761904762,1015.6502380952381,596.1940476190476,134.33690476190478,280.4761904761905,27.609955619761905,32.39735705707317,37.94576617195122,30.55586965195122,12.31988444,23.92421831195122,22.31026776219512,17.624766092682925,19.965080788809523,28.160811675609757,30.128014315609757,24.090463814634145,29.226904761904763,1068.8697560975609,39.32780487804878,54.23219512195122,204.42380952380952,327.8780487804878,341.69268292682926,161.44170731707317,112.90904761904761,248.79463414634145,105.69365853658536,140.58414634146342,4.135714285714286,108.72756097560976,17.91512195121951,6.734146341463415,31.548333333333332,173.4409756097561,51.40682926829268,30.151463414634147,4,1.619047619047619,1.5952380952380953,1.8095238095238095,11.166666666666666,11.166666666666666,11.166666666666666,11.166666666666666,2.3333333333333335,1.4761904761904763,1.380952380952381,1.5952380952380953,0.351488095225,0.1431547619,0.1395833333,0.168749999975,1.249047619047619,230.0952380952381,7181.802380952381,101,15153.921,7745704470,0.122850602,0.714319409,0,1.088,0.144,7.728,7.584,2.432178023,9.471602055,3.668087128,0.202258075,0.20219413,25,150,150,79,68,11,10,10,22,7,4,1.59,1.521967054,1.412274907,0.53,0.673938953,0.3,0.286443798,0.019349102,0.007628329,21.7267,82.7881,379.9291056,333,199,1139,4.092633213,1.923137784,0,138.608902,57780,4.324717682,1.575,NA,NA,0,Mahanadi,0.727500021,Humid,Test
8011,32.35603426833333,19.558791820238095,25.95740424285714,386.7713861595238,285.33975418809524,0.9915066190952381,-0.009282617666666666,2.1261487301190476,55.61222343547619,13.019676316428571,65.57545027261905,168.08238886904763,526.688685245238,1121.9564285714287,1023.3330952380952,587.1157142857143,129.63880952380953,279.27761904761905,27.651739924285714,32.339092363414636,38.03388918292683,30.61844862097561,12.24658533452381,23.8954278297561,22.31659066878049,17.47265893707317,19.949173485238095,28.117241103414635,30.175267762682928,24.045497800731706,31.10690476190476,1026.1934146341464,38.03268292682927,53.22951219512195,205.51761904761904,330.9878048780488,344.4419512195122,162.33243902439025,112.75809523809524,243.05146341463416,103.15341463414634,139.72243902439024,4.150714285714286,104.49878048780488,17.335121951219513,6.714878048780488,29.781190476190478,178.15634146341463,48.31951219512195,29.105853658536585,4.0476190476190474,1.6666666666666667,1.4047619047619047,1.7619047619047619,11.166666666666666,11.166666666666666,11.166666666666666,11.166666666666666,2.2857142857142856,1.4761904761904763,1.2857142857142858,1.6666666666666667,0.3571428571,0.147321428525,0.1229166666,0.163095238075,1.6907619047619047,148.57142857142858,2235.7809523809524,37,0,1465565470,0.136232456,0.714283541,0,1.036,0.173,7.635,7.463,2.437830156,9.360726061,3.615750662,0.200457488,0.198397227,25,150,150,79,68,11,10,10,22,7,4,1.59,1.510114723,1.40157672,0.53,0.684674952,0.3,0.284493308,0.018229657,0.007081269,21.7158,82.3472,352.6636621,314,216,1139,3.401795323,1.52037394,0,106.1707458,29645,3.694579047,1.601,-0.051282051,-0.054945055,0.342624855,Mahanadi,0.725499988,Humid,Test
15020,29.582632321666665,19.93681810738095,24.759735570238096,398.23708518095236,304.3056884,1.2931017932857143,0.2975891641190476,3.1891957080952382,68.67955733047619,16.785957780714288,59.39667473833333,143.37510088333335,465.52390176190477,948.5714285714286,1155.1495238095238,915.6190476190476,183.3007142857143,374.19690476190476,28.736144092857142,28.817245101463413,32.256656945121954,28.236749300243904,17.89179925309524,20.624924030487804,21.17877783682927,19.739688124634146,23.313926704285713,24.72108556585366,26.71775185609756,23.98828868414634,58.396904761904764,497.3953658536585,145.28,269.21073170731705,283.7888095238095,369.5229268292683,339.3319512195122,183.75853658536585,218.31142857142856,317.18560975609756,225.9280487804878,171.20146341463413,12.185,102.99878048780488,43.75365853658536,28.53682926829268,89.63357142857143,124.68146341463415,95.0509756097561,71.77146341463414,4.595238095238095,1.4047619047619047,1.3333333333333333,1.1904761904761905,11.166666666666666,11.166666666666666,11.166666666666666,11.166666666666666,3.3333333333333335,1.3571428571428572,1.2619047619047619,1.1904761904761905,0.416071428575,0.127976190475,0.121130952375,0.114583333325,3.1281666666666665,7,429.7,6,0,582030000,0.010056124,0.72277469,0,1.322,0.252,9.192,8.941,1.24655069,17.72323654,5.90633321,0.244542238,0.263366727,125,150,150,44,35,33,24,23,41,11,26,1.39,1.375483871,1.300967742,0.99,1.146344086,0.38,0.485698925,0.034995773,0.011735842,10.7611,76.4861,409.500358,305,34,2504,10.66386458,3.341631413,0,314.53570559999997,2775,17.85669607,1.5247,0.043478261,-0.115942029,0.082462253,Bharathapuzha,1.538100004,Humid,Test
16007,32.32066861714286,21.427327249761905,26.873991112142857,391.04139417619047,285.0178083904762,0.2653555789047619,0.20331557828571428,1.3267540156666666,66.34149464809524,16.843431673285714,63.00345191190476,157.76985411666666,469.01851342857145,1326.5897619047619,1024.1416666666667,801.1733333333333,150.00857142857143,284.3854761904762,29.202196522619047,32.26908636560976,36.366789502439026,30.795949620243903,15.73058618,24.48613154707317,23.81752385926829,20.093686525365854,22.466379312619047,28.37761895292683,30.09207847268293,25.44492602926829,37.497142857142855,929.8160975609755,181.2529268292683,209.4648780487805,213.08928571428572,330.04439024390246,337.59317073170735,163.19658536585365,164.5157142857143,304.14975609756095,190.50658536585365,157.52951219512195,4.935476190476191,105.05609756097562,34.104878048780485,9.45048780487805,32.62547619047619,153.75317073170731,65.27756097560976,38.86975609756097,3.857142857142857,2.1904761904761907,2.0952380952380953,1.619047619047619,11.166666666666666,11.166666666666666,11.166666666666666,11.166666666666666,2.142857142857143,2,1.9285714285714286,1.5714285714285714,0.34494047615,0.193154761875,0.183333333325,0.1416666666,0.11423809523809524,2.5952380952380953,197.9047619047619,4,0,228410000,0.028226861,0.724360462,0,1.692,0.548,4.372,3.823,1.529192296,13.60834329,4.407588779,0.257474882,0.272726154,50,150,150,81,69,7,8,12,23,10,10,1.56,1.557664234,1.438248175,0.53,0.536861314,0.26,0.262335766,0.034646052,0.015146816,18.8483,83.8731,468.2018139,443,50,1507,19.53706214,15.23878384,0,162.2540588,7820,14.41280606,1.6,NA,NA,0.015098722,Vamsadhara,0.811200023,Humid,Test
8016,32.300750774523806,20.44148648642857,26.371092859285714,388.63651789761906,285.49467003809525,0.764312284452381,0.06334219014285714,1.837388447452381,58.774380016904765,14.556109074261904,67.27620419619048,171.69333363095237,529.6541197619048,1331.1338095238095,1008.9728571428572,645.5254761904762,149.20595238095237,283.0521428571429,28.70679760309524,31.999048380731708,37.31995493121951,30.48150339878049,14.20692832857143,23.82647341097561,23.060591198292684,18.916073570731708,21.456869229285715,27.912700918780487,30.19023859926829,24.698812474634146,23.702380952380953,1181.3073170731707,82.53439024390244,75.47829268292683,209.12785714285715,320.0668292682927,337.09317073170735,162.19341463414634,122.5047619047619,260.37,130.22878048780487,145.17853658536586,4.0823809523809524,109.77317073170732,30.364146341463414,8.525853658536585,27.658809523809524,172.92707317073172,56.348536585365856,32.34682926829268,4.023809523809524,1.8333333333333333,2.0714285714285716,2.261904761904762,11.166666666666666,11.142857142857142,11.166666666666666,11.166666666666666,2.3095238095238093,1.6428571428571428,1.8571428571428572,2.1666666666666665,0.361607142775,0.1607954545,0.181249999975,0.20535714285,0.22085714285714286,16.904761904761905,180.9452380952381,12,0,2758657000,0.044440564,0.721331964,0,1.208,0.394,7.635,7.241,1.587365591,13.27950339,4.955182601,0.23074167,0.240272369,150,150,150,47,39,29,27,24,34,9,8,1.39,1.462205882,1.374068627,0.86,0.73625,0.38,0.34627451,0.022096232,0.007778522,20.2039,83.2231,372.3421657,296,166,1096,7.953628601,2.700042963,0,180.815567,11960,7.809003928,1.4766,NA,NA,-0.052264808,Mahanadi,0.787,Humid,Test
15019,31.40270370357143,22.51616684595238,26.95939161952381,407.2105951452381,292.38281886904764,0.9679629557142857,-0.4013708562857143,1.4291434446904763,79.9866782404762,32.80150713619047,85.20989810904761,214.00773166190476,508.2570601666667,1725.7130952380953,1280.0795238095238,1227.0533333333333,350.6004761904762,456.62380952380954,30.91113344452381,30.798106757317072,33.36173382804878,30.30757297073171,21.053072411428573,22.925501798780488,23.592794273170732,22.242355057317074,25.982077911190476,26.861769292439025,28.47722958609756,26.27490603707317,111.70738095238096,895.800487804878,298.7319512195122,458.8392682926829,294.59714285714284,443.8173170731707,363.5021951219512,202.1990243902439,277.57,440.51878048780486,332.0570731707317,200.06560975609756,30.337619047619047,170.50146341463415,110.02682926829269,47.545853658536586,140.48738095238096,141.26,124.07634146341464,58.51073170731707,3.619047619047619,1.9285714285714286,1.9761904761904763,2.119047619047619,11.166666666666666,11.166666666666666,11.166666666666666,11.166666666666666,2.619047619047619,1.880952380952381,1.9523809523809523,2.0952380952380953,0.329166666575,0.168749999975,0.172916666675,0.18541666665,0.0435952380952381,3,133.6,9,1187.82,967473000,0.01,0.722769797,0,3.733,1.132,4.773,3.642,1.8443519,7.762972333,2.746472417,0.285189213,0.298968692,25,150,50,47,36,30,27,23,37,35,19,1.4,1.396315789,1.304259259,1.13,1.112982456,0.41,0.385789474,0.051804671,0.017244378,9.3325,76.6631,545.7645844,418,-5,1916,25.43830007,22.45913887,0,198.2795868,1713,27.64684646,1.5008,0.057142857,-0.319047619,0.334494774,Pampa,1.791900039,Humid,Test
7014,31.79491032714286,19.711431554285713,25.753163504761904,383.0921980904762,282.3668361547619,0.6976894639761905,0.034066385428571426,1.8703596650714285,61.53045896166667,15.354112264619047,66.05058839238096,173.52033637857141,535.8052256547619,1353.5216666666668,1006.8214285714286,684.912619047619,134.38761904761904,258.25214285714287,27.10721919857143,32.20012794926829,36.955811240975606,29.96387045195122,12.320000908809524,24.167141143902438,22.113785791219513,18.05281887195122,19.713551593571427,28.183720511219512,29.53469512195122,24.00838064707317,40.00142857142857,1135.7621951219512,114.29975609756097,95.49536585365854,194.60738095238096,331.2812195121951,344.99048780487806,155.75243902439024,129.40047619047618,279.609756097561,147.6021951219512,141.84926829268292,3.675952380952381,108.58243902439024,18.44439024390244,6.872926829268293,29.116904761904763,151.4939024390244,50.52829268292683,32.70170731707317,3.619047619047619,1.7857142857142858,1.8095238095238095,2.0952380952380953,11.166666666666666,11.166666666666666,11.166666666666666,11.166666666666666,2.142857142857143,1.5714285714285714,1.5238095238095237,2,0.3202380952,0.161904761825,0.16041666665,0.19226190475,0.3330952380952381,24.238095238095237,7543.7904761904765,9,0,6729841143,0.043977413,0.724130653,0,1.18,0.245,7.803,7.558,3.811098176,9.946585676,3.938628501,0.239743391,0.253672107,25,150,150,79,68,11,10,23,22,7,4,1.39,1.472226345,1.390524862,0.53,0.92289424900000006,0.3,0.218729128,0.028370218,0.013096562,20.95,85.25,428.0896631,413,23,1174,8.191727831,4.153025627,0,167.9461365,29750,8.270238624,2.0286,NA,NA,0,Brahmani,0.795300007,Humid,Test
4004,31.412035285238094,19.90005926,25.656066695714287,387.8521528857143,306.5067618666667,1.0703524404285714,0.19339231845238095,3.4287584840238097,56.563263510238095,11.463576703714285,62.54433836166667,138.18654682619047,478.17282335476193,758.5604761904762,1069.3311904761904,614.3854761904762,164.78690476190476,209.70690476190475,30.702169830952382,29.45680527780488,35.620347297073174,29.92385046,16.514202855476192,21.216363454390244,21.872865853658535,19.279384246341465,23.608135635,25.33661335512195,28.746585365609757,24.60175529804878,11.428571428571429,522.959756097561,96.54243902439025,145.85243902439024,248.1759523809524,335.7417073170732,335.2380487804878,170.20365853658538,107.22404761904762,260.6982926829268,115.80926829268293,143.02365853658537,4.446190476190476,106.22170731707317,38.76073170731707,19.269024390243903,25.80857142857143,100.27780487804878,36.877560975609754,51.22829268292683,4.666666666666667,1.5714285714285714,1.8571428571428572,2.0714285714285716,11.166666666666666,11.166666666666666,11.166666666666666,11.166666666666666,2.9285714285714284,1.4285714285714286,1.8333333333333333,2.0238095238095237,0.423809523775,0.141964285675,0.17142857145,0.19166666667499999,0.7823809523809524,313.2142857142857,10559.104761904762,57,2793939.716,8972450545,0.015892988,0.723402709,0,0.837,0.161,8.069,7.908,2.764856111,20.32526208,6.886243648,0.228549104,0.244806958,25,150,150,47,39,29,27,24,34,9,8,1.39,1.330994599,1.283245125,0.86,0.871169409,0.38,0.418172521,0.02492548,0.012383281,15.8833,77.9572,599.9275566,596,269,1903,4.075193371,1.941541433,0,136.8544464,67180,4.980705774,1.6069,0.333333333,0.098039216,0.31126597,Krishna,0.328200012,Semi_arid,Test
4064,32.72099497928571,19.939959378809522,26.33048269952381,383.27269188571427,302.8580084166667,1.2684258668571429,-0.11006954335714286,3.2076262513809524,49.78679122142857,9.497342918357143,64.48398545642857,140.65533423095238,521.7168480857143,704.187619047619,1017.5269047619047,526.8821428571429,138.0652380952381,192.63285714285715,31.115870516428572,30.766629348536586,37.64534729560975,31.463138744634147,15.360959151190476,22.11295881585366,22.253703605121952,18.83824070390244,23.238367832619048,26.43984406292683,29.94950954414634,25.150691722682925,8.637619047619047,566.4436585365854,38.88780487804878,107.18317073170732,220.84666666666666,322.00439024390244,331.7451219512195,162.3619512195122,82.28952380952381,255.06439024390244,72.50219512195122,127.86975609756098,2.3154761904761907,101.89268292682927,24.3690243902439,12.799024390243902,16.632380952380952,116.03268292682927,25.10292682926829,39.157560975609755,4.9523809523809526,1.619047619047619,2.0714285714285716,1.6904761904761905,11.166666666666666,11.166666666666666,11.166666666666666,11.166666666666666,3.261904761904762,1.4761904761904763,1.880952380952381,1.6904761904761905,0.44523809525,0.144642857125,0.188690476175,0.15833333335,1.0760714285714286,406.1904761904762,10232.054761904761,271,0,15119340993,0.088357802,0.744940095,0,0.598,0.187,9.08,8.893,1.876226096,11.68365999,4.171596729,0.216012753,0.222849106,25,150,125,16,15,29,28,55,57,4,5,1.21,1.25141838,1.243399142,0.75,0.927620646,0.45,0.464792279,0.019529034,0.009488287,16.7375,77.1253,566.3953658,547,349,1472,3.86207183,1.968824387,0,200.589035,69863,5.043147354,1.8287,0.625806452,-0.339015152,0.569105691,Krishna,0.360300004,Semi_arid,Test
5005,31.249624368095237,20.070871071190478,25.66021143238095,388.1009686071429,306.14126709761905,0.35824138285714285,-0.16329754561904763,3.3270877054761905,60.27295173571429,13.294638491071428,56.79982605119048,133.93221925238095,449.06868190714283,810.4745238095238,1076.3128571428572,706.7935714285715,158.82285714285715,293.1328571428571,29.44993761952381,30.791483406341463,34.964374336341464,29.11232307073171,17.080802266190478,21.190915634390244,21.79149522804878,19.67696121585366,23.265331558095237,25.99118552609756,28.377820784390245,24.39469012390244,35.44619047619047,384.5241463414634,160.35585365853657,249.05146341463416,242.82333333333332,352.7648780487805,338.12243902439025,162.93121951219513,141.56738095238094,276.7965853658537,152.03780487804877,150.1778048780488,7.968095238095239,82.82146341463415,48.10243902439024,23.610243902439024,43.639047619047616,120.94560975609757,70.46951219512195,64.16390243902438,4.428571428571429,1.5714285714285714,1.5476190476190477,1.4047619047619047,11.166666666666666,11.166666666666666,11.166666666666666,11.166666666666666,3,1.5,1.5476190476190477,1.4047619047619047,0.4038690476,0.146428571425,0.145833333325,0.13333333335,0.4478333333333333,3,30.8,2,633,17947002.38,0.01,0.722769797,0,1.152,0.525,4.15,3.625,1.097127937,13.32363886,4.36157644,0.246926207,0.262389307,25,150,150,47,39,29,27,24,34,9,8,1.39,1.376415094,1.316666667,0.86,1.02490566,0.38,0.263396226,0.028809358,0.011350395,12.1208,77.7856,737.2729117,786,259,1381,11.30062593,5.507674217,0,115.2704773,1636,13.79010814,1.9564,0.22875817,-0.239766082,0.334494774,Cauvery,0.46360001,Semi_arid,Test
4016,29.883933066666668,19.35004819547619,24.61700238190476,384.8864718595238,300.17094678095236,1.003103527309524,0.2749213191190476,2.129789434761905,68.04992704595239,19.9586965325,70.71301967666666,169.4398710309524,500.7148010833333,1700.4514285714286,1207.347380952381,919.9790476190476,239.06214285714287,289.5566666666667,30.45396574904762,27.237135146341462,33.19358695634146,29.253734505853657,16.561559779285716,20.388826470487803,20.84210233195122,19.15962415,23.507721078095237,23.81296081512195,27.01792948097561,24.206701319268294,14.768809523809525,1380.3841463414635,147.0409756097561,199.37170731707317,275.5804761904762,399.0507317073171,363.88170731707316,191.56048780487805,185.0297619047619,380.0375609756098,190.3909756097561,182.44634146341463,7.79,161.14707317073172,48.25560975609756,27.510243902439026,64.98214285714286,105.05,58.48439024390244,66.51756097560975,4.214285714285714,1.8095238095238095,1.9523809523809523,1.8571428571428572,11.166666666666666,11.166666666666666,11.166666666666666,11.166666666666666,2.642857142857143,1.6904761904761905,1.8571428571428572,1.7142857142857142,0.3821428572,0.16279761909999999,0.17529761905,0.1654761905,0.5915,8.69047619047619,2133.907142857143,7,0,2417244116,0.01,0.722769797,0,1.888,0.386,8.069,7.683,1.227828054,11.59437163,3.766083569,0.257144755,0.276399705,50,150,150,49,38,28,23,23,39,10,5,1.4,1.399919679,1.310160643,0.58,0.834056225,0.4,0.404417671,0.037820552,0.016345349,14.2372,75.6625,753.4276854,697,540,1867,10.79385915,7.12869215,0,136.8544464,7075,12.11844455,1.7727,NA,NA,0.008130081,Krishna,0.409399986,Semi_arid,Test
4007,33.57089868119048,21.694159593809523,27.632523679761906,394.1005695857143,293.1566308357143,0.24867498580952382,0.33002180804761905,3.141832704761905,54.37145602904762,10.332233822642857,64.30689117142857,147.94155219761905,522.3642372142857,797.0926190476191,1033.449761904762,559.2783333333333,129.8190476190476,237.98238095238096,30.953445833809525,32.62643542585366,38.765074231219515,31.362167132926828,16.87914711404762,23.86196921219512,24.555715800731708,20.07842862878049,23.916179895,28.2443242697561,31.660344644878048,25.720283886829268,17.313809523809525,605.6470731707317,64.64463414634146,128.5060975609756,223.36333333333334,332.2092682926829,336.64682926829266,160.98853658536586,96.745,255.78926829268292,80.16878048780488,137.85658536585365,3.3214285714285716,92.18048780487806,25.014634146341464,12.387804878048781,19.68857142857143,154.53463414634146,30.52390243902439,38.559512195121954,4.571428571428571,1.5238095238095237,1.8571428571428572,2.0714285714285716,11.166666666666666,11.166666666666666,11.166666666666666,11.166666666666666,2.6904761904761907,1.380952380952381,1.7380952380952381,2,0.41398809525,0.136309523825,0.165476190475,0.1916666667,3.9540952380952383,100.95238095238095,1066.3833333333332,2,621,502355200,0.018372011,0.724665265,0,0.745,0.306,1.547,1.241,1.650211155,18.22836223,6.366689814,0.215834474,0.227148136,125,150,150,47,39,29,27,24,34,9,8,1.39,1.382919897,1.325142119,0.86,0.864702842,0.38,0.385684755,0.019719107,0.009596736,16.7392,79.6697,430.9974174,459,56,726,2.190881339,1.707657099,0,89.92459106,11501,3.938601549,1.5074,-0.242424242,0.091666667,0.278745645,Krishna,0.391400009,Semi_arid,Test
13017,33.23223928071429,19.806970869285713,26.519581770238094,381.35421483809523,295.63681561666664,1.3778288358809523,-0.3946588613095238,2.6602255693809522,48.119255828571426,10.297854727285713,69.63037128,158.0709464357143,533.1883457404762,799.2197619047619,1060.5188095238095,514.0621428571428,122.91190476190476,207.55119047619047,29.902060059761904,31.92987604926829,38.91327147317073,32.05247900878049,13.543199416428571,23.106373451463416,22.84076617219512,17.834162335365853,21.72263325690476,27.51811675292683,30.87696712585366,24.94323070707317,15.507619047619047,722.6473170731707,15.883902439024391,64.29585365853659,218.5497619047619,328.7619512195122,368.710243902439,165.03268292682927,81.58190476190477,256.48121951219514,54.71756097560976,131.829756097561,3.145,101.94341463414634,13.46439024390244,7.280243902439024,18.725,144.22682926829268,19.39121951219512,29.813658536585365,4.761904761904762,1.4761904761904763,1.7619047619047619,1.5476190476190477,11.166666666666666,11.166666666666666,11.166666666666666,11.166666666666666,3.142857142857143,1.2619047619047619,1.6428571428571428,1.5,0.423214285725,0.138095238075,0.1616071429,0.14583333335,0.8345238095238096,152.8095238095238,2744.8380952380953,221,0,4716739600,0.115589234,0.747822964,0,0.82,0.196,8.944,8.748,7.931731735,8.104975689,4.092109009,0.20358284,0.203306947,50,150,125,16,15,29,28,55,57,4,5,1.21,1.226117193,1.222569221,0.75,0.869529942,0.45,0.45469414,0.016355136,0.007428402,21.1481,75.2408,418.4960819,359,130,1556,5.276920547,1.968824387,0,164.6210938,48136,5.961166499,1.4095,NA,NA,-0.046457607,Tapi,0.368900001,Semi_arid,Test
17019,31.42605859809524,22.07512755404762,26.750568037142855,380.30892202380954,307.5815866309524,0.5475683659047619,0.1380445053095238,2.0988323260714288,71.77327518,22.893549270714285,65.9968916497619,149.9475463,451.24378832857144,847.3969047619048,1082.2521428571429,994.875,230.83642857142857,379.87095238095236,30.253176157142857,31.34157337073171,33.582322375609756,30.00235505804878,20.22363723904762,22.806575370487806,23.14898197292683,21.74734106365854,25.23833656,27.07404238292683,28.365646871707316,25.87487405,84.14190476190475,285.49439024390244,178.81243902439024,317.5641463414634,255.03714285714287,366.44,310.73,170.2209756097561,233.0552380952381,349.1858536585366,264.61756097560976,166.59731707317073,26.50595238095238,95.77243902439024,70.80585365853659,42.735853658536584,115.48595238095238,92.81317073170732,122.78243902439024,55.23780487804878,3.8333333333333335,1.5238095238095237,1.380952380952381,1.2380952380952381,11.166666666666666,11.071428571428571,11.119047619047619,11.142857142857142,2.5476190476190474,1.3095238095238095,1.1666666666666667,1.1428571428571428,0.34732142855,0.140238095225,0.12499999995,0.11041666665,1.451690476190476,6,10.4,4,0,18506430,0.022208982,0.721529168,0,1.491,0.448,4.788,4.34,1.25647349,13.14560965,4.327786283,0.259658908,0.274905246,25,150,150,47,39,29,27,24,34,9,8,1.39,1.39,1.327857143,0.86,1.065208333,0.38,0.389375,0.048542291,0.016633469,10.0011,77.485,693.1156624,462,285,2650,19.86151914,4.906683922,0,337.8467407,1200,25.72080308,1.2388,-0.259770115,-0.076612903,0.209059233,Vaigai,0.409399986,Semi_arid,Test
9001,34.34322296928571,22.729917849523808,28.536571359761904,404.4997333714286,297.58619841666666,0.2798871722857143,0.2697830039761905,3.171710185952381,52.26904451547619,9.757046666333334,64.03322211095238,141.19531981904763,459.18893596904763,731.7945238095239,1075.1035714285715,574.3278571428572,141.55619047619047,197.96142857142857,31.73721695738095,34.07938624512195,38.869716330243904,31.802191123658535,18.510553289761905,24.59593562487805,25.101707316341464,21.609548180975608,25.123904830476192,29.3377009197561,31.98565747585366,26.705889644390243,16.31904761904762,498.60317073170734,69.07243902439025,165.25048780487805,238.75857142857143,348.94243902439024,345.2448780487805,162.55634146341464,111.89761904761905,247.99682926829269,90.0180487804878,135.6941463414634,3.046904761904762,99.16975609756098,27.180975609756096,15.536829268292683,14.230714285714285,126.69609756097562,21.136341463414634,40.37951219512195,4.5,1.4285714285714286,1.6904761904761905,1.380952380952381,11.166666666666666,11.166666666666666,11.166666666666666,11.166666666666666,2.642857142857143,1.3333333333333333,1.6904761904761905,1.380952380952381,0.40625000005,0.127976190425,0.1523809524,0.131249999975,0.692952380952381,14.261904761904763,365.0809523809524,1,199,409294162,0.179585453,0.70572638,0,0.792,0.156,2.074,1.918,14.67643012,20.12205808,7.049604108,0.205798559,0.215566428,25,150,125,16,15,29,28,55,57,4,5,1.21,1.276512456,1.220461538,0.75,0.979608541,0.45,0.317651246,0.030850859,0.016635516,14.7172,78.6686,289.3874684,247,135,912,4.68649953,1.333456159,0,108.5986862,8758,4.451493495,1.6705,-0.125356125,-0.189655172,0.042973287,Pennar,0.345499992,Semi_arid,Test
4018,33.20632948547619,20.893489935714285,27.049902213809524,390.31409371666666,295.79816254285714,0.2564305977857143,0.2054431792142857,3.084045480452381,50.58777864547619,11.490372909761904,70.48932185738096,151.34529787142858,507.9982029809524,819.2166666666667,1052.2630952380953,566.8007142857143,155.97880952380953,226.1757142857143,30.902362622142856,31.8679748097561,38.60190349878049,31.039708116341462,16.473553610238096,22.592421031707318,23.993637328536586,19.26307876902439,23.687911843809523,27.23015993609756,31.29772534487805,25.151563374634147,11.131904761904762,655.560975609756,62.216829268292685,110.01634146341463,231.02833333333334,328.590487804878,348.10024390243905,164.5741463414634,93.2057142857143,258.66317073170734,82.74512195121952,143.7378048780488,3.6357142857142857,110.37365853658537,32.522439024390245,13.162682926829268,14.568809523809524,152.57390243902438,25.600975609756098,38.59317073170732,4.642857142857143,1.5476190476190477,1.619047619047619,1.3333333333333333,11.166666666666666,11.166666666666666,11.166666666666666,11.166666666666666,2.857142857142857,1.4761904761904763,1.5476190476190477,1.2857142857142858,0.416071428625,0.136904761925,0.146130952375,0.12708333335,0.9289047619047619,9.30952380952381,107.83571428571429,1,0,75781100,0.030587857,0.727237218,0,0.694,0.395,1.466,1.07,1.470071159,12.91277103,4.143441955,0.210635377,0.216964714,125,150,125,16,15,29,28,55,57,4,5,1.21,1.216268657,1.213134328,0.75,0.818955224,0.45,0.45,0.016784797,0.010348981,17.2544,77.4628,545.2601973,546,422,726,2.753996364,2.150133371,0,31.26663208,1920,4.718289673,1.2834,0.4,-0.221343874,-0.206736353,Krishna,0.437700003,Semi_arid,Test
9011,32.168515864285716,20.864441827857142,26.516424323809524,389.4168538119048,305.33056757619045,0.3272580392380952,0.07925467378571428,3.7321451880714287,53.40142409309524,9.733190209904762,57.74572607214286,133.76158591666666,435.71182435714286,601.4040476190477,1019.2783333333333,524.1064285714285,152.32666666666665,218.4952380952381,30.18741509095238,31.494254298292685,36.50672057243902,29.801303478780486,17.205568799285714,22.32495002,23.04097561,20.043462614634148,23.696465070714286,26.90947621,29.773854719024392,24.922303079024392,18.312619047619048,352.5480487804878,79.78073170731707,164.98439024390242,230.22452380952382,334.5719512195122,317.2163414634146,156.51073170731706,91.53595238095238,226.03268292682927,87.76219512195122,129.3260975609756,4.59047619047619,96.19487804878048,37.23609756097561,17.908536585365855,24.8,109.38390243902438,36.6090243902439,52.42658536585366,4.833333333333333,1.2619047619047619,1.0952380952380953,1.380952380952381,11.166666666666666,11.166666666666666,11.166666666666666,11.166666666666666,3.142857142857143,1.1904761904761905,1.0238095238095237,1.2619047619047619,0.434226190475,0.11488095235,0.106249999975,0.13125,0.5438095238095239,92.5952380952381,561.5380952380953,0,0,82321462,0.011907197,0.722965149,0,0.607,0.25,1.494,1.243,1.237083333,22.9715103,7.463824579,0.225276676,0.244120658,150,150,150,47,39,29,27,24,34,9,8,1.39,1.390049505,1.3299,0.86,0.863960396,0.38,0.376336634,0.028698843,0.016473619,14.5978,78.0133,553.3518925,540,257,1220,6.309262964,2.872352362,0,81.7096405,6262,5.700759813,1.4161,0.16,-0.173015873,0.098722416,Pennar,0.2588,Semi_arid,Test
4013,30.26618045238095,19.38631730952381,24.82625480547619,385.73517059761906,303.97117298095236,1.163099501547619,0.2898818581666667,2.7016143960238095,64.19476443976191,16.330438824142856,68.23717801738096,160.76482879761903,514.6872651023809,1263.0633333333333,1141.3445238095237,780.6678571428571,208.99571428571429,268.18857142857144,30.53440484952381,27.74637345097561,33.82059384902439,29.45499800097561,16.380805984761906,20.567724909756098,20.972155355121952,19.087576969268294,23.457610743095238,24.157107157317075,27.396309649268293,24.271327468780488,12.298571428571428,973.6660975609756,128.52756097560976,179.07756097560974,264.05571428571426,361.9548780487805,353.88463414634145,182.84658536585366,149.71238095238095,322.599756097561,156.74365853658537,167.00121951219512,6.042857142857143,139.4360975609756,44.36829268292683,24.098536585365853,47.27761904761905,116.59463414634146,48.72609756097561,60.97829268292683,4.166666666666667,1.6666666666666667,2.119047619047619,1.9285714285714286,11.166666666666666,11.166666666666666,11.166666666666666,11.166666666666666,2.5476190476190474,1.4285714285714286,2.0714285714285716,1.7857142857142858,0.37648809525,0.1502976191,0.189880952375,0.179166666625,0.9027619047619048,26.976190476190474,2342.5666666666666,15,0,2495028616,0.011096204,0.723058989,0,1.409,0.338,8.069,7.731,1.606636966,12.71882132,4.290598709,0.247566618,0.265903031,50,150,150,47,38,28,27,23,39,10,5,1.4,1.382540984,1.307540984,0.58,0.798565574,0.4,0.400942623,0.02943562,0.013112244,14.8306,75.6744,691.9411655,653,508,1867,7.374620808,3.602800131,0,136.8544464,14582,8.741570022,1.7784,-0.044117647,-0.301470588,0.267131243,Krishna,0.379299998,Semi_arid,Test
5027,29.711864356904762,18.622443535714286,24.167161537380952,382.3478067214286,308.8549619142857,0.6471401526190477,0.06268338383333333,3.2746016245952383,57.72002914,12.055557081666667,58.59233098833334,139.1115735952381,489.92580020238097,809.0404761904762,1046.2390476190476,634.7735714285715,175.72095238095238,271.36857142857144,28.695239012619048,28.406045581463413,33.490121952195125,28.010199919756097,15.734818557857142,19.67276089609756,20.28020413682927,18.304058377073172,22.215094132142855,24.039386245365854,26.885159067560977,23.15714114292683,16.48785714285714,452.0921951219512,162.14512195121952,197.6458536585366,246.55642857142857,323.40292682926827,330.159512195122,165.62463414634146,115.87285714285714,250.42146341463413,135.12682926829268,146.00853658536585,7.838095238095238,93.05024390243902,55.61195121951219,23.315365853658538,37.16452380952381,109.91512195121952,66.58975609756098,63.41146341463415,4.166666666666667,1.8333333333333333,2.1666666666666665,1.9761904761904763,11.166666666666666,11.166666666666666,11.166666666666666,11.166666666666666,2.619047619047619,1.7142857142857142,2.0952380952380953,1.9285714285714286,0.37946428565,0.16190476195,0.197023809475,0.1833333333,1.4282380952380953,173.38095238095238,1774.4809523809524,15,0,212890914.6,0.01,0.722769797,0,0.816,0.386,1.554,1.168,1.432841933,22.24705714,6.215535698,0.229436702,0.253431613,25,150,150,47,39,29,27,24,34,9,8,1.39,1.390296296,1.329391635,0.86,0.865703704,0.38,0.370740741,0.019805039,0.009436808,12.4167,77.1925,786.1069655,799,584,1323,3.260854189,2.414991856,0,113.7457657,7890,3.775569787,1.5797,0.086956522,-0.33201581,0.181184669,Cauvery,0.413500011,Semi_arid,Test
17007,31.668596123333334,22.61934947095238,27.143949320714285,406.03648425238094,303.3355363404762,0.22091703814285715,-0.16794969961904763,2.2580786727380953,63.633567649285716,13.756983615380953,63.758448,155.68961848809525,531.1761315309524,845.4659523809523,1089.9092857142857,780.9711904761905,164.72357142857143,307.18690476190477,30.700076708333334,31.58979808097561,33.52619830243903,30.38994402195122,20.966730899285714,23.25006197512195,23.63205461390244,22.280839663902437,25.83337528547619,27.41990403902439,28.579077412682928,26.335449820243902,110.26476190476191,247.90463414634146,162.2880487804878,342.940243902439,252.73595238095237,373.0990243902439,319.5292682926829,164.9639024390244,188.4842857142857,275.2468292682927,187.61951219512196,144.07146341463414,19.045,61.638536585365856,51.068536585365855,36.52463414634146,89.36142857142858,73.11121951219512,88.05853658536586,61.968536585365854,4.261904761904762,1.3333333333333333,1.7857142857142858,1.5238095238095237,11.166666666666666,11.071428571428571,11.166666666666666,11.166666666666666,2.4523809523809526,1.2857142857142858,1.7857142857142858,1.5238095238095237,0.387797619025,0.1282738095,0.16666666665,0.14375,2.849142857142857,6.357142857142857,83.72857142857143,0,0,33724237.05,0.01005378,0.722774486,0,0.883,0.313,8.034,7.721,1.443334781,17.9559249,6.177842763,0.233990373,0.251443321,25,150,125,16,15,29,28,55,57,4,5,1.21,1.31828125,1.280598291,0.75,0.758671875,0.45,0.373828125,0.042604636,0.015712023,9.3239,77.9903,214.5326674,133,47,1987,7.372350693,1.147082329,0,221.4508209,3721,5.338756644,1.2276,-0.241830065,-0.273846154,0.18466899,VVaigai,0.381599993,Semi_arid,Test
5025,33.86672167547619,23.10530274357143,28.486024260476192,395.01732884523807,304.6388174095238,0.1207001654047619,-0.13832140678571428,2.3477981932380954,59.67070016976191,14.010142962809525,59.4905210202381,140.27931599761905,460.7690407309524,856.880238095238,1098.5664285714286,734.265,176.7904761904762,300.8228571428571,31.039303329761903,34.789496201707315,37.0367868502439,31.369636145609757,19.98130399809524,24.616371451463415,24.55813096512195,22.565665734146343,25.510376038095238,29.70295681804878,30.79745493097561,26.96756497390244,58.26880952380952,401.21731707317076,151.80121951219513,265.0712195121951,244.75166666666667,367.8619512195122,341.8960975609756,164.88146341463414,157.4490476190476,286.2124390243902,149.9848780487805,154.68731707317073,8.387619047619047,101.30073170731707,47.65780487804878,23.55170731707317,41.676904761904765,142.77975609756098,58.53048780487805,64.15634146341463,3.642857142857143,1.6904761904761905,1.8333333333333333,1.5714285714285714,11.166666666666666,11.166666666666666,11.166666666666666,11.166666666666666,2.4285714285714284,1.5952380952380953,1.8095238095238095,1.5476190476190477,0.3336309524,0.150892857125,0.166369047625,0.147916666675,0.5494285714285714,0,0,1,0,8460000,0.01,0.722769797,0,1.349,0.635,4.783,4.149,1.063084112,13.16261292,4.134222191,0.250484463,0.259269013,25,150,25,43,0,29,0,23,0,9,0,1.39,1.39,1.33,0.86,1.13,0,0.19,0.032095907,0.010806285,11.9383,78.0572,584.328943,491,331,1627,16.39734743,9.207609177,0,117.4895172,362,15.23138203,1.953,NA,0.022222222,0.265969803,Cauvery,0.476399988,Semi_arid,Test
4012,33.65244942166667,21.965543611904764,27.809063404761904,398.92980934285714,293.79256469523807,0.2821230084047619,0.41674415833333334,3.2401584811666666,55.23296086595238,9.784177757,62.34242202642857,145.08116430238096,510.2469338833333,765.6978571428572,1035.4573809523808,563.4630952380952,115.38190476190476,226.1345238095238,31.03340459595238,32.953668532439025,38.55667815439024,31.408836465365855,17.325370355476192,24.036375449756097,24.674981442439023,20.52702119097561,24.179417701666665,28.49504598195122,31.615954400731706,25.968000799512197,17.692619047619047,554.3556097560976,65.74756097560976,146.14609756097562,224.19166666666666,338.5260975609756,332.54048780487807,159.98609756097562,96.03904761904762,258.3360975609756,86.39829268292684,134.09024390243903,2.525952380952381,81.90658536585366,20.74560975609756,12.956341463414635,18.975952380952382,145.88951219512194,27.027073170731708,39.294634146341465,4.690476190476191,1.5714285714285714,1.9523809523809523,1.8571428571428572,11.166666666666666,11.166666666666666,11.166666666666666,11.166666666666666,3.0238095238095237,1.4761904761904763,1.9285714285714286,1.8571428571428572,0.422321428525,0.14255952375,0.173809523825,0.17291666665,0.8397619047619047,47.04761904761905,302.09285714285716,0,0,10436000,0.01,0.722769797,0,0.763,0.307,1.155,0.848,1.445054945,19.06470863,6.987673066,0.218345741,0.23013979,150,150,150,47,39,29,27,24,34,9,8,1.39,1.39,1.33,0.86,0.86,0.38,0.38,0.023121201,0.009884877,16.79,79.3387,324.9817601,293,128,701,3.2062612,1.52037394,0,74.04056549,3100,4.999298065,1.2558,-0.277056277,-0.163076923,0.234610918,Krishna,0.367799997,Semi_arid,Test
4026,31.514840712619048,20.172472905952382,25.843665484761903,378.59656645714284,299.3124458952381,1.337246787452381,0.1769661427142857,2.5460198912142857,61.72270708571428,13.241493131595238,68.23745057142857,166.61503096428572,567.0329979785714,979.2573809523809,1053.4833333333333,608.1680952380952,174.7159523809524,259.35309523809525,31.165532490714288,28.94398240707317,35.360344644146345,31.28512195195122,16.266032568333333,22.03162335097561,21.866688759756098,19.650799679756098,23.715818107619047,25.487758896341465,28.613682396585364,25.46782087195122,6.9176190476190476,823.3478048780488,49.52487804878049,123.18268292682926,240.45761904761906,310.00658536585365,352.26073170731706,170.58829268292683,107.93309523809523,277.2119512195122,87.1270731707317,148.09682926829268,1.6942857142857144,139.6712195121951,21.18439024390244,16.38609756097561,47.434761904761906,110.36365853658536,47.65707317073171,59.06634146341464,4.857142857142857,1.5476190476190477,1.880952380952381,2.0952380952380953,11.166666666666666,11.166666666666666,11.166666666666666,11.166666666666666,3.3095238095238093,1.4523809523809523,1.8571428571428572,2.0238095238095237,0.436309523825,0.136904761875,0.1645833333,0.1833333333,1.3484285714285715,69.02380952380952,4775.059523809524,86,0,6256720125,0.090000004,0.749894209,0,0.924,0.222,8.953,8.731,1.272015127,11.74555545,4.124333637,0.240472123,0.257991252,25,150,150,16,15,29,28,23,57,4,5,1.21,1.317015209,1.281609195,0.75,1.083802281,0.45,0.459467681,0.027519687,0.012168312,16.6836,74.6031,703.1136136,671,521,1440,8.767957947,3.415314198,0,132.2944336,15190,12.12886241,1.7043,0.177809388,0,0.020905923,Krishna,0.3838,Semi_arid,Test
9005,32.53025512166667,21.362329699285713,26.946297309761906,389.47918650714286,305.2621417619048,0.35005782002380953,-0.00530036780952381,3.5720286892857143,55.67488133857143,10.113195795976191,57.5992963897619,138.3706936547619,458.7353032476191,663.505,1030.3590476190477,539.347380952381,151.78619047619048,225.3052380952381,30.00348966142857,32.518622551463416,36.656466064878046,29.975641743170733,17.59146758738095,23.043240704390243,23.351004771707316,20.57080367902439,23.797524486190476,27.780957617804876,30.003679745365854,25.27317872804878,28.777619047619048,375.05951219512195,79.72658536585367,195.42243902439026,230.39285714285714,342.5709756097561,321.7390243902439,155.16756097560975,99.9504761904762,229.2331707317073,90.5239024390244,130.35682926829267,4.822857142857143,94.0290243902439,36.861463414634144,19.65731707317073,31.280714285714286,109.03975609756098,37.82219512195122,51.894878048780484,4.4523809523809526,1.4285714285714286,1.4761904761904763,1.5,11.166666666666666,11.166666666666666,11.166666666666666,11.166666666666666,2.7857142857142856,1.3333333333333333,1.4761904761904763,1.2857142857142858,0.403571428675,0.129464285725,0.13660714285,0.141666666625,0.3254761904761905,39.857142857142854,324.25714285714287,1,0,60585000,0.044133846,0.721226379,0,0.649,0.266,7.379,7.113,1.893678493,20.83064848,7.42475921,0.223984585,0.241168371,25,150,150,47,39,29,27,24,34,9,8,1.39,1.385726141,1.326095238,0.86,0.920912863,0.38,0.333278008,0.02612544,0.0124301,14.5806,78.6778,540.8020885,567,133,1358,6.763941368,3.222442389,0,116.0229416,7187,6.258822107,1.3083,0.229437229,-0.175384615,0.291521487,Pennar,0.341199994,Semi_arid,Test
10013,33.833407698095236,20.855145441666668,27.344219878333334,384.88829689761906,305.87928585714286,1.162412577190476,0.5356175548809524,2.988414345809524,50.391981918333336,9.374407067142856,67.29161199738095,163.33033213095237,508.3686571357143,939.4711904761905,1058.5092857142856,458.69166666666666,106.71119047619048,260.6192857142857,29.71028517190476,33.28066573365854,38.434384942439024,34.00823270609756,13.889738532857143,24.90268492585366,23.132234889268293,19.626921231463413,21.80002945142857,29.091603358292684,30.783205196341463,26.81749700121951,2.8804761904761906,926.1329268292683,4.513414634146342,28.788048780487806,206.18761904761905,342.11024390243904,363.3351219512195,167.66463414634146,65.54714285714286,242.68682926829268,34.259756097560974,125.78682926829268,1.0388095238095238,100.93219512195122,3.311219512195122,4.006341463414634,30.42452380952381,176.44463414634146,20.004634146341463,39.36,4.9523809523809526,1.5476190476190477,1.9761904761904763,1.8095238095238095,11.166666666666666,11.166666666666666,11.166666666666666,11.166666666666666,3.380952380952381,1.4523809523809523,1.880952380952381,1.6666666666666667,0.44255952385,0.139880952375,0.180357142825,0.16875,4.191761904761905,5,148.3,8,10846.006,151454000,0.183244535,0.738922759,0,0.737,0.179,1.205,1.025,39.11087091,17.91706842,7.565618567,0.209112014,0.225416327,75,150,150,42,40,36,35,22,25,9,12,1.4,1.38,1.347096774,1,1.146451613,0.4,0.444946237,0.01545382,0.009251335,22.1103,73.0789,58.04293846,44,13,809,1.622677966,0.942895889,0,118.6946716,2400,1.215700821,1.2843,NA,NA,0.18583043,Dhadhar (Independent river),0.427599996,Semi_arid,Test
10004,32.970298525,19.54483467595238,26.257565004761904,375.76190947857145,302.6071742880952,1.6920888216666667,0.3791152033571428,3.097693365595238,46.719740071428575,9.343846591880952,71.43130356547618,162.2590729547619,533.3970873023809,870.4057142857143,1040.1180952380953,435.09214285714285,111.37880952380952,210.53,28.72671368357143,32.24893842536585,38.036084305609755,32.936161535365855,12.359293406904762,23.72587365,22.09098091219512,17.97638144682927,20.543102360952382,27.98738904414634,30.063470307804877,25.45626549292683,6.000238095238095,841.6424390243902,6.762682926829268,37.083414634146344,204.3695238095238,327.12146341463415,366.37341463414634,162.63780487804877,57.10357142857143,242.0809756097561,33.70975609756098,111.41707317073171,1.6330952380952382,101.8409756097561,6.505121951219512,4.076341463414634,19.941190476190478,146.74780487804878,18.361951219512196,30.127560975609757,5.023809523809524,1.3333333333333333,1.8571428571428572,2.142857142857143,11.166666666666666,11.166666666666666,11.166666666666666,11.166666666666666,3.5714285714285716,1.2380952380952381,1.7380952380952381,2.0238095238095237,0.439583333375,0.1211309524,0.16845238095,0.197916666675,0.20595238095238094,24.523809523809526,106.66904761904762,8,0,91522000,0.053125088,0.736074667,0,0.67,0.327,1.069,0.742,1.218729535,12.35762595,5.129202438,0.189083163,0.183121517,75,150,125,48,37,23,22,29,41,7,3,1.37,1.331640625,1.27859375,1.63,1.343046875,0.56,0.51265625,0.013329585,0.00689824,23.0542,74.3197,364.0338056,357,216,567,4.107836219,3.138582945,0,47.24124908,3121,4.487977777,1.376,0.281385281,-0.337662338,0.205574913,Mahi,0.470699996,Semi_arid,Train
10005,32.522279183095236,18.99350335547619,25.75792640690476,370.92876248809523,302.03228845,1.1013335714523809,0.3210842296904762,2.7037967093095236,44.586441248571425,9.463195281238095,74.50443818904762,174.32563892619046,522.9206216928571,823.7635714285714,1016.447619047619,450.7390476190476,105.83952380952381,210.53309523809523,26.46497443047619,33.38888844536585,37.487990456585365,32.21627748926829,10.387345579785714,24.265321871707318,21.89798250317073,16.807205118536586,18.42615309047619,28.827109156585365,29.693072639756096,24.51180327804878,6.995238095238095,800.2843902439024,8.877560975609756,27.527560975609756,183.16285714285715,351.840487804878,346.4170731707317,155.35121951219512,55.51571428571429,250.91926829268294,46.72951219512195,107.21414634146342,1.790952380952381,95.48829268292683,8.068780487804878,3.029268292682927,20.047619047619047,147.86146341463416,18.81829268292683,28.451707317073172,5.261904761904762,1.380952380952381,1.6428571428571428,2.1666666666666665,11.166666666666666,11.166666666666666,11.166666666666666,11.166666666666666,3.6666666666666665,1.2619047619047619,1.5476190476190477,2.0714285714285716,0.46190476195,0.1282738095,0.149702380925,0.189583333375,0.28833333333333333,1.880952380952381,127.6952380952381,1,73.74,152120000,0.063950472,0.72089865,0,0.88,0.285,1.696,1.411,1.261453879,11.99157885,4.856450758,0.191958434,0.182352444,125,150,125,16,15,29,28,55,57,4,5,1.21,1.273333333,1.266666667,0.75,0.833333333,0.45,0.433333333,0.013588042,0.00637771,24.0867,74.4756,436.671917,459,216,588,4.509529983,2.68021369,0,85.16098785,1510,6.366061754,1.9234,0.105263158,0.105263158,0.076655052,Mahi,0.362599999,Semi_arid,Train
10008,32.75608289785714,19.194825881666667,25.97541536547619,376.3011305714286,304.09814897380954,1.4452460678333334,0.34447403964285717,2.9538370090238093,45.24491586476191,8.786659323142857,69.25184176714286,160.61122035238094,518.2715874095238,834.8778571428571,1026.3361904761905,448.39,101.00214285714286,222.8047619047619,27.875315098333335,32.66580967682927,37.64032608756098,32.70881647390244,11.461704003833333,23.837568973170733,21.824541357560975,17.385773689756096,19.668448875952382,28.251651340243903,29.732412513658538,25.047233106341462,5.859761904761905,812.5478048780487,7.383414634146341,29.306829268292685,193.97619047619048,337.5763414634146,354.52048780487803,160.56463414634146,58.69452380952381,244.99878048780488,42.36707317073171,111.83439024390243,1.4404761904761905,92.57048780487806,6.139512195121951,3.28,22.232857142857142,155.91829268292682,19.308780487804878,30.236829268292684,5.190476190476191,1.5,1.9047619047619047,2.238095238095238,11.166666666666666,11.166666666666666,11.166666666666666,11.166666666666666,3.4761904761904763,1.380952380952381,1.8333333333333333,2.142857142857143,0.454166666675,0.135714285675,0.1726190476,0.206249999975,0.4786666666666667,130.8095238095238,3874.4,71,27772.35,6405341512,0.051293076,0.736490007,0.230769231,0.734,0.177,7.406,7.229,3.684553578,17.46282477,6.98686701,0.198133916,0.199272234,25,150,125,48,37,23,28,29,41,4,5,1.37,1.354650767,1.303646953,1.63,1.060620221,0.45,0.427875956,0.014843248,0.007499927,22.5347,73.1408,306.2759274,301,2,1005,4.750513786,2.803431034,0,114.0417633,32510,4.61673148,2.5201,NA,NA,0,Mahi,0.441399992,Semi_arid,Train
10010,32.693955168095236,18.96457888309524,25.829232770476192,372.07820927380953,299.8763427,1.632204972095238,0.0818229271904762,3.1754228488809524,45.843044787857146,9.94807625042857,74.96733174571429,167.74913532857144,550.1723552285714,951.8147619047619,1037.8288095238095,450.95452380952383,112.57357142857143,196.69880952380953,28.00620585095238,32.26639144292683,37.923974019512194,32.49025189902439,11.344210640119048,23.466695321707316,21.728756626341465,17.066909236585367,19.675108772857143,27.866549380243903,29.826381229756098,24.778476608780487,9.647619047619047,915.9221951219512,8.335853658536585,40.88878048780488,201.04166666666666,330.1707317073171,365.6563414634146,161.36951219512196,62.119285714285716,246.6551219512195,38.799268292682925,112.86463414634146,1.9892857142857143,101.0019512195122,8.051951219512196,4.227560975609756,16.489761904761906,140.8570731707317,15.65,28.097317073170732,5.0476190476190474,1.4285714285714286,1.8095238095238095,2.2142857142857144,11.166666666666666,11.166666666666666,11.166666666666666,11.166666666666666,3.357142857142857,1.3333333333333333,1.7380952380952381,2.0952380952380953,0.445238095175,0.129464285725,0.164285714225,0.20416666665,0.6710714285714285,14.619047619047619,203.56428571428572,5,0,296519500,0.090000004,0.749894209,0,0.628,0.183,1.141,0.959,1.357142857,7.350334314,2.528566758,0.179135022,0.162590963,125,150,125,16,15,29,28,55,57,4,5,1.21,1.211353383,1.210676692,0.75,0.764887218,0.45,0.45,0.0128661,0.006943385,23.3497,74.7181,456.8879124,459,286,602,2.739625003,2.03105998,0,48.37671661,3880,4.258782975,1.5395,-0.071969697,0.015151515,0.031358885,Mahi,0.495200008,Semi_arid,Train
10011,32.509043622142855,18.799731845238096,25.654391451190477,372.55357743809526,303.78279035714286,1.4130832663571429,0.19224035540476192,2.8807304734285712,44.467351176190476,8.799887360666666,69.70937588452381,162.67633156904762,519.774319952381,813.8104761904762,1021.1978571428572,448.3280952380952,99.56738095238094,221.48785714285714,27.22358493833333,32.726151539756096,37.44763255536586,32.37436225487805,10.713624603404762,23.706043582682927,21.55516171780488,16.797508996097562,18.968602532857144,28.21611755292683,29.501431600487805,24.58585765682927,7.109761904761905,788.4782926829268,8.58390243902439,29.314146341463413,190.28976190476192,340.75365853658536,351.5212195121951,158.89926829268293,57.76309523809524,247.2180487804878,43.89658536585366,108.97634146341463,1.5507142857142857,90.35536585365854,6.949024390243903,3.1029268292682928,22.129761904761907,154.40146341463415,20.300975609756097,29.518048780487803,5.214285714285714,1.4047619047619047,1.880952380952381,2.119047619047619,11.166666666666666,11.166666666666666,11.166666666666666,11.166666666666666,3.5,1.3095238095238095,1.8095238095238095,2,0.456249999975,0.1273809524,0.170535714275,0.192857142825,0.4244047619047619,53.142857142857146,1601.4833333333333,7,0,3334682500,0.054882014,0.739801346,0.333333333,0.724,0.177,1.696,1.519,1.584291645,16.00237128,6.261911357,0.198639863,0.196413167,25,150,125,16,15,29,28,55,57,4,5,1.21,1.338031088,1.298560461,0.75,0.823762887,0.45,0.36371134,0.015292987,0.007444827,23.7675,74.1367,390.3901901,400,128,1005,5.667079925,3.211387634,0,99.45008087,16247,5.507219923,1.7467,-0.270769231,-0.192513369,-0.070847851,Mahi,0.3389,Semi_arid,Train
10014,32.45965418833333,18.80760276190476,25.633633510714287,371.1729518761905,306.8298085380952,1.3418952956428571,0.174644677,2.7494583582142855,43.668681058809526,8.042627039428572,64.7106363204762,154.77435358095238,499.3099201452381,701.9457142857143,1007.2314285714285,439.2247619047619,91.84595238095238,235.94214285714287,26.79470753,33.09391443439024,37.219281547317074,32.343874450731704,10.447934132190476,23.945535785609756,21.555694591219513,16.752554977560976,18.621273081428573,28.519722111707317,29.387568928292684,24.548192722682927,5.725,681.750243902439,9.585853658536585,21.86560975609756,183.5895238095238,345.64853658536583,341.15707317073173,156.92512195121952,53.97785714285714,245.3870731707317,44.06341463414634,105.19268292682926,1.3245238095238094,83.29219512195122,6.865121951219512,2.571951219512195,25.87309523809524,161.18536585365854,23.482195121951218,30.52512195121951,5.238095238095238,1.5,1.8571428571428572,2.0238095238095237,11.166666666666666,11.166666666666666,11.166666666666666,11.166666666666666,3.4047619047619047,1.380952380952381,1.8571428571428572,1.9047619047619047,0.458333333325,0.138690476225,0.168452380925,0.18601190475,0.38904761904761903,32.523809523809526,946.8190476190476,1,0,792223000,0.032802666,0.732341502,0.333333333,0.788,0.209,1.696,1.487,1.365757687,18.83244373,7.485209378,0.207706613,0.210494183,25,150,50,79,70,10,10,11,20,4,8,1.57,1.438766667,1.386157025,0.5,0.854818482,0.28,0.284587459,0.016149401,0.007587375,23.8728,74.2236,386.9892031,385,148,1005,6.891892308,3.883082867,0,99.45008087,8329,5.975791045,1.6899,-0.308300395,0.0997151,-0.037166086,Mahi,0.33070001,Semi_arid,Train
11001,32.48280446214286,18.672871941190476,25.577848416428573,370.27559717857145,308.5522527904762,1.1478524036190476,0.3208508550714286,2.386169705214286,44.850862530238096,7.613932504261904,58.450737339285716,146.81978085238094,469.7733444595238,708.7492857142857,1019.4695238095238,461.3335714285714,93.79285714285714,266.8042857142857,27.003749721666665,33.094116353902436,36.97719777365854,32.542662935365854,10.368694372380952,23.835131947073172,21.26784464390244,16.71347061170732,18.68624141595238,28.464670132439025,29.122412513414634,24.62815273902439,4.081666666666667,691.6656097560975,9.161951219512195,21.027073170731708,187.70904761904762,341.3517073170732,351.08170731707315,159.6139024390244,63.27214285714286,244.75731707317073,45.77439024390244,117.23853658536585,1.3502380952380952,86.36,5.959512195121952,2.3778048780487806,36.27928571428571,168.84317073170732,31.4,35.90439024390244,5.142857142857143,1.380952380952381,1.7857142857142858,2.3333333333333335,11.166666666666666,11.166666666666666,11.166666666666666,11.166666666666666,3.5952380952380953,1.3095238095238095,1.6666666666666667,2.1666666666666665,0.449999999975,0.12678571425,0.16369047614999999,0.2145833333,0.391,4,302.8,8,7591.23,984095000,0.144768004,0.718415806,0,0.893,0.27,7.5,7.23,8.430609756,20.01502042,7.430378032,0.213765199,0.219581367,25,150,25,43,0,34,0,23,0,26,0,1.39,1.434824561,1.421538462,1.4,1.099122807,0,0.154035088,0.019337131,0.008388938,23.5764,72.8067,426.9952625,393,88,1173,11.28491814,6.037479401,0,131.2857819,6724,6.493777506,1.6367,-0.418181818,0.318181818,0.173054588,Sabarmati,0.340299994,Semi_arid,Train
11005,32.29232877452381,18.440656664761903,25.366475812619047,362.8672037833333,307.0242487785714,1.1147087935714286,0.3434194996666667,2.1866507288809522,45.969335671904766,8.200182746404762,59.77846437619048,150.90202867380953,459.6574950095238,670.5330952380953,1014.47,470.4161904761905,102.10952380952381,271.73333333333335,26.66475311738095,32.99132746902439,36.83909066804878,32.318944421463414,10.041265824071429,23.649240304390243,21.105060975853657,16.421947221463416,18.35292928904762,28.320263894390244,28.97203075292683,24.37055977609756,4.716904761904762,651.1278048780488,10.873414634146341,20.05439024390244,184.43047619047618,343.8919512195122,348.5273170731707,157.86512195121952,64.0702380952381,251.38439024390243,47.034390243902436,117.83804878048781,1.548095238095238,92.8009756097561,7.65390243902439,2.5592682926829267,38.85071428571428,163.51463414634145,37.14243902439024,37.90560975609756,5.119047619047619,1.4761904761904763,1.7380952380952381,2.5476190476190474,11.166666666666666,11.166666666666666,11.166666666666666,11.166666666666666,3.5714285714285716,1.380952380952381,1.6904761904761905,2.3333333333333335,0.450892857175,0.13660714285,0.1595238095,0.2333333333,0.11173809523809523,1,3.8,0,0,0,0.10040605,0.713633428,0,0.971,0.465,7.329,6.864,1.121487603,13.72996457,5.043789977,0.218650174,0.218652619,25,150,25,43,0,34,0,23,0,26,0,1.39,1.393134328,1.38,1.4,1.274626866,0,0.125373134,0.022970347,0.008835532,24.3556,73.1681,624.2221473,616,284,1173,16.5878816,11.81294632,0,131.2857819,1421,9.165259915,2.0745,-0.090909091,-0.163636364,0.025551684,Sabarmati,0.403899997,Semi_arid,Train
11006,32.301949787380956,18.44962257642857,25.375765345714285,364.3231429547619,308.2675380119048,1.0821349784285714,0.34347287797619047,2.1543484214761905,45.48303045833333,7.871013085761905,59.032230080238094,148.14027098095238,459.63915061190477,687.5940476190476,1013.597380952381,470.43571428571425,98.6602380952381,268.165,26.670796547619048,33.0062495,36.84467126146342,32.32954418243902,10.047441745952382,23.660997601707315,21.112966595609755,16.430899639512194,18.359126031428573,28.33363454609756,28.978820254634147,24.380099960487804,5.138809523809524,666.9048780487805,11.89219512195122,20.303414634146343,184.6640476190476,342.8639024390244,348.69463414634146,157.59268292682927,64.52452380952381,250.05731707317074,47.82,117.93414634146342,1.535,89.81878048780487,7.234390243902439,2.4409756097560975,37.667142857142856,163.7648780487805,35.59487804878049,36.76,5.0476190476190474,1.4285714285714286,1.7857142857142858,2.380952380952381,11.166666666666666,11.166666666666666,11.166666666666666,11.166666666666666,3.5952380952380953,1.3571428571428572,1.7142857142857142,2.2142857142857144,0.444642857125,0.132440476175,0.16369047614999999,0.218749999975,0.0720952380952381,2,25.3,3,0,46688000,0.119583453,0.71171027,0,0.949,0.443,7.429,6.986,1.136497842,15.87496919,5.896931723,0.216944303,0.218221239,25,150,25,43,0,34,0,23,0,26,0,1.39,1.39204918,1.38,1.4,1.318032787,0,0.081967213,0.021648861,0.008416251,24.2311,73.0083,571.3328527,566,206,1173,14.76824092,10.57557678,0,131.2857819,3650,7.914570366,1.8624,0.085714286,-0.219047619,0.009291521,Sabarmati,0.402999997,Semi_arid,Train
11007,32.75657400261905,19.308561099761906,26.03253742738095,380.55018115,308.00696546190477,1.3142157424285714,0.19821923147619047,3.2354117170714285,43.83811759547619,8.159285734714286,66.46259632166667,154.66052969761904,501.7829610547619,787.5390476190477,1024.5940476190476,421.94904761904763,96.16428571428571,222.0354761904762,28.116241992380953,32.67071971243902,37.28114528146342,32.9002239104878,11.75136477254762,23.922219111707317,21.731985684390242,17.593766493658535,19.93376000357143,28.296533386341462,29.50650848390244,25.246869252195122,3.520238095238095,776.3839024390244,5.354146341463415,21.403170731707316,194.16309523809525,337.98926829268294,349.8253658536585,162.87073170731708,50.86119047619047,234.6729268292683,36.743658536585365,108.72219512195122,1.2035714285714285,89.82073170731708,4.704390243902439,2.751707317073171,21.769285714285715,157.3739024390244,17.42341463414634,30.35341463414634,5.261904761904762,1.4285714285714286,1.7142857142857142,2.261904761904762,11.166666666666666,11.166666666666666,11.166666666666666,11.166666666666666,3.5714285714285716,1.3095238095238095,1.6666666666666667,2.1904761904761907,0.463392857175,0.135416666675,0.16041666665,0.2083333333,0.7828809523809523,7.666666666666667,118.84761904761905,8,5276.2,236747000,0.071130391,0.730008989,0,0.771,0.332,1.327,0.995,14.41046903,22.20272371,8.646058955,0.212708746,0.226036205,50,150,125,48,37,23,22,29,41,7,3,1.37,1.433301887,1.359622642,1.63,1.198490566,0.56,0.45245283,0.013957143,0.006796115,22.9772,72.8844,163.885356,154,35,380,2.579361503,1.738614082,0,39.06821823,2916,2.839690224,1.3687,-0.066666667,0.076190476,-0.046457607,Sabarmati,0.41960001,Semi_arid,Train
11010,32.91184604047619,19.40612857714286,26.158935999761905,378.15787013809523,308.6794132714286,1.141533425452381,0.3325190299047619,2.8195875654285714,44.806457253333335,7.554079750238095,59.62296080238095,146.4447288095238,480.0356360190476,764.7880952380953,1029.4233333333334,437.7545238095238,93.76738095238095,250.88690476190476,28.092799873095238,33.019300279512194,37.35250795317073,33.06969212292683,11.653775142928572,24.172812874878048,21.79582714780488,17.738392642439024,19.873276866428572,28.596007597317072,29.574093318780488,25.403934426585366,3.3714285714285714,750.5434146341463,7.189268292682927,22.25512195121951,193.33714285714285,340.9651219512195,352.6490243902439,162.86439024390245,58.57047619047619,234.07073170731707,39.34560975609756,115.01609756097561,1.141904761904762,87.38365853658537,4.923658536585366,2.5773170731707316,31.66595238095238,166.5168292682927,24.084146341463413,33.966829268292685,5.119047619047619,1.4761904761904763,1.9761904761904763,2.142857142857143,11.166666666666666,11.166666666666666,11.166666666666666,11.166666666666666,3.5714285714285716,1.3333333333333333,1.9285714285714286,2.0238095238095237,0.450892857175,0.136607142825,0.1833333333,0.197916666675,2.0466904761904763,17.261904761904763,486.01190476190476,29,2386.41,2137534000,0.152108995,0.729273909,0,0.802,0.189,7.5,7.311,22.53780577,20.50302763,7.8873921,0.213242224,0.223262994,25,150,150,42,40,36,35,22,25,9,12,1.4,1.434422188,1.390971429,1,1.037180277,0.4,0.315254237,0.016325574,0.007762365,22.6497,72.5356,231.7910185,164,4,1173,5.596199564,1.779052377,0,131.2857819,19636,3.483004879,1.5514,NA,NA,0.013937282,Sabarmati,0.386099994,Semi_arid,Train
12004,31.981642577857144,18.733461842619047,25.35755920904762,374.4665403404762,287.3376259404762,1.0211328960952382,-0.41365528404761903,2.0865093692619046,53.11354597,13.995149938499999,76.84195840952381,185.20060083571428,558.4311646928571,1185.5019047619048,1002.1159523809524,602.822380952381,152.1697619047619,209.9257142857143,26.863301911666667,32.07877249097561,37.771961824390246,30.469028388780487,10.839892518238095,23.615637744634146,21.55376458097561,16.32153938414634,18.85159275404762,27.847183126341463,29.662908270487804,23.39532986804878,47.42142857142857,1086.8173170731707,33.243170731707316,45.77804878048781,198.1507142857143,320.4707317073171,345.42853658536586,157.6748780487805,116.57642857142856,251.3439024390244,108.20975609756097,138.5519512195122,6.013809523809524,126.79853658536585,17.637560975609755,5.284634146341463,22.686190476190475,137.6219512195122,28.57829268292683,25.60609756097561,4.119047619047619,1.5476190476190477,1.6904761904761905,1.5,11.166666666666666,11.166666666666666,11.166666666666666,11.166666666666666,2.5238095238095237,1.5238095238095237,1.5952380952380953,1.5,0.36547619045,0.138988095225,0.14791666665,0.132738095225,0.43438095238095237,32.214285714285715,3513.8,23,1024.72,4036874000,0.099179806,0.73897043,0,1.101,0.308,7.74,7.432,7.875206289,5.96497393,2.246275431,0.194437178,0.19027784,25,150,125,16,15,29,28,55,57,4,5,1.21,1.26723913,1.223380282,0.75,0.94576087,0.45,0.363347826,0.02141097,0.007926217,23.0308,79.0156,569.9489272,556,309,1139,6.052295361,3.441246986,0,91.25751495,26453,5.801452987,2.0399,NA,NA,0,Narmada,0.666000009,Humid,Train
12012,32.05692644928571,18.202140856904762,25.129548646904762,376.6312364404762,288.63036903333335,1.1687444977142858,-0.15559623811904763,2.2829247575238094,49.18542288,12.466717040095238,76.13078829666667,193.4350614452381,545.626986345238,1160.5235714285714,1028.4242857142858,534.75,141.23095238095237,228.57071428571427,27.30040986642857,31.586901238780488,37.93474284195122,31.03855257878049,10.361608967309524,22.94691923195122,21.28555143170732,15.619380248292684,18.83110000857143,27.266859255609756,29.610151113658535,23.329004398536586,24.37238095238095,1104.5682926829268,14.59,44.70390243902439,203.2007142857143,321.8251219512195,361.84170731707314,161.68414634146342,91.91404761904762,256.54926829268294,61.36073170731707,135.72682926829268,5.359523809523809,119.33853658536586,14.36780487804878,5.479024390243903,26.975952380952382,148.1270731707317,25.751951219512197,32.63268292682927,5.0476190476190474,1.4285714285714286,1.7142857142857142,1.619047619047619,11.166666666666666,11.166666666666666,11.166666666666666,11.166666666666666,3.119047619047619,1.3571428571428572,1.6904761904761905,1.5952380952380953,0.4467261905,0.126488095175,0.14999999995,0.148214285725,0.06783333333333333,0,0,0,0,973000,0.106340047,0.736451847,0,1.181,0.593,7.668,7.075,2.198654709,5.675524807,2.610490201,0.196021762,0.191709665,125,150,150,21,18,28,28,51,54,5,5,1.23,1.22703125,1.21703125,0.97,1.03828125,0.45,0.5034375,0.020861766,0.006939932,22.4058,77.3081,506.3907967,512,289,827,8.302373105,5.848995209,0,62.37525177,1729,7.707312556,2.4361,NA,NA,0.075493612,Narmada,0.654699981,Humid,Train
12015,33.04817578047619,19.63807782642857,26.343132643095238,380.25549381666667,301.72082586904764,1.8581460014285716,-0.4328754711190476,3.1242783928333333,43.95958841357143,8.849838003857142,69.2217073947619,150.81104720714285,532.9289028119048,808.7721428571429,1013.8152380952381,492.9642857142857,100.19500000000001,204.4052380952381,28.919420029047618,32.21905437780488,38.15835365780488,32.987405037804876,12.539033969047619,23.73703518585366,22.190564687804876,18.091363454146343,20.729230480714286,27.978074770487805,30.174483032439024,25.53936025609756,6.184523809523809,781.5639024390244,4.701463414634146,35.89756097560976,200.25738095238094,318.69268292682926,356.3556097560976,158.35243902439024,79.37690476190477,243.65975609756097,55.00609756097561,125.00902439024391,1.5402380952380952,89.77390243902438,6.818292682926829,4.468780487804878,15.983333333333333,150.37560975609756,15.762195121951219,26.879756097560975,4.904761904761905,1.6904761904761905,2,2.3095238095238093,11.166666666666666,11.166666666666666,11.166666666666666,11.166666666666666,3.357142857142857,1.5,1.9761904761904763,2.119047619047619,0.433630952375,0.15238095235,0.180952380875,0.212499999975,0.2837857142857143,2,0,1,0,4620000,0.092012101,0.743690496,0,0.698,0.416,1.024,0.608,1.176823177,9.839191088,4.01832241,0.192756468,0.183931712,125,150,150,21,18,28,28,51,54,5,5,1.23,1.227241379,1.21862069,0.97,0.939655172,0.45,0.45,0.013342164,0.007113353,22.2056,74.8519,334.2696608,317,150,573,5.050617642,3.399659395,0,54.72631454,787,6.488080215,1.3713,-0.164835165,0,0.18815331,Narmada,0.356400013,Semi_arid,Train
12016,31.967939998571428,18.980938172619048,25.474415911190476,364.2956648738095,288.2258151595238,0.9910419206904761,-0.4135383739761905,1.9060163298095238,58.239504096666664,15.382785904642857,65.18188277809524,163.81935260238095,466.03549329285715,1222.4709523809524,1056.9661904761904,467.9707142857143,155.9009523809524,252.01357142857142,26.800468383809523,32.30630147951219,37.57568663829268,30.32843262682927,11.275060154095238,23.794986005609758,21.63611346804878,16.68974010390244,19.037708832619046,28.050667732439024,29.605882820487803,23.50904838,53.17357142857143,1080.9204878048781,55.726341463414634,61.17,207.0311904761905,339.04756097560977,366.3768292682927,165.24073170731708,62.01452380952381,257.4075609756097,39.58317073170732,118.86682926829268,6.006428571428572,128.12756097560975,20.349756097560977,5.073170731707317,35.54857142857143,135.47390243902439,52.526585365853656,33.74414634146341,4.5,1.5,1.4761904761904763,1.6666666666666667,11.166666666666666,11.166666666666666,11.166666666666666,11.166666666666666,3,1.3571428571428572,1.380952380952381,1.619047619047619,0.3988095238,0.134226190475,0.12916666667499999,0.15029761905,0.013404761904761905,0,0,3,0,7457970,0.105589818,0.748568454,0,1.15,0.514,7.369,6.855,2.447305998,6.114639222,2.1847982,0.220190999,0.220109467,25,150,25,43,0,34,0,23,0,26,0,1.39,1.446962025,1.46,1.4,1.115189873,0,0.088607595,0.024945761,0.0095209,22.9478,81.0761,834.2984277,805,656,1139,8.232341721,4.714479446,0,63.25278473,2292,7.165767963,1.6274,NA,NA,-0.00116144,Narmada,0.817300022,Humid,Train
12018,31.74562277,18.46675930547619,25.106183212857143,369.3857972690476,288.83939355238095,1.3624518048095238,-0.4088497269047619,2.2446011703809523,52.36609199785714,12.676901746952382,77.56626239976191,175.0102601857143,577.6300104952381,1089.297619047619,1010.0807142857143,490.24809523809523,133.7254761904762,183.33857142857144,26.933492172857143,31.442345061219513,37.602714740243904,30.483458616585366,10.724849667238095,23.166295481463415,21.389098621707316,16.047824870487805,18.82924783857143,27.304318272682927,29.495845705853657,23.26556977121951,39.87571428571429,1007.4487804878048,23.819024390243904,43.749756097560976,199.18023809523808,320.98658536585367,351.2951219512195,158.3968292682927,77.31809523809524,248.55073170731708,49.6,124.85073170731708,5.871190476190477,107.92439024390244,17.64707317073171,5.401219512195122,17.246904761904762,126.32243902439025,19.571463414634145,24.24878048780488,4.809523809523809,1.4285714285714286,1.8571428571428572,1.9285714285714286,11.166666666666666,11.142857142857142,11.166666666666666,11.166666666666666,2.9761904761904763,1.2380952380952381,1.8095238095238095,1.7142857142857142,0.42291666665,0.129680735875,0.16845238095,0.177678571375,0.1306190476190476,0,0,3,0,31568500,0.136562957,0.739591362,0,1.039,0.509,7.803,7.294,5.38355681,5.628681464,2.256916339,0.197739292,0.189714933,125,150,125,16,15,29,28,55,57,4,5,1.21,1.213333333,1.210493827,0.75,0.866419753,0.45,0.492222222,0.021824292,0.007226452,22.9228,78.7908,631.5899492,634,322,1093,9.058485628,6.16570282,0,80.16034698,2270,10.77950892,2.0573,NA,NA,0.101045296,Narmada,0.693099976,Humid,Train
12025,31.95950440452381,18.539311394285715,25.24944450761905,375.9601146190476,288.3929627785714,1.0758144206190476,-0.3456392167142857,2.1660441480714288,51.21330104047619,13.175605909476191,76.66345597023809,185.30344542380953,557.584951604762,1183.9780952380952,965.6395238095238,646.8264285714286,141.51666666666668,211.68928571428572,26.923797163095237,31.856417433658535,37.793438494878046,30.669256297073172,10.671078257309524,23.364224309756096,21.440943796829266,16.09650939707317,18.797552700714284,27.610343862195123,29.617237540487803,23.382858856341464,38.852380952380955,1104.2265853658537,26.018536585365855,42.81048780487805,191.35166666666666,308.6146341463415,331.5039024390244,153.05439024390245,136.87928571428571,244.7378048780488,138.21414634146342,139.4329268292683,5.253571428571429,118.88804878048781,15.64439024390244,5.054146341463414,21.864047619047618,142.91658536585365,25.25560975609756,26.282926829268295,4.357142857142857,1.4047619047619047,1.6428571428571428,1.8095238095238095,11.166666666666666,11.166666666666666,11.166666666666666,11.166666666666666,2.8095238095238093,1.2380952380952381,1.5476190476190477,1.7857142857142858,0.38333333334999997,0.12440476185,0.14375,0.159821428525,0.41835714285714287,64.30952380952381,6992.442857142857,41,0,0,0.123097092,0.735001817,0,1.095,0.245,8.943,8.698,12.7050746,6.742596831,2.620392029,0.193583611,0.189350703,25,150,125,16,15,29,28,55,57,4,5,1.21,1.249385113,1.217863464,0.75,0.984347357,0.45,0.424185545,0.020018458,0.007456485,22.4917,76.9936,508.4395334,470,259,1317,5.935102791,2.872352362,0,161.1884308,54027,5.94643772,1.7695,NA,NA,0,Narmada,0.579699993,Dry_sub_humid,Train
12026,31.93590661595238,18.593325286428573,25.26462694595238,375.316359197619,288.0704646142857,1.070235618452381,-0.3551276605476191,2.1203908530238094,51.87915207452381,13.442656373523809,76.71914522619048,184.9563528452381,558.0729075166666,1188.0419047619048,1008.8926190476191,546.4090476190477,143.47285714285715,209.58761904761906,26.860230347619048,31.89031987219512,37.76379639512195,30.59590563804878,10.723885197547618,23.427878847804877,21.4668107102439,16.17228708487805,18.792066376190476,27.65906237512195,29.615341993658536,23.384158336341464,41.166666666666664,1103.4212195121952,27.77,43.65658536585366,198.19619047619048,323.11439024390245,348.3851219512195,158.97,97.95071428571428,246.96439024390244,79.22390243902439,133.20804878048781,5.470714285714286,120.12731707317073,16.136341463414634,5.104390243902439,21.83904761904762,140.42170731707316,25.91780487804878,25.98829268292683,4.595238095238095,1.380952380952381,1.4761904761904763,1.6666666666666667,11.166666666666666,11.166666666666666,11.166666666666666,11.166666666666666,3.0476190476190474,1.2380952380952381,1.380952380952381,1.619047619047619,0.40357142865,0.1223214285,0.12916666667499999,0.14732142855,0.4000238095238095,48.904761904761905,6640.259523809524,40,0,6957200570,0.120273971,0.734544915,0,1.101,0.245,8.943,8.698,11.65359466,6.368105505,2.462086209,0.194054799,0.189681086,25,150,125,16,15,29,28,55,57,4,5,1.21,1.254134008,1.218687023,0.75,0.979178255,0.45,0.407458913,0.020611592,0.007660854,22.7561,77.7328,527.2687412,491,281,1317,6.1673383,3.06984663,0,161.1884308,44548,6.207107696,1.8488,NA,NA,0,Narmada,0.678200006,Humid,Train
12029,33.189748977142855,19.49077217142857,26.340259323571427,378.19152993809524,296.83214930238097,1.7354176527857144,-0.051078325904761905,2.9334911286666667,46.84451109761905,9.519699428,71.67478239714285,156.3649817,540.8407740309524,777.8319047619048,1055.4078571428572,473.87666666666667,114.0897619047619,195.95333333333335,29.506388398809523,31.997095161463413,38.77553022292683,32.46326269585366,12.84992233952381,23.05511395390244,22.478886532195123,17.647776889268293,21.17806331547619,27.526123550487807,30.627248144390244,25.055521791219512,12.62595238095238,726.7960975609756,10.328536585365853,46.744878048780485,211.0952380952381,334.1363414634146,366.4653658536585,164.3039024390244,66.03595238095238,256.3248780487805,43.95317073170732,117.51,2.6954761904761906,98.66170731707317,9.585853658536585,5.8636585365853655,16.597857142857144,140.1080487804878,16.544146341463414,27.07780487804878,4.880952380952381,1.7619047619047619,2.5238095238095237,2.2857142857142856,11.166666666666666,11.166666666666666,11.166666666666666,11.166666666666666,3.119047619047619,1.5714285714285714,2.357142857142857,2.142857142857143,0.4315476191,0.164583333275,0.2282738095,0.21041666665,0.4956190476190476,4.880952380952381,123.77142857142857,3,0,7156000,0.090000004,0.749894209,0,0.688,0.264,1.356,1.091,1.339102435,13.70172708,6.750278583,0.198181734,0.194872163,125,150,125,16,15,29,28,55,57,4,5,1.21,1.213741007,1.211870504,0.75,0.791151079,0.45,0.45,0.014751247,0.007191353,22.1014,75.6842,372.2109883,325,153,980,4.974433261,2.458771706,0,85.42969513,3919,7.601772093,1.4953,0.341538462,-0.082621083,-0.066202091,Narmada,0.40169999,Semi_arid,Train
12035,32.21041826,18.654935345,25.432703486190476,377.44678180238094,290.0129115761905,1.1889816747857143,-0.30981478704761906,2.3201653980238097,49.75095507095238,12.317471593166667,76.02048664,180.6283742,556.0632498404761,1104.6745238095239,993.0980952380952,603.2102380952381,134.66714285714286,211.21,27.385670056190477,31.91075969585366,38.02008483609756,31.041103558292683,10.950946900261904,23.30764894097561,21.589016436585364,16.272762894634145,19.16836898095238,27.609194323170733,29.80466596,23.656853257560975,32.41404761904762,1034.5719512195121,21.713658536585367,42.127560975609754,196.96928571428572,316.9887804878049,342.38073170731707,156.17707317073172,118.61261904761905,248.98975609756098,108.56024390243903,138.86707317073171,4.592142857142857,113.94707317073171,14.19780487804878,5.102682926829268,20.766190476190477,145.69487804878048,23.12951219512195,26.26439024390244,4.285714285714286,1.4523809523809523,1.6666666666666667,1.7380952380952381,11.166666666666666,11.166666666666666,11.166666666666666,11.166666666666666,2.6904761904761907,1.2619047619047619,1.5,1.6904761904761905,0.37499999995,0.12857142855,0.1458333333,0.15357142855,0.44642857142857145,82.80952380952381,11671.459523809524,47,0,110167000,0.117313508,0.736899882,0,1.019,0.034,8.943,8.909,10.35147877,8.276364072,3.425582369,0.193854998,0.189770949,25,150,125,16,15,29,28,55,57,4,5,1.21,1.240501961,1.216281826,0.75,0.954517647,0.45,0.438431373,0.018465751,0.007190692,22.1683,75.6608,461.1159435,416,131,1317,5.40015535,2.537073374,0,161.1884308,72809,5.756073803,1.6595,NA,NA,0,Narmada,0.399699986,Semi_arid,Train
12036,31.99585693142857,18.836735476190476,25.41628840404762,367.10592139285717,287.2546439619048,0.9621785643571429,-0.45734299885714286,1.969161978,56.88009569785714,14.730633010047619,68.86465062214286,176.52807249761906,508.08385301190475,1211.819761904762,1018.2411904761905,534.402619047619,154.94809523809525,245.77690476190477,26.779071213571427,32.29019592097561,37.679180806585364,30.40195121926829,10.974824236119048,23.76271491414634,21.53991781512195,16.477185125121952,18.87691638047619,28.026403438780488,29.609594380487806,23.43959216292683,51.9947619047619,1091.3692682926828,44.3419512195122,52.402195121951216,200.70119047619048,324.88048780487804,352.6839024390244,159.91560975609755,92.74690476190476,249.21073170731708,71.81951219512194,131.39756097560976,5.874761904761905,129.3648780487805,18.354634146341464,4.989756097560975,33.45309523809524,138.77414634146342,47.718048780487806,31.010243902439026,4.023809523809524,1.4761904761904763,1.5238095238095237,1.4047619047619047,11.166666666666666,11.166666666666666,11.166666666666666,11.166666666666666,2.5238095238095237,1.380952380952381,1.5238095238095237,1.4047619047619047,0.357142857175,0.129166666625,0.133333333325,0.12291666665,0.015285714285714286,1.4523809523809523,28.473809523809525,3,0,21093729070,0.098118715,0.749218118,0,1.087,0.392,7.369,6.976,1.796458765,5.907077878,2.132173356,0.211733664,0.210141418,25,150,25,43,0,34,0,23,0,26,0,1.39,1.414352941,1.389245283,1.4,1.141470588,0,0.102294118,0.024470121,0.009031348,22.7358,80.5131,765.9497297,761,442,1139,8.353376676,5.393496513,0,66.64533234,4667,7.546842638,2.6406,NA,NA,0.034843206,Narmada,0.891600013,Humid,Train
12043,31.894350419285715,18.461443095,25.177872594761904,377.79202568809524,288.3347960214286,0.924399807904762,-0.4695081454047619,2.2128716210238095,50.97273691428571,12.721873866380953,77.40722880690477,187.82100495,566.8884862880952,1147.2942857142857,988.1795238095237,504.7161904761905,143.46833333333333,210.9554761904762,26.18296196214286,32.41392043170732,37.66116118780488,30.464126348536585,10.078110735142857,23.777774889268294,21.26668080585366,15.942363054634146,18.13041445642857,28.09576769292683,29.46400318219512,23.20331867219512,38.861666666666665,1079.9831707317073,20.985365853658536,34.4990243902439,187.35285714285715,327.80634146341464,337.43048780487806,155.12219512195122,91.83619047619048,229.12365853658537,68.96780487804878,124.85878048780488,5.091904761904762,123.00536585365853,14.272195121951219,4.47390243902439,20.612380952380953,149.14268292682928,23.976829268292683,21.86609756097561,4.476190476190476,1.9523809523809523,2.0952380952380953,1.7142857142857142,11.166666666666666,11.166666666666666,11.166666666666666,11.166666666666666,2.880952380952381,1.8333333333333333,1.9523809523809523,1.619047619047619,0.394642857175,0.181845238075,0.191369047575,0.16041666665,1.4909761904761905,11.666666666666666,132.3,3,0,57077000,0.1484653,0.726381919,0,1.04,0.353,7.74,7.387,19.17753414,6.737874485,2.526656539,0.18220038,0.178655269,25,125,125,16,15,29,28,55,57,4,5,1.21,1.230068493,1.21,0.75,0.887671233,0.45,0.432123288,0.016852288,0.00701954,23.3111,79.6619,430.1179203,409,345,749,3.858815518,1.789019108,0,91.25751495,3950,3.435653362,1.7736,NA,NA,0.180023229,Narmada,0.690699995,Humid,Train
12044,33.36606023,19.83011367547619,26.59808302809524,376.4877296428571,301.25469523333334,1.729929772642857,0.02871159080952381,3.0081734090238097,49.61244359,9.834229047904762,70.72666138714285,157.4663012357143,518.2453484047619,734.52,1046.2809523809524,461.45142857142855,113.61928571428571,216.17238095238096,29.985149712142857,32.0899480204878,38.463483562682924,33.112902838536584,13.192992426428571,23.55675929609756,22.426264580487803,18.27221911170732,21.589056120714286,27.823370652439024,30.44493107097561,25.692455018048783,7.927619047619048,698.7168292682927,5.906341463414634,39.690975609756094,208.16619047619048,332.81243902439024,361.849512195122,163.89463414634147,60.85261904761905,255.88658536585365,39.014146341463416,115.46878048780488,1.7304761904761905,99.98,8.87390243902439,5.76390243902439,19.335238095238097,151.90073170731708,17.451951219512196,32.28536585365854,4.833333333333333,1.7380952380952381,2.619047619047619,2.142857142857143,11.166666666666666,11.166666666666666,11.166666666666666,11.166666666666666,3.2142857142857144,1.5476190476190477,2.5714285714285716,2.0952380952380953,0.4294642857,0.155059523775,0.2306547619,0.18898809525,0.1698095238095238,1.3571428571428572,20.021428571428572,1,0,15452980,0.090019506,0.749892914,0,0.555,0.31,1.22,0.91,1.129154796,8.66018832,3.714951364,0.197544786,0.191575428,50,150,150,21,18,28,28,51,54,5,5,1.23,1.222142857,1.216071429,0.97,0.883571429,0.45,0.45,0.015765655,0.007669471,21.9433,74.7447,452.0392242,438,192,994,7.550955348,4.77444315,0,79.62419128,2151,9.135939804,1.4052,-0.252747253,-0.076190476,0.234610918,Narmada,0.343800008,Semi_arid,Train
12046,31.943305070714285,18.669100749761906,25.30624228047619,374.7152394952381,287.6956496404762,1.0548566124761904,-0.3881255181904762,2.1087317437857145,52.524763581904764,13.696723798214286,77.02331929214286,184.7911553,560.9335476047619,1171.8659523809524,1001.6930952380952,554.8519047619047,148.10833333333332,207.5404761904762,26.833611975714284,31.986053579268294,37.74970042414634,30.50479008390244,10.779480168595239,23.538070771707318,21.506100211707317,16.257261095853657,18.806570450952382,27.762089163658537,29.627921527560975,23.38111155512195,44.986666666666665,1079.4253658536586,30.67048780487805,44.26829268292683,195.61285714285714,323.73121951219514,344.45853658536583,157.5509756097561,101.41071428571429,245.36365853658538,86.23682926829268,132.90024390243903,5.83,123.42,17.123658536585367,5.204878048780488,21.711904761904762,138.2839024390244,26.831463414634147,25.24560975609756,4.261904761904762,1.5,1.619047619047619,1.4761904761904763,11.166666666666666,11.166666666666666,11.166666666666666,11.166666666666666,2.5714285714285716,1.4285714285714286,1.5952380952380953,1.4761904761904763,0.3764880952,0.134821428525,0.141666666675,0.1306547619,0.41628571428571426,36.80952380952381,3557.8571428571427,30,0,4135626000,0.113246998,0.739174184,0,1.078,0.308,7.869,7.561,10.79116321,6.116355527,2.306609603,0.193421716,0.188479352,25,150,125,16,15,29,28,55,57,4,5,1.21,1.256643599,1.22012685,0.75,0.950138408,0.45,0.39816609,0.020736301,0.007660965,22.9158,78.3475,551.2474729,532,292,1208,6.003507014,3.244438887,0,96.17334747,33953,5.980384278,1.8857,NA,NA,0.040650407,Narmada,0.72420001,Humid,Train
13004,32.94868228309524,19.66408955452381,26.306369867857143,377.61491204761904,290.1274157619048,1.1375668953333333,-0.39824136266666665,2.2326749822857144,50.07448039809524,12.131034126071429,75.19614843190476,181.40687889285715,548.3801792261904,1019.4354761904763,1032.9269047619048,523.9940476190476,132.9845238095238,223.2747619047619,29.08832033095238,31.88926429414634,38.916121421219515,31.62793282682927,13.016858239761905,23.220677729756098,22.913934252682928,17.41266293487805,21.052624511666668,27.554978008536587,30.91494962902439,24.520283885853658,19.930476190476192,949.0075609756097,14.675365853658537,60.20024390243903,210.39214285714286,317.94268292682926,363.1187804878049,161.5351219512195,90.07738095238095,252.46512195121952,57.55658536585366,134.47829268292682,4.014285714285714,110.89878048780488,14.95829268292683,6.258780487804878,23.900952380952383,147.6092682926829,23.620975609756098,33.006341463414635,4.738095238095238,1.5476190476190477,1.6904761904761905,1.6428571428571428,11.166666666666666,11.166666666666666,11.166666666666666,11.166666666666666,3.0238095238095237,1.3571428571428572,1.6428571428571428,1.5952380952380953,0.424702381,0.14285714285,0.1538690476,0.154166666675,0.2385,15.642857142857142,72.97142857142858,17,0,1106655000,0.090633567,0.747911595,0,1.061,0.38,7.643,7.263,1.321729218,6.581375864,3.384899491,0.198221919,0.194816533,50,150,150,21,18,28,28,51,54,5,5,1.23,1.225394322,1.217697161,0.97,0.919337539,0.45,0.45,0.020168437,0.00798777,21.2994,76.235,511.2784491,491,214,1163,8.215898591,5.095128536,0,102.0978165,8487,8.544531845,1.4641,0.047368421,0.003333333,0.344947735,Tapi,0.399599999,Semi_arid,Train
13007,33.27179468595238,19.846410562857145,26.559075839761906,381.7626634761905,297.6896363690476,1.5365976077857142,-0.2704715618333333,2.781428648785714,48.338451397142855,9.927105020261905,69.009158385,155.19667961904761,527.3691866142857,790.9454761904761,1071.2442857142858,517.6904761904761,118.12142857142857,203.11761904761906,29.993584074285714,31.96312874902439,38.718642629512196,32.39101959268293,13.512443163571428,23.265313874390245,22.693518027317072,18.03754498097561,21.752904668095237,27.61424230292683,30.706084305609757,25.214250299512194,13.196666666666667,723.859756097561,13.669024390243901,59.18951219512195,219.5157142857143,332.9309756097561,372.54048780487807,167.0309756097561,79.39642857142857,261.2709756097561,55.7380487804878,131.9751219512195,2.6680952380952383,99.76536585365854,11.47219512195122,7.031707317073171,18.04095238095238,141.91439024390243,18.12439024390244,29.551951219512194,4.857142857142857,1.5476190476190477,1.8095238095238095,1.7857142857142858,11.166666666666666,11.166666666666666,11.166666666666666,11.166666666666666,3.1904761904761907,1.3333333333333333,1.6666666666666667,1.7619047619047619,0.42648809525,0.1413690476,0.164285714275,0.166666666675,0.797952380952381,221.73809523809524,12034.740476190476,345,7538681.113,13709887119,0.117452139,0.747811737,0,0.79,0.196,8.944,8.748,8.19974909,9.133853408,4.420282076,0.204019741,0.204968413,50,150,125,16,15,29,28,55,57,4,5,1.21,1.231317446,1.227891187,0.75,0.89182554,0.45,0.459334532,0.016295683,0.007560164,21.2972,73.0253,379.2178545,333,1,1556,5.176563504,1.968824387,0,164.6210938,63325,6.053331111,1.3699,NA,NA,0,Tapi,0.627499998,Dry_sub_humid,Train
13010,33.22528274452381,20.003595610238094,26.61442475309524,384.6292960833333,292.51152275714287,1.145560038309524,-0.4568301392142857,2.5691789608333333,47.72202104047619,10.863273369357143,72.36253004904762,162.5662341190476,557.7142682380952,820.917619047619,1073.6492857142857,530.3635714285714,117.92166666666667,209.79285714285714,29.641177262380953,32.06613554536585,39.2262857902439,31.642499000487806,13.730646284285715,23.252666933414634,23.261269882439024,17.787756897317074,21.685890810714287,27.659464213414633,31.24364528097561,24.715153938536584,18.910238095238096,736.459268292683,18.125365853658536,66.98390243902439,222.36380952380952,333.4736585365854,371.9341463414634,166.6407317073171,86.63142857142857,256.4156097560976,62.46365853658536,135.67560975609757,3.807857142857143,94.4829268292683,15.02390243902439,7.390243902439025,16.94904761904762,151.47731707317072,19.140975609756097,26.929024390243903,4.738095238095238,1.5952380952380953,1.9523809523809523,1.5476190476190477,11.166666666666666,11.166666666666666,11.166666666666666,11.166666666666666,2.9285714285714284,1.380952380952381,1.9047619047619047,1.4047619047619047,0.421130952325,0.15,0.181249999975,0.145833333325,1.0864047619047619,17.30952380952381,393.8595238095238,44,0,502452000,0.1466046,0.746256811,0,0.784,0.271,7.598,7.327,14.82516116,7.543160766,3.48116928,0.201996984,0.199747426,50,150,125,16,15,29,28,55,57,4,5,1.21,1.214507042,1.212253521,0.75,0.799577465,0.45,0.45,0.014962204,0.006773073,20.8742,76.9914,398.1531254,341,240,1162,3.661984442,1.359863758,0,121.0914764,9500,4.679410367,1.7152,0.051282051,-0.230769231,0.076655052,Tapi,0.349299997,Semi_arid,Train
13016,33.23867004785714,19.789746922380953,26.514206566190477,381.28628253809524,296.8113712404762,1.487865332404762,-0.38344117707142855,2.7412788019761907,47.80276999857143,9.876274522357143,68.65451086928572,154.1778209095238,527.9170432333333,771.1657142857143,1063.067380952381,510.4654761904762,118.42666666666666,200.3095238095238,29.96092423357143,31.91060775682927,38.80129904536585,32.216209516097564,13.507303827380952,23.137103158536586,22.72362407195122,17.909216313414635,21.734070782142858,27.523890443414633,30.762465535365852,25.062722911463414,14.323095238095238,698.5585365853658,14.726341463414634,62.01731707317073,218.40690476190477,330.3160975609756,369.58658536585364,165.35926829268294,79.38547619047618,257.32463414634145,53.83268292682927,130.43682926829268,2.8814285714285712,98.6839024390244,12.462439024390244,7.217073170731707,17.64309523809524,139.6970731707317,18.465853658536584,28.95878048780488,4.809523809523809,1.5238095238095237,1.6904761904761905,1.7142857142857142,11.166666666666666,11.166666666666666,11.166666666666666,11.166666666666666,3.1904761904761907,1.3095238095238095,1.5714285714285714,1.5952380952380953,0.4238095238,0.142261904775,0.153869047625,0.16041666667499999,0.8268095238095238,207.92857142857142,3363.5714285714284,296,0,5950991249,0.115534758,0.747901766,0,0.786,0.196,8.944,8.748,8.154462341,8.603330057,4.207137619,0.204018725,0.204425466,50,150,125,16,15,29,28,55,57,4,5,1.21,1.229123711,1.226304124,0.75,0.886469072,0.45,0.459237113,0.016094838,0.007458702,21.4283,74.5272,402.7606491,349,100,1556,5.042249276,1.941541433,0,164.6210938,58400,5.898194079,1.4088,0.723809524,-0.461904762,0.210220674,Tapi,0.336899996,Semi_arid,Train
13025,33.39160156119048,20.03203849404762,26.711821324761903,384.73600024285713,293.53425484285714,1.2702213679047618,-0.5071814268095238,2.6563899351666667,47.42428029333333,10.556211691666666,70.82160677214286,160.3716736952381,549.0595588833334,801.7352380952381,1076.8857142857144,521.8340476190476,118.9902380952381,216.24404761904762,29.918711449761904,32.168184725609756,39.306898197317075,31.902059176585364,13.77498749047619,23.24245301902439,23.28541622487805,17.876493402682925,21.846810334285713,27.70535185878049,31.296158537317073,24.88928028829268,17.298809523809524,719.9743902439025,18.069268292682928,65.52536585365854,223.07095238095238,333.4534146341463,374.17731707317074,167.00878048780487,84.11261904761905,255.5712195121951,57.95585365853658,134.87048780487805,3.6147619047619046,96.05780487804878,14.672926829268294,7.458780487804878,18.031904761904762,155.33073170731709,19.58560975609756,28.130243902439023,4.690476190476191,1.5238095238095237,1.7380952380952381,1.5714285714285714,11.166666666666666,11.166666666666666,11.166666666666666,11.166666666666666,3.0714285714285716,1.380952380952381,1.5952380952380953,1.5238095238095237,0.415476190475,0.143749999975,0.16250000005,0.147916666675,1.0013571428571428,32.61904761904762,718.5,76,0,931944000,0.14206921,0.746501679,0,0.776,0.271,7.71,7.44,14.45226307,7.715013253,3.748091243,0.202321924,0.201086688,50,150,125,16,15,29,28,55,57,4,5,1.21,1.215107914,1.212553957,0.75,0.80618705,0.45,0.45,0.014993027,0.007105971,20.9358,76.4756,384.4972704,335,215,1162,3.8602269,1.436176181,0,121.0914764,16517,4.748584171,1.7987,0.263157895,-0.075098814,0.138211382,Tapi,0.354999989,Semi_arid,Train
14001,31.761523362380952,20.406696339761904,26.084114150238094,390.9713848357143,299.29777697857145,1.0916855175714286,0.12494977573809524,1.8268889479761905,65.51025957928572,15.10138778847619,77.16934368595238,211.5538132285714,631.25575455,2578.669523809524,1068.4442857142858,637.8319047619048,225.13261904761904,320.2140476190476,30.69976113142857,29.677798881219513,35.29853128341463,32.091499400243904,15.665250266428572,23.09182527,21.87731707292683,19.836345462195123,23.18247976047619,26.384760096097562,28.587974548536586,25.963958416585367,3.150714285714286,2498.306829268293,18.701707317073172,121.32780487804878,235.44285714285715,304.47609756097563,372.3626829268293,176.47975609756097,125.64142857142858,275.7141463414634,89.77292682926829,159.19585365853658,1.0383333333333333,213.05439024390245,4.841463414634147,11.664146341463415,70.25785714285715,136.53365853658536,52.052926829268294,67.46609756097561,4.404761904761905,1.6428571428571428,1.880952380952381,1.880952380952381,11.166666666666666,11.119047619047619,11.166666666666666,11.166666666666666,2.857142857142857,1.4761904761904763,1.7857142857142858,1.8333333333333333,0.399702380925,0.147862554125,0.164583333325,0.164583333325,0.905952380952381,8,46.2,8,2371.54,504834000,0.090301395,0.749874194,0,1.234,0.484,7.579,7.096,1.251239669,10.38390545,4.40833164,0.247309099,0.266964018,50,150,50,49,38,28,23,23,39,10,5,1.4,1.40125,1.3371875,0.58,0.8221875,0.4,0.4225,0.032697518,0.017375158,19.1622,73.2544,220.3222799,114,4,1096,14.38822241,6.279997826,0,199.2953644,785,19.87085537,1.2989,NA,NA,0.00232288,Ulhas,1.798599958,Humid,Train
14003,32.122493618571426,20.38596852190476,26.25422735452381,389.7175726452381,300.42628289285716,1.2609460298333333,0.30716520780952383,2.2270601320238095,62.23040128738095,14.02857563395238,75.45773409785714,205.93230740238096,613.7040070047619,2650.817857142857,1073.7414285714285,587.7240476190476,202.21928571428572,326.25214285714287,30.85326399642857,30.203630547804877,35.614355779756096,32.50730507756098,15.309507161428572,23.39690523804878,21.80614528097561,19.74163134829268,23.081362845238093,26.800295881219512,28.710246553658536,26.124402239512197,3.676190476190476,2601.901707317073,12.552682926829268,97.25170731707317,230.20595238095237,314.67658536585367,374.1748780487805,175.2580487804878,105.90928571428572,279.7690243902439,58.961463414634146,154.8358536585366,1.0280952380952382,192.41,3.490731707317073,10.197560975609756,63.02166666666667,160.9658536585366,43.369268292682925,65.31560975609756,4.642857142857143,1.8095238095238095,1.8333333333333333,1.2142857142857142,11.166666666666666,11.166666666666666,11.166666666666666,11.166666666666666,3.1904761904761907,1.5476190476190477,1.8095238095238095,1.1904761904761905,0.414880952425,0.15982142855,0.1604166666,0.10625,0.14683333333333334,20.5,723.2666666666667,14,6801.833,1089009615,0.090000004,0.749894209,0,1.068,0.243,7.645,7.402,1.254045307,10.62771019,4.334788226,0.242188314,0.257569285,50,150,50,49,38,28,23,23,39,10,5,1.4,1.403188406,1.329130435,0.58,0.707536232,0.4,0.4,0.028966954,0.013925528,19.7125,72.9306,236.6053879,164,-13,1226,10.74938428,6.016828537,0,146.7279358,2019,13.11557345,1.5578,0.419117647,-0.051470588,0.324041812,Vaitarna,1.398900032,Humid,Train
14004,32.82359037095238,21.132927784761904,26.978233428333333,381.7266883238095,303.57827051904763,1.4252076465952381,0.49426903245238096,2.5044620784285714,57.57565476285714,12.503651514809524,72.03030119285714,181.1835205595238,512.1661346619047,1630.0604761904763,1053.392619047619,571.9197619047619,166.9847619047619,283.127380952381,30.75023961,31.53678328707317,36.132428420731706,33.43313074780488,15.543264183571429,24.436187524878047,22.701495227317075,20.466901239512197,23.146751408809525,27.986447421219513,29.41687698829268,26.950067973170732,5.383571428571429,1586.958780487805,6.749024390243902,70.59536585365854,215.22452380952382,326.66926829268294,364.64682926829266,167.2951219512195,98.15333333333334,281.1148780487805,55.905853658536586,148.3009756097561,1.3888095238095237,157.4609756097561,3.9136585365853658,8.260243902439024,41.706428571428575,164.42512195121952,28.053658536585367,54.83048780487805,4.785714285714286,1.5238095238095237,2.0952380952380953,1.7857142857142858,11.166666666666666,11.166666666666666,11.166666666666666,11.166666666666666,3.2142857142857144,1.3571428571428572,2.0238095238095237,1.7857142857142858,0.424702380925,0.13779761905,0.189285714275,0.159226190475,0.15742857142857142,15,0,1,418,3401000,0.090447545,0.749864488,0,1.335,0.552,7.684,7.132,1.225248821,10.43591615,5.489554979,0.215903969,0.226919933,125,150,150,49,38,28,23,23,39,10,5,1.4,1.37125,1.305178571,0.58,0.686785714,0.4,0.403928571,0.025691407,0.010702169,20.8569,72.9836,295.4921763,271,1,1116,11.91402325,7.64152956,0,104.7578964,1510,9.797511354,1.4405,NA,0.044444444,-0.015098722,Ambika,0.921700001,Humid,Train
14005,31.46123570404762,21.563889645,26.51259730452381,400.8125498785714,287.35803537142857,1.0608675066190476,0.3629939968809524,1.6782103744285715,71.61191136595238,19.639292701214284,76.64536625238095,207.1293964,619.0129906357142,3627.894523809524,1230.547380952381,878.2783333333333,270.1359523809524,383.20714285714286,31.803611278333335,29.081589364634148,34.157391303902436,31.59346661414634,18.324649639047617,22.877357058292684,23.168120360487805,21.28093162682927,25.064198548333334,25.979538184146342,28.662741250731706,26.4372251097561,8.694761904761904,3463.849756097561,78.34146341463415,165.28170731707317,274.5314285714286,405.7960975609756,378.28414634146344,195.25317073170731,175.59142857142857,399.37243902439025,133.51853658536587,186.93463414634147,2.427619047619048,238.68951219512195,13.636585365853659,21.91170731707317,111.315,100.49634146341464,77.78780487804877,100.23951219512195,4.428571428571429,1.6666666666666667,1.6666666666666667,1.7380952380952381,11.166666666666666,11.166666666666666,11.166666666666666,11.166666666666666,2.9285714285714284,1.5,1.6428571428571428,1.7380952380952381,0.398809523775,0.148809523775,0.145833333325,0.15208333335,0.025619047619047618,0,0,0,0,0,0.013150685,0.723819257,0,2.631,0.659,4.501,3.842,1.194756554,9.591552116,2.938855922,0.259147023,0.280366123,50,150,50,47,36,30,27,23,37,35,19,1.4,1.397333333,1.304666667,1.13,1.074333333,0.41,0.401666667,0.046096753,0.02732037,15.4711,74.1,387.6009154,289,4,1020,17.25287672,13.20188904,0,154.5385284,880,31.42030988,1.634,0.466666667,-0.454545455,0.193960511,Mandovi,1.778499961,Humid,Train
14009,31.26604434357143,20.488076752857143,25.877034506666668,395.2434557047619,296.45954226904763,1.2348418482857142,0.18409635019047618,1.802357549857143,67.52546426952381,15.788349182666666,77.2730429195238,213.04042859047618,674.3392319261905,3425.344285714286,1088.9033333333334,691.3419047619047,232.02,355.6533333333333,30.490238919523808,28.97174730097561,34.82148727414634,31.55435825609756,16.216271800238093,22.72324670097561,22.009883351463415,20.040447821219512,23.353291426428573,25.847437025121952,28.415652174390242,25.797377049512196,5.262380952380952,3324.321707317073,30.45658536585366,148.72024390243902,243.82857142857142,318.4534146341463,368.8190243902439,178.41390243902438,137.66690476190476,297.31560975609756,104.38219512195121,165.48146341463413,1.0283333333333333,219.6248780487805,4.614390243902439,12.386341463414634,79.04214285714286,143.87146341463415,62.31463414634146,77.17170731707317,4.357142857142857,1.8095238095238095,2.142857142857143,1.9761904761904763,11.166666666666666,11.095238095238095,11.166666666666666,11.166666666666666,2.7142857142857144,1.6666666666666667,2.119047619047619,1.9285714285714286,0.39255952385,0.16126082252499999,0.18749999995,0.17291666665,0.26195238095238094,2,0,2,1994.9927,13551818.6,0.090000004,0.749894209,0,1.248,0.63,1.867,1.237,1.252077562,9.10004378,4.286056366,0.249577882,0.269665067,50,50,50,49,38,28,23,23,39,10,5,1.4,1.398181818,1.318181818,0.58,0.693636364,0.4,0.421818182,0.03348022,0.01567414,18.2317,73.2833,187.8867631,92,5,1053,14.29251479,5.990172386,0,188.3014832,259,24.49157594,1.4451,-0.090909091,0,-0.1242741,Savitri,2.308300018,Humid,Train
14012,32.82400569047619,21.132761537857142,26.97836132095238,378.8992338142857,303.7476644642857,1.3062040844285714,0.45268817014285717,2.521777151595238,60.866011948571426,13.298087170023809,75.58318397309525,202.09997988809525,573.903377645238,1821.7033333333334,1040.222380952381,570.3264285714286,198.24690476190477,279.5188095238095,30.75068663595238,31.536701320243903,36.133796394634146,33.433142743170734,15.543276827142858,24.435937624878047,22.701540297560975,20.466341463414633,23.14701282952381,27.98627549,29.417608695365853,26.94975209926829,3.807142857142857,1772.45,9.724634146341463,80.06048780487805,220.34285714285716,307.57756097560974,365.11024390243904,167.18878048780488,104.42214285714286,267.5121951219512,63.11780487804878,146.63780487804877,1.3702380952380953,186.4960975609756,4.868048780487805,10.314390243902439,53.152142857142856,135.9419512195122,35.44634146341463,60.49951219512195,4.809523809523809,1.6666666666666667,1.9285714285714286,1.7142857142857142,11.166666666666666,11.166666666666666,11.166666666666666,11.166666666666666,3.0952380952380953,1.4761904761904763,1.8333333333333333,1.7142857142857142,0.428869047525,0.148809523775,0.168749999975,0.149999999975,0.25123809523809526,4.785714285714286,26.15,8,0,42790000,0.090000004,0.749894209,0,0.867,0.463,7.155,6.692,1.032528856,8.801553453,3.610700464,0.223259148,0.226722351,150,150,150,49,38,28,23,23,39,10,5,1.4,1.4,1.31,0.58,0.58,0.4,0.4,0.028940622,0.010580927,20.2033,73.2811,430.3264143,421,96,903,15.43037401,11.69799042,0,78.98969269,764,20.6392592,1.5613,0.123809524,-0.00952381,-0.017421603,Damanganga,1.516800046,Humid,Train
14014,32.49531725595238,20.769305854285715,26.63230201095238,383.43418485,300.9802047714286,1.1548464465714285,0.4271785493095238,2.3889803549761903,61.54448765904762,14.287743976452381,77.30236183833334,213.21437373571428,646.7130445666667,2148.8714285714286,1045.7592857142856,573.3792857142857,215.04142857142858,302.44,30.796229332380953,30.908596560731706,35.90427624560976,32.98880047951219,15.417645748095238,23.93470411804878,22.275729056585366,20.10682527,23.106911103333335,27.421701319268294,29.08994962902439,26.54778488609756,3.482142857142857,2096.3075609756097,9.747317073170732,91.6609756097561,223.48404761904763,306.02682926829266,366.74439024390244,169.55951219512195,106.55761904761904,269.1524390243902,59.56292682926829,149.49219512195123,1.2152380952380952,203.87975609756097,4.239512195121951,10.92219512195122,62.947380952380954,136.97463414634146,43.20317073170732,65.15609756097561,4.833333333333333,1.7142857142857142,1.7857142857142858,1.7142857142857142,11.166666666666666,11.166666666666666,11.166666666666666,11.166666666666666,3.119047619047619,1.5714285714285714,1.7857142857142858,1.6666666666666667,0.430059523875,0.15148809525,0.15625,0.149999999975,0.10166666666666667,0.47619047619047616,5.523809523809524,5,0,36462000,0.090000004,0.749894209,0,0.939,0.569,7.391,6.822,1.015348288,8.846401356,3.504646681,0.23633121,0.246042658,50,150,50,49,38,28,23,23,39,10,5,1.4,1.4,1.31,0.58,0.58,0.4,0.4,0.030456075,0.012253605,20.1111,73.2647,399.2818217,388,80,1218,16.29858886,13.2059288,0,146.7279358,640,24.73087087,1.515,0.231578947,-0.095238095,0.182346109,Wagh,1.557800055,Humid,Train
15001,29.731482163333332,19.49747123547619,24.614499133333332,409.9621043642857,288.61035435,1.2566589183095238,-0.12408337342857143,1.8175799881904762,74.75937400261905,22.260894736476192,77.11335697,208.4506663904762,626.5489843285715,3880.8735714285713,1262.8819047619047,1124.280238095238,236.57690476190476,338.1895238095238,30.406740546428573,27.106295481707317,32.85509013829268,29.1806997202439,16.914951240714284,20.393972410731706,20.938303287073172,19.36532187195122,23.660899298809525,23.75011595414634,26.89674178219512,24.273010795609757,18.113333333333333,3390.5534146341465,219.74658536585366,346.6739024390244,305.3,410.5912195121951,360.960487804878,209.38585365853658,259.6697619047619,408.7275609756098,273.10439024390246,203.86658536585367,4.022142857142857,195.46170731707318,20.175365853658537,22.589756097560976,81.0852380952381,115.55317073170731,62.318536585365855,85.50341463414634,3.857142857142857,2.1666666666666665,2.380952380952381,2.238095238095238,11.166666666666666,11.166666666666666,11.166666666666666,11.166666666666666,2.3333333333333335,2,2.2857142857142856,2.238095238095238,0.34732142855,0.192559523825,0.2083333333,0.195833333325,0.08219047619047619,3,0,0,0,0,0.013495145,0.723074549,0,2.149,1.07,4.739,3.669,1.663972286,10.72855063,3.532761588,0.261528157,0.282050286,50,150,150,44,35,33,24,23,41,11,26,1.39,1.3916,1.2932,0.99,1.0124,0.38,0.3848,0.048928873,0.018835606,12.9289,74.9539,186.5246485,104,2,1880,10.24535598,6.037479401,0,138.7061005,688,19.93988699,1,0.424242424,0,0.326364692,Gurupur,1.890300035,Humid,Train
15003,30.13486210952381,20.274502896428572,25.20470980857143,379.76978423571427,305.89485641666664,0.7442926798809524,0.15611405197619047,2.1785201609285716,70.74278421357143,19.26526803547619,59.49599259523809,136.8513917142857,406.7699269547619,857.1478571428571,1331.547380952381,1069.9266666666667,194.2759523809524,365.7602380952381,28.87545717547619,29.69522590926829,32.921826617560974,28.578256697073172,18.070128834761906,21.11117153121951,21.51331919390244,20.027872850731708,23.472854370476192,25.403232707560974,27.217621950487803,24.30297880902439,74.91214285714285,385.25341463414634,134.90121951219513,281.16,310.77785714285716,450.7987804878049,383.3036585365854,211.5639024390244,224.4204761904762,452.01268292682926,208.44439024390243,205.67121951219514,17.681428571428572,87.97341463414634,59.35048780487805,33.57780487804878,108.49,89.98365853658537,113.42975609756098,60.13170731707317,4.190476190476191,1.7857142857142858,1.2380952380952381,1.2857142857142858,11.166666666666666,11.166666666666666,11.166666666666666,11.166666666666666,3.119047619047619,1.7380952380952381,1.2142857142857142,1.2857142857142858,0.3785714286,0.15833333325,0.108333333325,0.1125,1.5731666666666666,2,164.2,4,4909,0,0.01,0.722769797,0,1.705,0.578,9.192,8.614,1.111504425,13.26474011,4.622461216,0.260572762,0.276143854,150,150,150,46,41,30,26,24,33,5,7,1.39,1.3903125,1.321875,1.73,1.456875,0.77,0.6246875,0.041953148,0.012699,10.6303,76.9461,670.3725341,384,223,2504,17.42716162,4.561121941,0,225.5987854,950,37.07785677,1.3921,NA,NA,-0.06155633,Bharathapuzha,0.713,Humid,Train
15005,28.83317924452381,19.478560865714286,24.155841375,399.51994756666664,290.7722208166667,0.5408773906666666,0.25137631442857145,1.1961280405238095,80.00537573547619,30.198880649523808,79.688987095,200.09854387857143,512.5516251642857,2321.8366666666666,1278.6259523809524,1208.6661904761904,319.6259523809524,429.6957142857143,28.546851451190477,27.625837665365854,31.354013784634148,27.773330667804878,17.64952518595238,19.96524790097561,20.724777306341462,19.348684527317072,23.098153140714285,23.79550579780488,26.03943001097561,23.560919632439024,65.44642857142857,1686.6463414634147,261.50975609756097,363.2680487804878,285.55238095238093,456.4582926829268,354.12365853658537,206.7129268292683,267.5030952380952,451.61756097560976,307.77,204.73073170731706,20.545952380952382,182.43975609756097,81.51756097560975,42.41731707317073,140.69119047619049,109.27853658536586,122.28048780487805,64.49439024390244,3.9285714285714284,1.9285714285714286,1.7142857142857142,1.7857142857142858,11.166666666666666,11.166666666666666,11.166666666666666,11.166666666666666,2.4047619047619047,1.7619047619047619,1.6428571428571428,1.7857142857142858,0.360714285725,0.1702380952,0.15,0.15625,0.18185714285714286,5,767.8,7,72981,0,0.01,0.722769797,0,2.986,0.802,4.541,3.739,2.716096324,8.24651434,2.660656746,0.285522769,0.302051177,50,150,50,47,36,30,27,23,37,35,19,1.4,1.396136364,1.317045455,1.13,1.294545455,0.41,0.513636364,0.053600663,0.017377818,10.2814,76.3153,699.1831903,699,-5,2315,21.29511151,17.73546791,0,201.0261993,1342,26.83593886,1.328,0.156862745,-0.339869281,0.246225319,Periyar,1.915199995,Humid,Train
15007,31.954359415714286,23.413119566190478,27.683752180714286,414.2028504095238,288.46926137857145,1.2889236153809525,-0.8307970098571429,2.181128940738095,77.34396788333333,25.739244868095238,70.71140396428571,173.73900378809523,440.8090663404762,1473.4888095238096,1386.665238095238,1137.6619047619047,239.6392857142857,369.5964285714286,31.445177715714287,31.519088364878048,33.65807794170732,30.937792882439023,22.025407987857143,23.77686725292683,24.48636797512195,23.119416233658537,26.73528957404762,27.647984806585367,29.072197772682927,27.028740504634147,135.80666666666667,605.8095121951219,286.22829268292685,478.27073170731705,296.81928571428574,514.8819512195122,387.1687804878049,214.37682926829268,220.9702380952381,520.5351219512195,208.66268292682926,209.8521951219512,15.846904761904762,129.07463414634145,65.07146341463415,35.10463414634146,81.37285714285714,157.13585365853658,81.48024390243903,56.637317073170735,3.380952380952381,2.0476190476190474,1.9523809523809523,2.5952380952380953,11.166666666666666,11.166666666666666,11.166666666666666,11.166666666666666,2.261904761904762,1.9523809523809523,1.9523809523809523,2.5238095238095237,0.303571428625,0.187500000025,0.1708333333,0.239583333325,0.15535714285714286,0,0,0,0,0,0.01,0.722769797,0,3.493,1.17,4.83,3.659,1.689863843,7.185348745,2.463738095,0.27017921,0.28657955,50,150,150,44,35,33,24,23,41,11,26,1.39,1.393333333,1.296666667,0.99,1.036666667,0.38,0.39,0.046212578,0.016299148,8.715,76.85,193.109308,114,11,1592,13.59750443,9.459083557,0,123.5469971,540,12.02645961,1.3291,0.352688172,-0.404301075,0.232288037,Vamanapuram,1.244199991,Humid,Train
15008,29.66141836261905,19.728482550714286,24.694924982142858,408.19948394285717,287.6656224642857,0.9285470346904762,0.18477222197619048,1.2568020106190476,75.03894977166667,26.757329096666666,80.4926049204762,212.14994887142856,585.108015602381,2965.0819047619048,1375.387380952381,1313.2745238095238,319.4685714285714,354.78833333333336,30.32562803095238,27.15295081926829,32.62020413585366,29.13318272707317,17.37812040738095,20.46392642926829,21.129578472682926,19.636013594390246,23.851775040714287,23.808404638780488,26.874915164390245,24.38458216707317,18.97547619047619,2510.5853658536585,212.84829268292683,294.5290243902439,308.5416666666667,490.1648780487805,381.5987804878049,221.10268292682926,293.585,486.87341463414634,337.00170731707317,220.6848780487805,7.905238095238095,222.30243902439025,62.9780487804878,33.881951219512196,112.40142857142857,87.03975609756097,76.17243902439024,85.08658536585367,4.190476190476191,1.9523809523809523,2.0476190476190474,2.0238095238095237,11.166666666666666,11.166666666666666,11.166666666666666,11.166666666666666,2.5238095238095237,1.8333333333333333,1.9523809523809523,2.0238095238095237,0.37797619045,0.1779761904,0.179166666675,0.1770833333,0.05516666666666667,1,0,0,0,0,0.01,0.722769797,0,2.97,0.931,4.849,3.918,1.310632911,11.73816453,3.656126917,0.262114281,0.284376374,50,150,150,47,36,30,27,23,37,35,19,1.4,1.395794393,1.301588785,1.13,1.014579439,0.41,0.39635514,0.048911805,0.02077272,12.8808,75.0411,360.950961,163,5,1713,16.17258581,10.32374096,0,212.0102997,3184,25.3623541,1.6283,-0.457142857,-0.076190476,0.238095238,Nethravathi,2.124300003,Humid,Train
15009,29.64591735904762,19.80276495809524,24.724333360238095,402.62312987857143,289.42690354285713,0.9035823175952381,-0.006964564047619047,1.2930531036904762,76.56104769595238,27.155783981666666,79.50426621357143,209.1340266595238,536.4932239595238,3635.3885714285716,1335.3440476190476,1131.9690476190476,319.9504761904762,329.18333333333334,30.311527785,27.168210716341463,32.55380699902439,29.128616552682928,17.518126311904762,20.492538984634148,21.19254506902439,19.721743302195122,23.914853660238094,23.830339864390243,26.8731442202439,24.425205918048782,26.846190476190475,3131.672195121951,237.69585365853658,327.18756097560976,294.7111904761905,480.0921951219512,377.15804878048783,208.7639024390244,228.9804761904762,484.09195121951217,236.3009756097561,204.61975609756098,7.996904761904762,231.8221951219512,54.24512195121951,33.494878048780485,100.50880952380952,88.43634146341464,67.60317073170732,78.21243902439025,4.285714285714286,1.9285714285714286,1.9047619047619047,1.5238095238095237,11.166666666666666,11.166666666666666,11.166666666666666,11.166666666666666,2.738095238095238,1.7380952380952381,1.7857142857142858,1.5238095238095237,0.38511904765,0.170833333275,0.16666666665,0.1333333333,0.031357142857142854,0,0,0,0,0,0.01,0.722769797,0,3.633,1.211,4.857,3.646,1.138964578,13.33858721,4.022391384,0.260573681,0.284548426,50,150,50,47,36,30,27,23,37,35,19,1.4,1.398387097,1.306774194,1.13,0.965483871,0.41,0.402580645,0.050484924,0.021488137,12.4792,75.1472,299.4820565,192,15,1459,18.83912565,15.51629639,0,110.4863129,957,21.97568917,1.3912,0.206896552,-0.194581281,0.135888502,Payaswani,2.513000011,Humid,Train
15010,29.815920004285715,19.48100649547619,24.648435115,406.1108336238095,284.8400296238095,0.8642906740714286,0.4257906316904762,1.5379788135714285,75.3467099902381,22.226075582666667,78.10268876119048,209.97756815,639.2220256,3991.6938095238097,1402.157380952381,1221.905,260.1740476190476,356.67833333333334,30.553983710238096,27.14569572195122,32.89012725341463,29.348792482682928,16.741706253809525,20.49100159902439,20.91623276804878,19.36121551317073,23.64770126904762,23.818306677560976,26.903284729268293,24.35495801780488,16.46142857142857,3655.8658536585367,164.88292682926829,251.44048780487805,308.3069047619048,518.1580487804878,386.6287804878049,215.7429268292683,249.7840476190476,522.5573170731707,261.24024390243903,212.03365853658536,4.024761904761904,217.64341463414635,19.520975609756096,25.232439024390246,101.69,96.75219512195122,72.12170731707317,92.33365853658536,4.190476190476191,1.9047619047619047,1.7380952380952381,1.7142857142857142,11.166666666666666,11.166666666666666,11.166666666666666,11.166666666666666,2.6904761904761907,1.7142857142857142,1.7142857142857142,1.619047619047619,0.377083333325,0.169642857075,0.152083333325,0.150000000025,0.01685714285714286,3.7857142857142856,1073.9642857142858,4,2045.28,0,0.01,0.722769797,0,2.357,0.518,4.569,4.051,2.275510204,11.14993289,3.599794429,0.258974116,0.282981624,50,150,50,47,36,30,27,23,37,35,19,1.4,1.397647059,1.305294118,1.13,1.097058824,0.41,0.402941176,0.052736602,0.027256819,13.5817,74.8578,346.8098047,261,7,958,12.51969815,8.475580215,0,135.6880493,583,15.24628739,1.6113,NA,NA,-0.078977933,Halady,3.120800018,Humid,Train
15011,30.82971824547619,22.069919440238095,26.449800739047618,414.8558329333333,292.0347247214286,0.663842913047619,-0.12533205195238095,0.8837194769047619,79.99212408928571,32.68321596380952,85.23243799880952,216.7045676595238,504.2188959119048,2995.907142857143,1373.162380952381,1117.8438095238096,364.23357142857145,464.50880952380953,30.853820075714285,29.607508995853657,32.963743371219515,29.931083566341464,20.75751662047619,22.257656937073172,23.23720042390244,21.880051979512196,25.805638505714285,25.932566973170733,28.100434783170734,25.90560175902439,67.63809523809523,2193.4253658536586,361.76951219512193,444.49536585365854,296.3647619047619,500.5926829268293,388.460243902439,214.0080487804878,220.8357142857143,504.6619512195122,204.9719512195122,209.25243902439024,23.64690476190476,199.1931707317073,106.07317073170732,43.62731707317073,151.33904761904762,122.43341463414635,129.87414634146342,68.50048780487805,4.095238095238095,1.7380952380952381,1.8571428571428572,1.8333333333333333,11.166666666666666,11.166666666666666,11.166666666666666,11.166666666666666,2.4761904761904763,1.5,1.6428571428571428,1.8095238095238095,0.36964285715,0.15208333335,0.162499999975,0.16041666667499999,0.04147619047619048,0,0,0,0,1200896037,0.01,0.722769797,0,3.899,1.26,4.866,3.606,1.529032258,7.67062173,2.668419987,0.283437856,0.295215165,50,150,50,47,36,30,27,23,37,35,19,1.4,1.395714286,1.301428571,1.13,1.07,0.41,0.397142857,0.047093263,0.015516363,9.9906,76.6322,243.4098557,74,14,1170,16.68468226,9.364622116,0,146.4047394,405,18.48594676,1.3368,0.436507937,-0.436507937,0.358885017,Muvattupuzha,1.961899996,Humid,Train
15012,31.08785073452381,22.402617005238096,26.745299532619047,417.57128907142857,291.1102423690476,0.8841481752857143,-0.3781822429047619,1.2581983278333333,78.63024036880952,32.128742980238094,84.16480272714286,212.68162833095238,504.06447722380955,2909.499523809524,1356.0078571428571,1295.4911904761905,329.95166666666665,472.24309523809524,31.148914806904763,29.865821671463415,33.173210498536584,30.208584565609755,21.155023524285713,22.55319672121951,23.559870095609757,22.204730107560977,26.15210088547619,26.20957417097561,28.36658006414634,26.20666933195122,84.45714285714286,1947.7653658536585,401.7221951219512,544.4582926829269,335.0466666666667,439.9573170731707,385.66634146341465,220.2390243902439,313.3654761904762,441.21292682926827,345.83975609756095,219.02731707317074,28.407619047619047,170.14536585365855,93.84048780487805,44.912926829268294,134.79880952380952,157.14560975609757,122.83073170731707,65.69829268292683,3.3333333333333335,2.2142857142857144,2.380952380952381,2.2142857142857144,11.166666666666666,11.166666666666666,11.166666666666666,11.166666666666666,2.238095238095238,2.119047619047619,2.2857142857142856,2.1904761904761907,0.293749999975,0.19375,0.208333333325,0.19375,0.1125,0,0,0,0,0,0.01,0.722769797,0,3.738,0.935,4.74,3.806,1.442791762,8.859162598,2.892804206,0.277192077,0.294626363,50,150,50,47,36,30,27,23,37,35,19,1.4,1.396521739,1.303043478,1.13,1.081304348,0.41,0.399565217,0.041822384,0.01321104,9.4036,76.6503,195.739668,106,4,1395,16.59830917,11.35396957,0,146.9922333,731,17.79131475,1.5751,-0.162393162,-0.307692308,0.236933798,Pampa,1.829599977,Humid,Train
15013,29.04298409357143,19.031354366666665,24.037202088333334,414.53096123095236,289.3744698928571,1.4810950929285713,-0.06561604602380952,1.8109790363095237,75.63399118857143,25.660741703095237,80.09475145690476,210.20045095714286,564.9995070619048,2260.9909523809524,1336.745,1266.347857142857,237.93404761904762,363.00214285714287,28.642751232619048,27.613634547317073,32.00476670170732,27.92485805682927,16.791225181428572,19.720775689512195,20.360381760243904,18.973150739512196,22.717045986428573,23.667289084390244,26.182502650731706,23.449044382682928,36.90571428571429,1610.5117073170732,252.25634146341463,415.5631707317073,319.8614285714286,448.7978048780488,381.7509756097561,211.13682926829267,298.0488095238095,446.55146341463416,336.61243902439026,208.75219512195122,9.329761904761904,162.6229268292683,40.125365853658536,31.43170731707317,78.71,150.72878048780487,67.74170731707316,72.75560975609756,3.9523809523809526,1.9523809523809523,2.261904761904762,1.8333333333333333,11.166666666666666,11.166666666666666,11.166666666666666,11.166666666666666,2.5238095238095237,1.5952380952380953,2.1666666666666665,1.7857142857142858,0.35148809525,0.172321428575,0.19791666665,0.16041666667499999,0.4515952380952381,4,0,0,0,0,0.01,0.722769797,0,2.576,0.808,4.934,4.126,1.577731092,11.61855982,3.337689532,0.26245521,0.286233975,50,150,150,44,35,33,24,23,41,11,26,1.39,1.3904,1.2908,0.99,0.9956,0.38,0.3812,0.045529975,0.013986038,11.0569,76.0394,117.5202999,67,9,1316,12.05655365,7.414783478,0,181.6793671,750,5.78783182,1.4823,0.380952381,-0.494708995,0.348432056,Kadalundi,1.800999999,Humid,Train
15014,31.08785073452381,22.402617005238096,26.745299532619047,418.3505071238095,291.2821595690476,0.7170198773333334,-0.2908952717619048,1.0412351770476191,78.98746279071429,32.35549644190476,85.14496586809524,215.39538449761903,493.65552270952384,3019.808095238095,1316.7288095238096,1249.3628571428571,338.2845238095238,457.18833333333333,31.148914806904763,29.865821671463415,33.173210498536584,30.208584565609755,21.155023524285713,22.55319672121951,23.559870095609757,22.204730107560977,26.15210088547619,26.20957417097561,28.36658006414634,26.20666933195122,77.22404761904762,2077.471707317073,409.68341463414635,527.199268292683,324.2504761904762,429.6534146341463,377.1229268292683,209.90878048780488,302.43809523809523,428.32,334.0539024390244,207.64658536585367,25.987380952380953,185.14853658536586,89.56414634146341,45.20146341463415,140.07357142857143,140.99682926829269,117.07707317073171,66.77536585365854,3.4285714285714284,2.0238095238095237,2.0714285714285716,1.9047619047619047,11.166666666666666,11.166666666666666,11.166666666666666,11.166666666666666,2.2142857142857144,1.9761904761904763,2.0714285714285716,1.9047619047619047,0.30446428575,0.17708333335,0.18125,0.166666666675,0.1495952380952381,0,0,0,0,0,0.01,0.722769797,0,3.703,0.926,4.864,3.938,1.71253406,8.851023586,2.968091443,0.277481034,0.29341046,50,150,50,47,36,30,27,23,37,35,19,1.4,1.396190476,1.302380952,1.13,1.076666667,0.41,0.398571429,0.045343758,0.014391619,9.6756,76.6056,183.4731835,85,4,1182,17.57656285,11.22956944,0,147.8312836,615,14.78241399,1.2889,-0.032019704,-0.209359606,0.308943089,Meenachil,1.912700057,Humid,Train
15016,29.18852028690476,19.667883821666667,24.428127608809525,404.6925523595238,298.1239916357143,1.0735619010714286,0.17646489978571428,2.6580493193809525,71.48929647785714,20.842237746428573,67.61959383833333,170.0503228547619,491.06532772142856,1467.5257142857142,1192.2933333333333,1003.8257142857143,222.3907142857143,385.6635714285714,28.638677474285714,28.173926429756097,31.801362672682927,27.994110355609756,17.719430588809523,20.257159136341464,20.916166489268292,19.510519791463416,23.179059010714287,24.215421831219512,26.35869830390244,23.752183126341464,48.048809523809524,962.08,185.27219512195123,306.7460975609756,291.1771428571429,382.9351219512195,346.5985365853659,193.5609756097561,236.05690476190478,351.85829268292684,250.91487804878048,183.72170731707317,11.296190476190477,139.19682926829267,46.011707317073174,31.034634146341464,90.96642857142857,137.6051219512195,89.22463414634146,75.05512195121952,4.190476190476191,1.619047619047619,1.5714285714285714,1.5238095238095237,11.166666666666666,11.166666666666666,11.166666666666666,11.166666666666666,3.0714285714285716,1.5476190476190477,1.4761904761904763,1.5,0.376488095275,0.144642857075,0.13749999995,0.133333333325,1.7045714285714286,16.928571428571427,589.2142857142858,11,8548,754340400,0.010044763,0.722773699,0,1.624,0.252,9.192,8.941,1.817751649,14.47821122,4.594461024,0.252294092,0.27239259,50,150,150,44,35,33,24,23,41,11,26,1.39,1.385,1.299175258,0.99,1.092371134,0.38,0.436546392,0.039191633,0.013237369,10.85,76.02,289.7702171,148,-14,2504,11.35261467,4.561121941,0,314.53570559999997,5755,14.93161714,1.4701,-0.19047619,0.151515152,-0.378629501,Bharathapuzha,1.747599959,Humid,Train
15017,29.086604563809523,18.952417089285714,24.019515357380953,402.35950767142856,293.61571698333336,0.8844452647142858,0.5451524918571429,1.2592002711904762,76.72103619595238,29.190954197142858,83.37085610833333,213.33568246428572,548.3205843142857,2091.198095238095,1202.1916666666666,1112.3857142857144,271.82119047619045,350.9761904761905,28.66166244357143,27.619492203170733,32.13036055121951,27.95588564585366,16.63517140238095,19.680531786829267,20.29668610804878,18.906885246341464,22.64844115714286,23.650079968536584,26.21347030804878,23.43131147512195,53.882380952380956,1529.5258536585366,199.22878048780487,358.25170731707317,275.92833333333334,417.13341463414633,333.6319512195122,198.08975609756098,246.92690476190475,419.7031707317073,270.520243902439,196.34414634146341,15.321190476190477,164.07829268292684,62.235365853658536,36.44243902439025,93.83809523809524,123.78439024390244,75.663170731707325,63.96219512195122,3.5238095238095237,2,2.0476190476190474,1.9285714285714286,11.166666666666666,11.166666666666666,11.166666666666666,11.166666666666666,2.1904761904761907,1.8333333333333333,1.9523809523809523,1.8571428571428572,0.317559523725,0.17648809525,0.179166666675,0.16875,0.15133333333333335,0,0,3,33.75,101935000,0.01,0.722769797,0,3.059,0.739,5.178,4.439,3.183723798,11.04803691,3.523375917,0.273936986,0.293969752,50,150,150,47,36,30,27,23,37,35,19,1.4,1.395797101,1.307391304,1.13,1.125072464,0.41,0.442028986,0.053118199,0.023820428,11.2394,76.0233,592.0949909,391,1,2573,23.06915099,16.20135498,0,385.3076477,1876,43.14842597,1.4094,0.505263158,-0.521052632,0.403019744,Chaliyar,1.872099996,Humid,Train
15018,32.851815747380954,24.002937973333335,28.427410191904762,406.89506742857145,294.7031275976191,2.291998456714286,-0.7580773205,2.9793501074285715,77.7689357204762,20.907145050714284,59.21809693595238,135.78174367857142,380.2610125904762,1150.4921428571429,1267.4754761904762,1150.827380952381,177.19,370.7757142857143,32.0244141747619,32.668834465609756,34.63971102853658,31.674334266341464,22.496647434761904,24.48818272707317,25.053141569512196,23.678864454390244,27.260596515,28.578504598536586,29.84645015878049,27.676689324634147,144.6142857142857,370.37048780487805,211.80512195121952,448.2358536585366,283.6904761904762,453.2192682926829,352.11024390243904,202.450243902439,256.11785714285713,434.53073170731705,283.41609756097563,198.5848780487805,14.310952380952381,82.7741463414634,52.0509756097561,32.026585365853656,78.60761904761905,155.9151219512195,91.2819512195122,52.097073170731704,3.9047619047619047,1.880952380952381,2.1666666666666665,1.9285714285714286,11.166666666666666,11.166666666666666,11.166666666666666,11.166666666666666,2.8095238095238093,1.7380952380952381,2.0952380952380953,1.7380952380952381,0.351488095175,0.175,0.195535714275,0.1791666666,0.4456904761904762,3,276,6,1208.42,383313762.8,0.01,0.722769797,0,3.171,0.553,5.076,4.523,1.866434379,8.502153729,2.694787475,0.266830081,0.27584962,25,150,150,44,35,33,24,23,41,11,26,1.39,1.412608696,1.323913043,0.99,1.001304348,0.38,0.38173913,0.059999833,0.021565535,8.3053,77.1856,377.9938847,137,3,1814,20.74745204,12.6474638,0,187.8454895,841,20.45796864,1.5471,0.153846154,-0.085714286,0.340301974,Thambraparni,0.807200015,Humid,Train
15021,30.56621759809524,21.293326617142856,25.929735059285715,391.57731174761904,295.6422005,0.7687079487619047,-0.06472004526190477,1.3049236188809523,81.19577253333333,32.40615114952381,83.61453980023809,203.57769552857144,498.25623713809523,1904.6388095238096,1183.6364285714285,1133.8457142857144,343.7207142857143,429.8909523809524,29.81321969214286,30.00357856829268,32.82134146317073,29.32098760487805,19.518714725714286,21.88250499804878,22.428833509756096,21.04219912121951,24.66597929142857,25.942952819268292,27.625076882439025,25.181583366341464,84.37761904761905,1215.9609756097561,262.22829268292685,386.4685365853659,280.45404761904763,398.429756097561,337.0978048780488,189.68365853658537,264.69666666666666,395.54853658536587,307.32073170731707,187.47853658536584,29.883809523809525,169.08512195121952,105.41268292682926,46.993658536585365,141.96309523809524,109.43829268292683,129.5239024390244,55.98829268292683,3.8333333333333335,2.1904761904761907,2.238095238095238,2.3095238095238093,11.166666666666666,11.166666666666666,11.166666666666666,11.166666666666666,2.7142857142857144,1.9523809523809523,2.1666666666666665,2.238095238095238,0.3446428571,0.19315476185,0.195833333325,0.20208333335,0.07619047619047618,7.4523809523809526,3048.3214285714284,15,4343.13,9434292000,0.012706088,0.723005737,0,3.319,0.691,7.576,6.885,1.407467864,7.488572785,2.5712615,0.294782927,0.307288431,25,150,150,47,36,30,27,23,37,35,19,1.39,1.393623188,1.311259259,1.13,1.234492754,0.38,0.481521739,0.058064779,0.019135812,10.1833,76.5,930.3305561,936,-2,2674,24.41456426,20.81302452,0,315.9709778,4234,32.86010143,1.4341,NA,NA,0.241579559,Periyar,1.909600019,Humid,Train
15022,31.99217985547619,23.238385176428572,27.615306718095237,412.09766891904763,287.8832586952381,0.6350013083809524,-0.471356531,1.9879885167857143,77.73493163190476,30.655603463809523,82.1399827397619,207.22337051666668,507.6616199690476,1747.0959523809524,1304.8511904761906,1246.5711904761904,326.53833333333336,427.74380952380955,31.50845014357143,31.42567173195122,33.867897667560975,30.935617752682926,21.828373825238096,23.602041183658535,24.324692471463415,22.960735706097562,26.66845232404762,27.513944422682926,29.09628313804878,26.948120751707318,142.08642857142857,810.2521951219512,313.9878048780488,519.9160975609756,290.4064285714286,466.4241463414634,362.849756097561,209.91341463414633,273.3833333333333,463.64951219512193,324.6851219512195,208.58951219512196,25.539285714285715,172.31463414634146,90.94414634146341,45.08170731707317,114.21,157.68219512195122,98.04146341463415,65.45731707317073,3.6666666666666665,1.7380952380952381,1.9761904761904763,2.238095238095238,11.166666666666666,11.166666666666666,11.166666666666666,11.166666666666666,2.5714285714285716,1.6428571428571428,1.9523809523809523,2.238095238095238,0.332142857075,0.156249999925,0.17291666665,0.195833333325,0.16297619047619047,1.8571428571428572,432.85714285714283,1,433,524000000,0.01,0.722769797,0,3.451,0.834,4.908,4.074,1.373876987,7.699084509,2.696065403,0.278643219,0.292405832,50,150,50,47,36,30,27,23,37,35,19,1.4,1.396315789,1.302631579,1.13,1.078421053,0.41,0.398947368,0.05116206,0.017849985,9.0728,76.7611,286.1688706,161,6,1756,19.79939348,14.37661171,0,133.4642334,1210,16.60288489,1.4069,NA,NA,0,Kallada,1.596600056,Humid,Train
15024,28.878631939285714,19.32899606452381,24.10382219357143,412.8612712238095,295.03529755,1.0515442343571428,0.04885402816666667,1.9071277555714286,73.76475487404763,24.988415701190476,78.51410858261904,207.25647812380953,547.9388295,1761.695,1241.3985714285714,1119.1164285714285,253.54619047619047,413.78261904761905,28.571584047619048,27.59151939219512,31.53145015902439,27.808132747317075,17.37891883738095,19.872912835365852,20.60086426317073,19.22289484219512,22.975308707142858,23.732187125609755,26.066166489756096,23.51549780073171,43.326904761904764,1179.5548780487804,211.8219512195122,368.90268292682924,297.40261904761905,405.7387804878049,353.91951219512197,207.3619512195122,257.3697619047619,402.8436585365854,278.2387804878049,201.68243902439025,9.94452380952381,166.1951219512195,50.71121951219512,32.636829268292686,92.35738095238095,162.91951219512194,87.75365853658536,78.59170731707317,3.761904761904762,1.9285714285714286,2.357142857142857,2.0476190476190474,11.166666666666666,11.166666666666666,11.166666666666666,11.166666666666666,2.3333333333333335,1.8333333333333333,2.261904761904762,2.0476190476190474,0.33690476195,0.170238095175,0.206250000025,0.179166666675,0.2722857142857143,0.9285714285714286,58.31428571428571,1,0,70872400,0.01,0.722769797,0,2.568,0.593,5.052,4.46,1.388788427,10.76925228,3.160211667,0.268468705,0.2892722,50,150,150,44,35,33,24,23,41,11,26,1.39,1.392580645,1.29516129,0.99,1.026129032,0.38,0.387741935,0.046917735,0.016921703,10.8992,76.1972,308.1769581,90,9,2355,17.29935432,8.608798981,0,258.1731567,940,20.21637047,1.6974,-0.212121212,-0.243589744,0.105691057,Bharathapuzha,1.689399958,Humid,Train
15026,30.54349676238095,21.701205998571428,26.12230365,417.75966458333335,288.9268124047619,0.7811811215476191,-0.1289384495,1.0241790091190477,79.32386914761905,31.71700093,84.08254674857143,213.70041623333333,495.92328416190475,3040.0085714285715,1378.4711904761905,1313.9257142857143,329.80642857142857,447.187380952381,30.526684842380952,29.32103758512195,32.73134941682927,29.623730507317074,20.316926518333332,21.930173930487804,22.87955726487805,21.5202758902439,25.42176437309524,25.625499800487805,27.80543213097561,25.572015194390243,72.02142857142857,2143.2424390243905,401.9770731707317,495.1575609756097,342.02285714285716,443.99121951219513,395.54243902439026,222.19390243902438,319.2347619047619,444.80731707317074,353.2417073170732,220.90268292682927,21.11,187.30609756097562,86.18780487804878,42.73170731707317,138.45642857142857,131.17829268292684,115.4,69.68268292682927,3.4285714285714284,1.9047619047619047,2.0238095238095237,2.1666666666666665,11.166666666666666,11.166666666666666,11.166666666666666,11.166666666666666,2.142857142857143,1.7380952380952381,1.8571428571428572,2.0476190476190474,0.306547619075,0.16666666665,0.177083333325,0.18958333335,0.3080952380952381,0.6428571428571429,13.5,2,499.13,2033600000,0.01,0.722769797,0,3.409,0.709,4.866,4.158,5.154195011,8.636419913,2.879797069,0.275791738,0.290183379,50,150,150,44,35,33,24,23,41,11,26,1.39,1.394081633,1.298163265,0.99,1.047142857,0.38,0.392244898,0.044898914,0.01433326,9.845,76.4667,149.613183,57,-3,1170,13.28377773,7.697172642,0,151.4674683,1208,11.18384028,1.7865,NA,NA,0,Muvattupuzha,1.937100053,Humid,Train
15030,31.370527039761903,22.50466014452381,26.937674896190476,411.66411445238094,291.36238550238096,0.8655017617380952,-0.4514850753571429,1.9508894688571428,77.26822247047619,30.73645223452381,81.71111951380952,204.23590574285714,497.02098721666664,1674.8307142857143,1345.6933333333334,1289.0354761904762,335.4766666666667,439.5364285714286,30.93613014142857,30.702227109512194,33.342470837804875,30.297588965365854,21.06426616285714,22.887305078292684,23.58937698804878,22.238320671951218,26.00022381809524,26.79484206268293,28.465970307804877,26.26815673682927,123.82190476190476,780.0170731707317,325.92048780487806,482.90073170731705,302.6854761904762,476.39780487804876,378.0426829268293,214.00658536585365,284.4059523809524,474.0282926829268,342.9543902439024,212.15,27.466190476190476,171.33317073170733,97.37024390243903,46.81951219512195,119.53857142857143,156.10024390243902,107.60365853658537,64.09878048780487,3.6904761904761907,2.119047619047619,2.142857142857143,2,11.166666666666666,11.166666666666666,11.166666666666666,11.166666666666666,2.5476190476190474,1.9761904761904763,1.8333333333333333,1.9285714285714286,0.338392857075,0.189583333325,0.1875,0.175,0.12309523809523809,0,0,0,0,0,0.01,0.722769797,0,3.724,0.986,4.925,3.939,2.069582505,8.027157374,2.808425904,0.278712086,0.293702116,25,150,50,47,36,30,27,23,37,35,19,1.4,1.397142857,1.305384615,1.13,1.119285714,0.41,0.374285714,0.048438182,0.017041867,9.2325,76.7147,310.9129708,178,10,1881,22.97927589,19.60135078,0,144.3468628,810,17.16184426,1.3009,-0.111111111,-0.189473684,0.242740999,Pamba,1.714400053,Humid,Train
15031,31.65724533452381,22.608033329285714,27.132633890714285,378.7993636595238,297.10651567380955,0.6942567496190476,-0.24704841138095238,1.6522952990238096,80.94129617309524,31.935928652142856,83.31121164809524,196.44483954047618,461.09256815714286,994.6416666666667,1113.9564285714287,1059.2435714285714,337.475,395.86785714285713,30.71886692404762,31.551641343414634,33.51430540804878,30.387736905609756,20.97072870642857,23.22646941121951,23.619522799756098,22.27293482609756,25.844750124285714,27.389048380243903,28.566969776585367,26.330279887560977,118.39880952380952,317.9307317073171,197.47219512195122,382.21170731707315,255.5752380952381,386.72317073170734,318.8219512195122,173.77219512195123,240.96904761904761,377.87243902439025,289.6790243902439,170.6809756097561,35.015,149.49951219512195,108.78682926829268,51.55073170731708,134.72714285714287,97.55682926829269,123.78219512195122,46.1709756097561,3.7142857142857144,1.880952380952381,1.9285714285714286,1.7380952380952381,11.166666666666666,11.142857142857142,11.166666666666666,11.166666666666666,2.4761904761904763,1.8095238095238095,1.9047619047619047,1.619047619047619,0.33839285715,0.168506493525,0.168749999975,0.1595238095,0.03457142857142857,1,443.6,2,0,443230000,0.025746321,0.724143778,0,3.356,1.119,7.576,6.457,1.025830258,7.156599761,2.492821701,0.298226848,0.309857694,25,150,150,46,41,30,26,23,33,5,7,1.39,1.39,1.3175,1.73,1.397391304,0.77,0.516956522,0.061383994,0.019826371,9.5733,77.0908,1131.998969,1091,800,1972,24.33333,22.27231026,0,123.0468674,712,17.51475667,1.7429,-0.176470588,0.286764706,0.298490128,Periyar,1.467800021,Humid,Train
15032,29.755548450952382,19.341863174285713,24.548700505238095,407.8118951,288.13213416428573,0.9796444535,-0.12941966988095238,1.4624936529047619,75.55303154190476,22.945057203833333,78.60121160428571,212.1079509690476,649.2478312,3587.734761904762,1420.7521428571429,1236.0388095238095,258.9054761904762,347.8390476190476,30.42187971,27.079736105365853,32.971717920731706,29.183978408536586,16.62737812,20.330909635853658,20.801407741219514,19.191083566585366,23.52463688285714,23.705283886341462,26.886648993414635,24.18743702512195,17.517857142857142,3128.3451219512194,210.86829268292684,318.0819512195122,291.31309523809523,566.6560975609756,377.5990243902439,212.7312195121951,236.5502380952381,577.1890243902438,238.67731707317074,208,4.310238095238096,213.35048780487804,21.831951219512195,25.622439024390243,93.80190476190477,102.87731707317073,70.62121951219513,86.73463414634146,4.0476190476190474,1.8095238095238095,1.7380952380952381,1.7857142857142858,11.166666666666666,11.166666666666666,11.166666666666666,11.166666666666666,2.761904761904762,1.7142857142857142,1.6904761904761905,1.7857142857142858,0.36279761905,0.15982142855,0.1520833333,0.15625,0.10111904761904762,1,0,0,0,0,0.01,0.722769797,0,2.742,1.422,4.628,3.206,1.297674419,11.41891102,3.62984946,0.259711055,0.281868367,50,150,150,44,35,33,24,23,41,11,26,1.39,1.393333333,1.296666667,0.99,1.036666667,0.38,0.39,0.046647072,0.019530335,13.2942,74.9806,220.561655,102,21,1217,12.58078985,6.245929241,0,133.7410583,327,29.17779226,1.2666,-0.054347826,-0.101449275,0.225319396,Swarna,2.900899887,Humid,Train
16001,31.779407304285716,22.356011431666666,27.06773812047619,394.2842047,285.52671366190475,0.064602919,0.7888931354285714,1.9455663207380953,70.0020318104762,15.414128032238095,59.76489805166667,137.74274236666668,492.4461761785714,1116.355238095238,1064.1435714285715,769.3052380952381,116.55166666666666,306.2992857142857,29.17238773452381,31.810439823658538,35.084430010243906,30.480571771463413,17.85768446047619,24.63590763682927,24.370623012682927,21.371359456829268,23.51503001357143,28.22327269219512,29.72753976707317,25.925925630000002,35.540238095238095,690.3282926829269,137.5909756097561,279.2570731707317,226.39142857142858,340.31,350.66,167.21512195121952,162.72309523809523,304.67439024390245,156.94487804878048,159.75756097560975,6.039285714285715,79.37268292682927,21.765121951219513,12.07,33.47119047619048,173.5990243902439,62.62512195121951,43.25829268292683,3.5238095238095237,1.8095238095238095,1.8095238095238095,2.1666666666666665,11.166666666666666,11.142857142857142,11.166666666666666,11.166666666666666,2.1904761904761907,1.5714285714285714,1.7380952380952381,1.880952380952381,0.316964285625,0.1651515151,0.1708333333,0.208035714275,0.48288095238095236,1.9523809523809523,112.90476190476191,2,2627,147340000,0.01,0.722769797,0,1.618,0.618,7.825,7.207,2.307515337,14.1285436,4.850166235,0.249184526,0.267325921,25,150,150,81,69,7,8,12,23,10,10,1.56,1.541527778,1.44295082,0.53,0.662916667,0.26,0.230277778,0.030775124,0.012194198,17.7,82.9953,377.043807,146,21,1631,17.33899552,9.541435242,0,131.6121826,2090,21.13758673,1.4485,0.076190476,-0.233766234,0.141695703,Sarada,0.628099978,Dry_sub_humid,Train
16004,32.353567238809525,21.426742547142858,26.890184365238095,390.07299402142854,285.01415763809524,0.29183713304761905,0.18250356697619047,1.3365614604761904,66.04492109404762,16.97407953590476,63.17683159833334,158.99943038571428,465.1827788142857,1328.622380952381,1021.6257142857143,805.2238095238096,152.5495238095238,284.2083333333333,29.216136485714287,32.308282687073174,36.412298514878046,30.82480607682927,15.702919141190476,24.502261096341464,23.824008483414634,20.08781287390244,22.459585595714284,28.405319872926828,30.118154825609757,25.45628548585366,38.009523809523806,932.1763414634146,180.4878048780488,209.42707317073172,212.47666666666666,329.3363414634146,336.57268292682926,162.97536585365853,164.94,305.159756097561,193.25219512195122,157.48853658536586,4.921428571428572,106.84780487804878,34.95146341463415,9.429512195121951,33.20595238095238,152.01073170731706,65.69317073170731,39.42048780487805,3.7857142857142856,2.142857142857143,2.119047619047619,1.5952380952380953,11.166666666666666,11.166666666666666,11.166666666666666,11.166666666666666,2.0238095238095237,1.9285714285714286,2.0238095238095237,1.5238095238095237,0.33869047615,0.1889880952,0.185416666675,0.139583333275,0.08697619047619047,2.5952380952380953,197.9047619047619,3,0,217560000,0.026997428,0.724253059,0,1.719,0.548,4.372,3.823,1.223731154,13.24218781,4.298064825,0.258422678,0.273320803,50,150,150,81,69,7,8,12,23,10,10,1.56,1.557344398,1.438008299,0.53,0.53780083,0.26,0.262655602,0.035307344,0.015658192,19.0833,83.8056,495.5274419,477,79,1507,20.18238722,16.44427681,0,162.2540588,6740,14.82381498,1.6934,NA,NA,0.008130081,Vamsadhara,0.83039999,Humid,Train
16012,32.46818654857143,21.380576852142855,26.924330648333335,394.0923901738095,281.52755967857144,0.020070278714285714,0.24856031316666666,1.5374518204285714,68.23947476214286,16.394593412809524,61.705109507857145,149.9348458452381,477.2452841642857,1307.5719047619048,1025.1895238095237,774.9338095238095,132.11904761904762,284.7290476190476,29.178773924761906,32.495797681219514,36.54311770902439,30.99349860073171,15.499854996190477,24.543620551951218,23.818340402195123,20.020279888292684,22.339189316190478,28.51962614926829,30.18069989414634,25.506989204390244,37.84238095238095,923.259756097561,144.5178048780488,232.92097560975608,212.90404761904762,330.9012195121951,340.82463414634145,160.37146341463415,159.71,293.12634146341463,185.6641463414634,151.43878048780488,5.023571428571429,93.4270731707317,27.25,9.518292682926829,30.38095238095238,163.23146341463413,60.364634146341466,36.95560975609756,3.4285714285714284,2.0952380952380953,2.142857142857143,1.7619047619047619,11.166666666666666,11.166666666666666,11.166666666666666,11.166666666666666,2.142857142857143,1.9047619047619047,2.0714285714285716,1.5952380952380953,0.30000000005,0.18482142855,0.1875,0.15416666665,0.3978095238095238,11.547619047619047,419.2190476190476,11,9938.53,237814000,0.057962135,0.726962987,0,1.563,0.595,7.557,6.962,2.383990852,14.19103042,4.893055715,0.25283769,0.267477648,50,150,150,81,69,7,8,12,23,10,10,1.56,1.562727273,1.440082645,0.53,0.535826446,0.26,0.268264463,0.031903798,0.013375632,19.5167,84.8833,260.2843535,154,8,1308,13.08224723,4.402425289,0,126.9608536,7112,11.85241808,1.4306,-0.352941176,-0.042105263,0.081300813,Rushikulya,0.828700006,Humid,Train
17001,31.65724533452381,22.608033329285714,27.132633890714285,385.30900403333334,307.3107616595238,0.5600864123333333,-0.05683921707142857,1.9833588332619048,68.52308756476191,19.238105329285716,60.76458938642857,138.89871748809523,422.65683076666664,1009.1340476190476,1060.0833333333333,808.0295238095238,201.6042857142857,412.4704761904762,30.71886692404762,31.551641343414634,33.51430540804878,30.387736905609756,20.97072870642857,23.22646941121951,23.619522799756098,22.27293482609756,25.844750124285714,27.389048380243903,28.566969776585367,26.330279887560977,102.04261904761906,363.1026829268293,189.30243902439025,376.81048780487805,254.44690476190476,352.2180487804878,313.8007317073171,159.26731707317074,202.7511904761905,276.4785365853659,197.25219512195122,146.31048780487805,25.564285714285713,71.59780487804878,65.93170731707318,42.804146341463415,122.44809523809523,94.21414634146342,140.37463414634146,62.50731707317073,4.476190476190476,1.5,1.6428571428571428,1.880952380952381,11.166666666666666,11.166666666666666,11.166666666666666,11.166666666666666,3.119047619047619,1.3571428571428572,1.5714285714285714,1.7857142857142858,0.40744047625,0.1357142857,0.148214285725,0.174999999975,0.44447619047619047,0,0,0,0,0,0.013260188,0.722438301,0,1.711,0.512,4.828,4.317,1.022170362,13.68883187,4.089917745,0.261595729,0.277749684,25,150,25,43,0,34,0,23,0,26,0,1.39,1.39,1.34,1.4,1.4825,0,0.1925,0.050065399,0.017030679,9.9256,77.5117,677.2088856,568,301,1958,23.19914311,18.85508919,0,145.6485748,850,14.80153763,1.3053,0.308823529,-0.022058824,0.328687573,Vaigai,0.410600007,Semi_arid,Train
17003,32.09573981095238,20.972866130238096,26.534341923333333,381.82357465238096,308.5658697857143,0.14568470395238095,-0.2031444158095238,3.831182764833333,60.420211634761905,11.715121175214286,57.963369575,140.93107629761906,478.2955447785714,764.1392857142857,1045.8797619047618,627.46,166.03238095238095,249.07595238095237,29.656702928571427,32.13198520609756,36.01961558878049,29.622602958536586,17.453175210238093,22.534172331463413,22.792932131707317,20.325221910243904,23.554955574285714,27.333142742439023,29.40634676682927,24.973898440487805,35.325,409.6648780487805,121.38268292682926,215.54268292682926,233.83619047619047,349.2290243902439,325.51268292682926,157.10780487804877,119.47238095238096,256.45682926829267,123.9560975609756,139.96463414634147,4.75047619047619,95.21439024390244,46.39170731707317,23.60951219512195,33.712857142857146,115.61878048780488,48.9109756097561,56.08609756097561,3.9285714285714284,1.4285714285714286,1.4285714285714286,1.4761904761904763,11.166666666666666,11.166666666666666,11.166666666666666,11.166666666666666,2.5238095238095237,1.3333333333333333,1.4285714285714286,1.3095238095238095,0.35773809525,0.12648809525,0.1324404762,0.152083333325,1.1570238095238095,15,190.6,0,0,0,0.010261866,0.722792626,0,0.74,0.448,7.513,7.065,1.225462119,23.76715865,6.558673887,0.226437222,0.252148555,25,150,150,47,39,29,27,24,34,9,8,1.39,1.390462963,1.329029126,0.86,0.872037037,0.38,0.363333333,0.020208717,0.008496757,12.6842,78.5394,800.3207691,823,367,1328,3.591742796,2.270793915,0,100.8205719,3300,5.308713467,1.4291,0.284090909,-0.141269841,0.034843206,Palar,0.425099999,Semi_arid,Train
17006,31.26265707642857,20.182145529761904,25.722412937619048,380.2219412,307.72522779285714,0.2542031669047619,0.03655514145238095,3.939596641857143,60.15030816238095,12.086035889071429,57.764998086666665,136.67712451904762,466.5408855714286,753.725,1047.2307142857144,645.5778571428572,172.00595238095238,263.7795238095238,29.353076148333333,30.82506597292683,35.10196182317073,29.06448620609756,17.01648773404762,21.419862054390244,21.97976670195122,19.693130747317074,23.184834636428572,26.122500999268293,28.540874867560976,24.378712515365855,23.52642857142857,398.78365853658534,146.57292682926828,202.65170731707317,237.87333333333333,341.5939024390244,328.3609756097561,159.1429268292683,121.24095238095238,261.0751219512195,133.9048780487805,142.14560975609757,6.200238095238095,96.1639024390244,49.70829268292683,23.977560975609755,36.22642857142857,115.0780487804878,58.213170731707315,59.811951219512196,4.0476190476190474,1.380952380952381,1.4523809523809523,1.4523809523809523,11.166666666666666,11.166666666666666,11.166666666666666,11.166666666666666,2.5476190476190474,1.2857142857142858,1.4047619047619047,1.380952380952381,0.363988095275,0.123809523775,0.134523809525,0.1375,5.099809523809524,16,209.2,2,315.54,27011000,0.01218718,0.722960489,0,0.736,0.239,1.752,1.513,1.240547588,23.57100906,6.326441936,0.227472417,0.25641947,125,150,150,47,39,29,27,24,34,9,8,1.39,1.38994152,1.318888889,0.86,0.741169591,0.38,0.38994152,0.020121811,0.009269465,12.555,78.1386,847.4609233,882,492,1472,3.675224311,2.564954042,0,114.0211792,4620,4.298163758,1.3941,-0.329411765,0.097478992,-0.401858304,Ponnaiyar,0.428200006,Semi_arid,Train
17009,33.97768692857143,23.817322052619048,28.89751913761905,407.0193917166667,299.5286454547619,0.0023824856904761903,-0.1379427864047619,2.671407413238095,62.174631925238096,12.470931628166667,65.86273649142858,161.25277357619046,534.2028917738095,876.3157142857143,1117.845,732.9942857142858,163.10690476190476,256.92833333333334,31.010045983809523,35.32267892902439,36.651108165365855,31.614786085609758,20.882305094523808,25.273800479512197,25.152009544634147,23.28537385097561,25.946145891904763,30.298242702926828,30.901569459512196,27.45015593707317,124.9504761904762,340.7417073170732,93.0719512195122,335.87756097560975,240.5352380952381,390.82,341.7670731707317,166.12048780487805,184.88,266.4990243902439,144.0070731707317,150.97682926829268,11.081428571428571,91.4019512195122,36.04560975609756,28.285853658536585,51.64047619047619,107.48365853658537,46.41170731707317,56.39951219512195,4.309523809523809,1.7857142857142858,1.8571428571428572,1.5714285714285714,11.166666666666666,11.166666666666666,11.166666666666666,11.166666666666666,2.6904761904761907,1.7142857142857142,1.8571428571428572,1.5714285714285714,0.390476190475,0.165178571425,0.17291666665,0.14791666665,0.967047619047619,5.714285714285714,124.61428571428571,5,5071.52,122720195.8,0.040503913,0.722225843,0,1.04,0.435,7.325,6.889,6.131092241,15.66760398,4.561418898,0.241086947,0.249953457,25,150,150,47,39,29,27,24,34,9,8,1.39,1.385413223,1.324680851,0.86,0.999256198,0.38,0.303429752,0.032562676,0.010669589,11.4222,79.4722,262.8652035,151,10,1410,7.784869271,1.52037394,0,153.1389465,7890,7.564361604,1.7999,0.130434783,-0.181538462,0.233449477,Vellar,0.610800028,Dry_sub_humid,Train
17011,32.52599831761905,23.62249761952381,28.074278603095237,404.83652510714285,296.2042681857143,1.3609177157380952,-0.3304128945714286,2.771725207738095,70.02343122333333,16.74127062904762,62.59672770357143,153.61567741428573,527.0008059714286,754.5966666666667,1163.8992857142857,881.0171428571429,165.9792857142857,388.96809523809526,31.668273291190477,32.36410435804878,34.332794273658536,31.323458616341462,22.080570845714284,24.14405837780488,24.662062566829267,23.295393842682927,26.874487830714287,28.25412834902439,29.49742576902439,27.30944422195122,129.51357142857142,154.15975609756097,144.44829268292682,341.7209756097561,264.31095238095236,409.36,332.9258536585366,179.24365853658537,200.2057142857143,326.4846341463415,209.64121951219514,161.29073170731706,21.04714285714286,66.30804878048781,47.18853658536585,34.97048780487805,117.38261904761904,96.39292682926829,118.00219512195122,63.81439024390244,4.142857142857143,1.4761904761904763,1.7857142857142858,1.5952380952380953,11.166666666666666,11.095238095238095,11.166666666666666,11.166666666666666,2.857142857142857,1.4047619047619047,1.7857142857142858,1.5238095238095237,0.377976190475,0.14017857135,0.16220238095,0.15,2.3648333333333333,14.571428571428571,296.45714285714286,7,12001,911266500,0.01195019,0.722939824,0,1.142,0.339,4.852,4.514,2.028643036,15.5934907,5.050835394,0.23464837,0.245998145,25,150,150,79,70,10,10,11,20,4,8,1.57,1.48724359,1.413809524,0.5,0.742628205,0.28,0.251089744,0.045241774,0.017658068,8.7144,77.835,235.118784,119,13,1847,8.136078601,1.359863758,0,178.4207153,4380,12.46449688,1.3091,NA,NA,-0.154471545,Tambraparni,0.380100012,Semi_arid,Train
17012,33.50679390857143,23.078698112619048,28.292770867142856,402.6272663166667,295.2112081428571,0.001377134642857142,-0.17875117323809522,2.430070398833333,63.10483564690476,12.650980703095238,62.9950960152381,153.02134298809523,524.9068580714286,1102.0938095238096,1098.1038095238096,659.7366666666667,150.81761904761905,301.2404761904762,30.201375683333332,34.58936825243902,37.07340137804878,30.793270691707317,19.416505843333333,24.946471411707318,24.765098091463415,22.228148740243903,24.809025447142858,29.767892843414636,30.919300105121952,26.510679727317072,144.50833333333333,434.03731707317075,81.44634146341464,465.45756097560974,237.305,370.46682926829266,351.1141463414634,160.2129268292683,171.82285714285715,252.3770731707317,106.04609756097561,141.3909756097561,9.417380952380952,96.6829268292683,24.70341463414634,23.46268292682927,54.327619047619045,155.3770731707317,46.125365853658536,51.432682926829266,4.4523809523809526,1.6428571428571428,1.8571428571428572,1.7857142857142858,11.166666666666666,11.166666666666666,11.166666666666666,11.166666666666666,2.4285714285714284,1.4523809523809523,1.7380952380952381,1.6428571428571428,0.402976190425,0.14732142855,0.1639880953,0.16666666665,0.8842380952380953,12,108.4,4,332.285,58591416.28,0.030106119,0.721049825,0,1.125,0.418,7.673,7.255,3.220743773,15.4046326,4.654151224,0.244521739,0.25329277100000003,25,150,25,43,0,34,0,23,0,26,0,1.39,1.3345,1.24972973,1.4,1.124125,0,0.197625,0.037314046,0.013766788,13.9472,79.8972,272.3501563,191,20,1144,11.742756,2.803431034,0,162.5339203,2650,8.396174627,1.2985,-0.133333333,0.022522523,-0.167247387,Swarnamukhi,0.552699983,Dry_sub_humid,Train
17015,31.74657111047619,22.195961561904763,26.97129682642857,396.4144183619048,306.3252788809524,1.2272400000000065e-4,0.002167918142857143,1.9210179620238095,66.00299425095238,17.087896890714287,60.670992515,142.17826537619047,462.6370848214286,892.2433333333333,1087.4992857142856,835.6857142857143,195.13071428571428,374.9657142857143,29.99240448309524,32.08966213512195,34.078966066341465,30.06846461390244,19.99004663047619,23.17283686487805,23.334032343658535,21.816093563414633,24.991202413095237,27.631293482682928,28.70646341390244,25.942447021707316,91.43285714285715,318.58975609756095,165.50731707317073,336.24536585365854,250.91690476190476,368.6982926829268,320.57,167.71853658536585,206.3307142857143,283.62048780487805,206.8690243902439,154.21560975609756,19.15595238095238,85.16048780487804,58.91731707317073,36.1890243902439,95.97880952380952,109.25146341463415,110.49853658536585,66.04146341463415,3.8333333333333335,1.380952380952381,1.4523809523809523,1.4523809523809523,11.166666666666666,11.071428571428571,11.166666666666666,11.166666666666666,2.5714285714285716,1.2619047619047619,1.4047619047619047,1.4285714285714286,0.351785714325,0.12848124095,0.1300595238,0.1375,1.9438809523809524,9,218.7,6,2317,216136110,0.027523184,0.722964743,0,1.345,0.349,5.149,4.801,4.387912248,16.42614043,5.090277031,0.243611892,0.259859993,25,150,150,47,39,29,27,24,34,9,8,1.39,1.399183673,1.337793103,0.86,1.043112245,0.38,0.301326531,0.0399236,0.013572208,9.5531,78.5861,477.1380462,334,37,2650,14.35882416,2.828687668,0,359.2239685,6796,15.40123749,1.4714,0.028225806,-0.126600284,-0.066202091,Vaigai,0.435600013,Semi_arid,Train
17022,32.07149459714286,21.04200881690476,26.556769196190476,389.6837360904762,305.8489601857143,0.18902660311904762,-0.03062039604761905,3.4035698685476192,60.1795874397619,12.65142940902381,60.286370957857145,143.44704850238094,478.1356752404762,794.6488095238095,1075.6559523809524,694.9797619047619,165.59666666666666,276.1795238095238,29.767975115,32.10000999634146,35.797590137804875,29.710459817073172,17.77468555809524,22.44406837292683,22.763496818292683,20.49992403,23.771257332142856,27.272119152439025,29.280543477804876,25.10520591707317,48.62690476190476,395.4331707317073,133.0509756097561,235.73341463414636,239.6457142857143,358.15902439024393,336.15731707317076,162.08439024390245,145.37452380952382,271.87439024390244,142.81682926829268,148.3190243902439,7.827619047619048,92.22804878048781,44.69536585365854,24.693658536585367,42.90714285714286,123.26121951219513,54.56414634146341,61.13658536585366,4.285714285714286,1.619047619047619,1.5,1.4047619047619047,11.166666666666666,11.166666666666666,11.166666666666666,11.166666666666666,2.761904761904762,1.5476190476190477,1.4523809523809523,1.4047619047619047,0.39136904765,0.1491071428,0.141666666675,0.133333333325,2.804738095238095,22.714285714285715,816.5142857142857,7,2343,333259000,0.010964005,0.722853839,0,0.914,0.239,7.552,7.313,1.338012959,18.6794586,5.408927956,0.23472846,0.253900329,25,150,150,47,39,29,27,24,34,9,8,1.39,1.3825323,1.318424242,0.86,0.88248062,0.38,0.331317829,0.024412667,0.009477374,12.0658,78.9781,638.2511582,640,133,1632,6.186060156,2.480371714,0,114.909111,10780,6.073428865,1.4912,0.14516129,0.060606061,0.073170732,Ponnaiyar,0.521499991,Dry_sub_humid,Train
3002,32.701923869285714,20.707804957857142,26.704883636190477,380.1049252428571,286.84044894047616,0.7764242808333334,-0.04102694311904762,2.0914346049761905,60.77009583309524,14.17204012754762,62.52412139809524,169.73563445238096,493.7751578928571,1310.0609523809524,1004.6966666666667,627.062619047619,151.27285714285713,324.11238095238093,29.541735997380954,31.738074769756096,38.227738599756094,30.79223510585366,14.754447391190476,23.62190124,23.7140721097561,19.081947221463416,22.148199503809526,27.679972010731706,30.970858961707318,24.93710115902439,17.39,1148.4924390243903,83.09951219512195,92.60756097560976,212.30809523809523,305.61658536585367,342.5160975609756,163.58243902439025,117.55642857142857,247.30512195121952,127.74268292682927,146.88536585365853,4.195238095238095,114.29682926829268,26.684634146341462,9.683414634146342,40.93190476190476,167.19536585365853,84.45219512195122,38.439756097560974,4.166666666666667,1.5,1.8333333333333333,2.2142857142857144,11.166666666666666,11.166666666666666,11.166666666666666,11.166666666666666,2.619047619047619,1.2857142857142858,1.619047619047619,1.9761904761904763,0.380952380975,0.133333333275,0.17083333335,0.204166666625,0.06952380952380953,3,5,0,0,860000,0.040716875,0.725922514,0,1.185,0.519,7.231,6.712,1.230545152,11.61800458,4.103030655,0.228572654,0.23985179,150,150,150,79,68,11,10,10,22,7,4,1.59,1.59,1.45,0.53,0.53,0.3,0.3,0.022702837,0.009654721,19.2967,81.7889,622.653992,625,535,783,3.028556683,2.68021369,0,39.35842133,1968,2.54963375,1.6297,0.467836257,-0.385964912,0.2485482,Godavari,0.850600004,Humid,Train
3005,32.54410674142857,19.63778653452381,26.090979515,386.3541864142857,285.79759342380953,0.8065844414285714,-0.16055454307142858,2.0429510605238095,52.37020849380952,13.707028408119047,76.52814328880953,182.2990230452381,552.9793500333333,1207.1042857142857,1031.4469047619048,586.1335714285714,142.41833333333332,223.375,28.34622233452381,31.905307876341464,38.496728526829266,30.88792083219512,12.632651737619048,23.567946821463416,22.713711558292683,17.412926829268294,20.489486042142858,27.736713314390244,30.605182927560975,24.150439823658537,36.19619047619047,1110.2821951219512,31.76439024390244,57.420243902439026,210.10261904761904,326.83,351.97634146341466,162.57073170731707,107.15404761904762,257.48756097560977,91.56121951219512,141.61317073170733,5.194047619047619,114.7819512195122,18.640243902439025,7.149024390243903,21.86714285714286,150.63829268292682,27.535121951219512,28.249268292682927,4.285714285714286,1.4047619047619047,1.7380952380952381,1.7857142857142858,11.166666666666666,11.166666666666666,11.166666666666666,11.166666666666666,2.5238095238095237,1.2857142857142858,1.5952380952380953,1.7380952380952381,0.38065476185,0.125892857075,0.15803571425,0.166666666675,0.7843571428571429,171.57142857142858,5365.15,109,57631.899,10731908100,0.045582805,0.729256467,0,1.152,0.258,7.773,7.515,3.750493971,6.795325139,2.955743283,0.19661467,0.195693625,25,150,125,16,15,29,28,55,57,4,5,1.21,1.273247911,1.218816101,0.75,0.956512535,0.45,0.320389972,0.020041878,0.007881991,19.6867,79.7856,404.3925749,338,144,1204,3.946640423,2.074370861,0,116.3840637,50990,4.225263319,2.4396,NA,NA,0,Godavari,0.715699971,Humid,Train
3008,33.60774652071429,20.514675824761905,27.061216280714287,388.94226125952383,289.8933638309524,0.8579559339047619,-0.3437469265238095,2.4980560233333335,49.56481830690476,11.30180148854762,72.02038669690477,167.79555223809524,549.2892322857143,959.9033333333333,1068.1973809523809,553.6866666666667,130.18952380952382,237.8397619047619,30.16545704547619,32.45482207073171,39.585551431463415,31.834614154634146,14.370290785476191,23.61639144390244,23.790262459756097,18.369320271707316,22.267838404761903,28.035631746829267,31.68790296902439,25.102011195365854,21.855,864.9353658536585,26.86829268292683,69.12390243902439,221.91309523809525,336.1878048780488,364.35951219512197,166.3780487804878,91.97785714285715,262.249756097561,72.31926829268293,138.4009756097561,4.270238095238096,101.78536585365853,19.049512195121952,8.155609756097562,20.35452380952381,166.87780487804878,25.644878048780487,30.267073170731706,4.666666666666667,1.5,1.6428571428571428,1.4047619047619047,11.166666666666666,11.166666666666666,11.166666666666666,11.166666666666666,3.0952380952380953,1.4047619047619047,1.5238095238095237,1.4047619047619047,0.414880952325,0.14166666665,0.15416666665,0.133333333325,0.7288571428571429,176.85714285714286,4867.559523809524,211,151909.551,6605221178,0.098231527,0.744677505,0,0.831,0.202,7.525,7.323,2.611732908,8.152887028,3.780944487,0.197109513,0.194444501,25,150,125,16,15,29,28,55,57,4,5,1.21,1.25834891,1.232137931,0.75,0.874087227,0.45,0.409426791,0.016114092,0.00723606,19.8139,79.3794,364.6207389,344,106,946,3.274947583,1.779052377,0,108.7554245,46020,3.437317544,1.9406,NA,NA,0.154471545,Godavari,0.602100015,Dry_sub_humid,Train
3009,33.47774497047619,20.31827137904762,26.89803233357143,386.2827276714286,296.35193251904764,0.7671916162857143,-0.19718489964285715,2.9132004774761904,47.65041678476191,10.718283007904763,68.41662744690476,142.29213987857142,512.4992343904762,848.095,1075.1845238095239,549.425,154.30714285714285,222.59857142857143,31.02279174785714,32.08783086804878,39.03370095414634,31.377780887560977,15.25238181642857,22.606921230243902,23.404347825365853,18.492662934634147,23.137609713095237,27.34746501317073,31.218995227560974,24.935225909512194,12.06857142857143,727.8204878048781,29.280243902439025,99.31658536585365,229.13476190476192,336.97317073170734,364.06536585365853,165.64658536585367,86.60309523809524,266.5658536585366,68.47414634146341,139.07024390243902,4.291428571428572,112.60048780487804,30.02878048780488,11.045365853658536,14.832857142857144,153.82390243902438,24.309024390243902,34.70024390243903,4.619047619047619,1.4285714285714286,1.7142857142857142,1.9285714285714286,11.166666666666666,11.166666666666666,11.166666666666666,11.166666666666666,3.1666666666666665,1.3095238095238095,1.619047619047619,1.7857142857142858,0.41547619045,0.12946428575,0.154464285725,0.1791666667,0.6780714285714285,19.785714285714285,470.62619047619046,18,5140.52,264259000,0.090000004,0.749894209,0,0.616,0.364,0.909,0.545,1.435415868,10.80440007,4.368577098,0.204403291,0.205039382,125,150,125,21,18,28,28,51,54,5,5,1.23,1.220277778,1.2151388890000001,0.97,0.863055556,0.45,0.45,0.01703139,0.008369872,18.705,77.545,493.5038492,498,353,668,3.499383645,2.666912317,0,29.10052299,2105,4.176664222,1.438,0.426470588,-0.091503268,0.31358885,Godavari,0.501999974,Dry_sub_humid,Train
3013,33.99091514166667,21.279316991428573,27.63506929357143,393.7957358,288.16310540714284,0.5074911228571428,-0.039030937833333335,2.003487842452381,55.39917213690476,12.829425930142857,68.59919079309523,165.61898948809522,509.03820073571427,1133.9547619047619,1052.5807142857143,575.4288095238095,140.09357142857144,283.5309523809524,30.72381876095238,32.86845661756097,39.91425238609756,31.96632546878049,15.281558177857143,24.22149140292683,24.567844644634146,19.20430227902439,23.00263280452381,28.544980008536584,32.24097030756098,25.585221910731708,25.167380952380952,996.0970731707317,57.53634146341464,82.19756097560976,222.0947619047619,329.56536585365853,356.30560975609757,164.87073170731708,103.87571428571428,259.72341463414637,76.49341463414635,146.83756097560976,4.500238095238095,106.93512195121951,23.161951219512193,8.80341463414634,29.927142857142858,182.6458536585366,39.83,37.31341463414634,4.309523809523809,1.7619047619047619,2.119047619047619,1.7380952380952381,11.166666666666666,11.166666666666666,11.166666666666666,11.166666666666666,2.619047619047619,1.5714285714285714,2.0952380952380953,1.5238095238095237,0.391369047575,0.162202380925,0.194345238,0.162499999975,0.35804761904761906,4.119047619047619,55.83571428571429,1,0,130165000,0.128084289,0.724564658,0,1.106,0.311,7.498,7.188,4.385316456,8.3316246,3.67640341,0.213247774,0.21100175,125,150,150,47,39,29,27,24,34,9,8,1.39,1.377636364,1.321272727,0.86,0.884727273,0.38,0.398181818,0.021743015,0.008641142,19.3303,79.5042,375.99271,384,160,656,8.145506079,4.588329315,0,70.93083954,3100,8.120645244,1.2685,NA,NA,-0.024390244,Godavari,0.566500008,Dry_sub_humid,Train
3014,32.336782076666665,19.504039268333333,25.920415348809524,382.4830958261905,290.1296496785714,0.9651409111428572,-0.4715070757142857,2.287830823857143,49.34598275261905,11.712169629238096,74.907512345,168.2459857190476,567.9567582023809,880.4547619047619,1044.6188095238094,544.7030952380952,125.5097619047619,210.51357142857142,28.308113607857145,31.466581367560977,38.35036850414634,30.810651739756096,12.92984786547619,23.051895241219512,22.675445387560977,17.281115554146343,20.619021171904762,27.259272291219514,30.51291357292683,24.04578968317073,25.722142857142856,792.699756097561,21.74829268292683,61.13170731707317,215.72214285714287,325.28341463414637,362.0446341463415,161.78560975609756,93.46595238095239,255.4660975609756,71.8048780487805,134.9719512195122,4.734761904761905,98.9880487804878,17.458780487804876,7.273902439024391,17.226904761904763,151.12024390243903,21.16170731707317,25.719024390243902,4.380952380952381,1.5952380952380953,1.880952380952381,1.7619047619047619,11.166666666666666,11.166666666666666,11.166666666666666,11.166666666666666,2.8333333333333335,1.380952380952381,1.8333333333333333,1.6428571428571428,0.388392857175,0.145535714275,0.170535714275,0.1645833333,0.5145,7.071428571428571,673.697619047619,18,0,827734800,0.090410983,0.749866916,0,0.855,0.378,7.525,7.147,1.955931662,5.83445953,2.754328894,0.195200393,0.187543885,25,125,125,16,15,29,28,55,57,4,5,1.21,1.255780347,1.212706767,0.75,0.946069364,0.45,0.345953757,0.016045611,0.006413868,21.1072,78.1331,470.677791,434,287,946,4.402450513,2.301902294,0,108.7554245,5000,5.187127927,1.8945,NA,NA,-0.097560976,Godavari,0.461499989,Semi_arid,Train
3017,32.77864336166667,20.47787393547619,26.62827616,380.03812390238096,283.62654040238095,0.7372034277619047,-0.12201071473809523,1.7674000151190477,61.91219604166667,15.146575788071429,63.84345232690476,170.92336653809525,459.64712138333334,1271.1633333333334,1010.1290476190476,615.532619047619,159.43666666666667,315.58761904761906,29.33968039904762,31.92101759292683,38.44760339268293,30.852666932682926,14.237197127142856,23.649112354634145,23.478345705609755,18.772359056341465,21.788458106904763,27.785105957560976,30.963048780243902,24.812443021951218,18.14238095238095,1151.5373170731707,50.896829268292684,81.14829268292682,213.7942857142857,305.9987804878049,345.6321951219512,164.12658536585366,114.97738095238095,249.00463414634146,117.24487804878049,146.51439024390243,4.821190476190476,119.4390243902439,29.402926829268292,9.544634146341464,44.86238095238095,155.27024390243903,81.00585365853658,41.05219512195122,4.190476190476191,1.6666666666666667,2,2.238095238095238,11.166666666666666,11.166666666666666,11.166666666666666,11.166666666666666,2.9047619047619047,1.4523809523809523,1.8333333333333333,2.119047619047619,0.3830357142,0.147916666675,0.174999999975,0.204761904725,1.6666666666666666e-4,0,0,1,0,1249000,0.015526509,0.723336015,0,1.216,0.722,1.949,1.227,1.174319066,11.77083012,3.996230286,0.228418916,0.237775545,150,150,150,79,68,11,10,10,22,7,4,1.59,1.59,1.45,0.53,0.53,0.3,0.3,0.022231584,0.009198221,19.6464,81.4861,650.2287689,637,570,843,4.763498273,3.461853504,0,52.77690506,890,3.81918252,1.4176,0.186813187,0.258333333,0.205574913,Godavari,0.862800002,Humid,Train
3018,32.375307425,20.80424893595238,26.589792691666666,379.9912664357143,285.0109017357143,0.7801730353333334,0.06459756797619048,2.0424851485,62.562949625,15.170497204857142,64.24341866571429,173.80906177142856,529.8275045738095,1391.2692857142856,1018.7892857142857,667.7916666666666,154.18571428571428,302.5469047619048,29.23779245857143,31.670643742439026,37.47064687195122,30.574558176585366,14.989613654761905,23.72310275902439,23.60055938487805,19.296801278536584,22.113768975,27.696905238292683,30.535585896585367,24.935637744878047,20.062857142857144,1202.5063414634146,98.64268292682927,103.50146341463415,216.89119047619047,309.55048780487806,346.7580487804878,165.1480487804878,129.82095238095238,257.8319512195122,141.8509756097561,151.4090243902439,3.9692857142857143,114.44414634146341,29.950731707317072,9.485365853658536,38.88809523809524,152.80731707317074,78.19609756097562,39.08609756097561,3.9285714285714284,1.5952380952380953,1.9047619047619047,2.0238095238095237,11.166666666666666,11.142857142857142,11.166666666666666,11.166666666666666,2.3095238095238093,1.3333333333333333,1.8571428571428572,1.8333333333333333,0.363095238125,0.14223484845,0.17916666665,0.177083333325,0.06454761904761905,17,1485.1785714285716,10,0,9386405000,0.089134996,0.730889696,0,1.188,0.222,7.231,7.009,1.780813927,12.11851305,4.176134565,0.234406933,0.24469977,25,150,150,79,68,11,10,10,22,7,4,1.59,1.557483871,1.440452962,0.53,0.614193548,0.3,0.275548387,0.025245705,0.010628702,19.0794,81.3011,644.8308084,617,327,1381,6.741576508,3.336306095,0,92.39456177,17270,4.916892403,1.4907,NA,NA,0.015098722,Godavari,0.844299972,Humid,Train
3019,33.3891036402381,20.471244220952382,26.93016447404762,386.3011492595238,296.53696320952383,0.7256720372142857,-0.13997192345238096,2.954522890261905,48.567424956428574,10.786366385761905,67.47338821880952,143.20022782857143,509.9361508238095,842.2514285714286,1076.9292857142857,555.517380952381,154.25738095238094,227.83904761904762,30.900173444761904,32.034598159756094,38.95481442146342,31.25468212682927,15.424916792380952,22.730317872682928,23.607439024878047,18.587764893658537,23.162482329523808,27.38245501780488,31.28110286268293,24.921323470731707,12.050952380952381,706.9909756097561,37.84439024390244,105.61390243902439,230.57142857142858,336.1029268292683,364.2431707317073,166.65463414634146,86.8547619047619,267.0963414634146,73.05829268292683,139.93878048780488,4.013809523809524,111.36121951219512,31.582682926829268,10.964146341463415,15.251666666666667,155.35780487804877,26.547560975609755,35.86707317073171,4.523809523809524,1.4047619047619047,1.7857142857142858,1.880952380952381,11.166666666666666,11.166666666666666,11.166666666666666,11.166666666666666,3.0238095238095237,1.3095238095238095,1.7380952380952381,1.6428571428571428,0.407738095175,0.1244047619,0.156249999975,0.175,0.6921190476190476,16.30952380952381,161.42142857142858,15,0,869887000,0.089812772,0.749829554,0,0.645,0.388,0.934,0.546,1.334456613,12.48132708,4.86601617,0.206575356,0.21052653,125,150,150,21,18,28,28,51,54,5,5,1.23,1.225223881,1.21761194,0.97,0.917462687,0.45,0.45,0.017601217,0.008326878,18.5622,77.5831,500.7325705,503,357,688,3.77639872,2.828687668,0,32.14984512,1900,4.906524009,1.4707,0.323076923,-0.299145299,0.170731707,Godavari,0.517799973,Dry_sub_humid,Train
3020,32.99649885833333,19.323732270238096,26.160187680714287,375.975093797619,303.0736030928571,1.5749472784761904,-0.21931754764285716,3.0863681507142857,49.66084700023809,9.480197998404762,64.57982436809525,137.19129796666667,509.3114065547619,689.3842857142857,1044.6385714285714,527.312619047619,128.59952380952382,174.25738095238094,30.765039832142858,31.219822071463415,38.07612142146341,32.07003198731707,13.68131920452381,22.43684526219512,21.636569459512195,17.928548580243902,22.223136287380953,26.82840463804878,29.856455460487805,24.999468212195122,8.818333333333333,586.5239024390244,21.046341463414635,89.59487804878049,219.36833333333334,326.2731707317073,354.489756097561,164.63585365853658,82.5645238095238,261.5809756097561,63.829756097560974,130.1848780487805,1.9804761904761905,102.47878048780488,16.675853658536585,10.552682926829268,15.939047619047619,110.11658536585365,19.092926829268293,32.97024390243902,4.619047619047619,1.6666666666666667,1.9523809523809523,1.7857142857142858,11.166666666666666,11.166666666666666,11.166666666666666,11.166666666666666,3.142857142857143,1.5714285714285714,1.9285714285714286,1.7619047619047619,0.407738095225,0.147321428525,0.170833333325,0.16666666665,1.1464761904761904,158,6414.57619047619,130,0,6362319473,0.090000004,0.749894209,0,0.679,0.176,7.672,7.495,1.804956014,8.527885281,3.66008193,0.21159166,0.215844699,50,150,125,16,15,29,28,55,57,4,5,1.21,1.247988722,1.243731203,0.75,0.907349624,0.45,0.468552632,0.017827406,0.008599711,19.2203,76.3633,577.5161957,553,385,1528,4.015958201,1.686703444,0,156.9631348,30840,4.78567691,1.5399,0.457142857,-0.115942029,0.344947735,Godavari,0.415100008,Semi_arid,Train
3024,33.36980131833333,20.966609435,27.168178770238097,391.08875185238094,291.5424201619048,0.40841254276190475,0.17950768669047618,2.5545894072857145,50.45379660738095,11.525347951880953,71.95560137690477,161.93773973333333,534.2443423071429,948.9469047619048,1062.7828571428572,573.1095238095238,153.9359523809524,232.76190476190476,30.80011165642857,32.122994802682925,38.873706257317075,31.21289084365854,15.960809331666667,23.20946021609756,24.039931070243902,19.163010794634147,23.380419295,27.666201519756097,31.456800106341465,25.187944821707315,21.056190476190476,789.280731707317,53.82463414634147,107.41682926829269,227.51714285714286,336.7492682926829,352.26853658536584,166.62024390243903,90.81666666666666,266.90487804878046,82.9770731707317,144.17414634146343,5.109523809523809,112.13634146341464,29.337560975609755,10.982439024390244,18.67309523809524,155.7590243902439,27.5490243902439,36.00243902439024,4.404761904761905,1.3571428571428572,1.7142857142857142,1.8333333333333333,11.166666666666666,11.166666666666666,11.166666666666666,11.166666666666666,2.761904761904762,1.2142857142857142,1.5714285714285714,1.619047619047619,0.39880952385,0.121726190475,0.149999999975,0.16934523815,1.1294285714285714,8.19047619047619,81.55714285714286,3,0,25040000,0.017277827,0.72519627,0,0.906,0.556,7.169,6.613,1.690381332,11.76739454,5.066202338,0.217933247,0.219641942,125,150,125,20,20,24,22,56,58,2,4,1.22,1.232830189,1.219056604,1.2,1.174339623,0.63,0.611132075,0.017835257,0.007467895,18.8289,78.4367,429.5074944,409,314,667,3.422843514,1.968824387,0,45.60498047,1360,4.278484476,1.2752,0.286666667,0,0.212543554,Godavari,0.501100004,Dry_sub_humid,Train
3028,33.29045809666667,20.31595213285714,26.80322413214286,389.01172752142855,288.5648477404762,0.9466144497619048,-0.3133009279047619,2.4550396313571428,49.18937506380952,11.331186629976191,73.8059399604762,169.8924433595238,562.149975497619,951.3947619047619,1065.472619047619,551.275,124.97285714285714,225.59190476190477,29.557289022857145,32.271399439512194,39.3327147404878,31.581287484390245,13.93903028595238,23.61618552609756,23.588319194634146,18.121855257317073,21.74822164452381,27.943810475609755,31.46048250219512,24.85159936097561,26.624523809523808,855.7070731707317,27.352439024390243,64.26609756097561,220.4307142857143,335.96829268292686,364.2270731707317,165.45731707317074,91.65976190476191,260.11121951219513,73.87243902439025,136.84170731707317,4.304523809523809,98.81341463414634,17.16048780487805,7.637560975609756,18.468333333333334,161.77463414634147,23.5,26.900731707317075,4.666666666666667,1.4523809523809523,1.619047619047619,1.2619047619047619,11.166666666666666,11.166666666666666,11.166666666666666,11.166666666666666,3.3095238095238093,1.3571428571428572,1.5952380952380953,1.1666666666666667,0.414880952425,0.137499999975,0.15208333325,0.120833333325,0.7705,63.857142857142854,1813.2952380952381,86,0,2241450478,0.099191336,0.748053651,0,0.829,0.202,7.525,7.323,2.200939457,7.110031245,3.303502394,0.194915225,0.188592921,25,150,125,16,15,29,28,55,57,4,5,1.21,1.250043541,1.211970803,0.75,0.922249637,0.45,0.368011611,0.015299102,0.006448727,19.9472,79.0892,336.4648941,309,118,946,2.84445725,1.600147367,0,108.7554245,21429,3.358350356,1.7484,-0.285714286,0.147058824,-0.270615563,Godavari,0.608500004,Dry_sub_humid,Train
3029,33.0454072347619,19.37388395595238,26.20964718595238,376.70921272619046,302.6935246952381,1.535396607190476,-0.22215874057142856,3.0703888077380954,49.39355534738095,9.547525306261905,64.82625249666667,137.06249752619047,508.9953141690476,700.375238095238,1045.9964285714286,527.7442857142858,130.24619047619046,176.6590476190476,30.787454418333333,31.294546181463414,38.16555143219512,32.043342664146344,13.748233435,22.447796881219514,21.743451749268292,17.942926829756097,22.26791549595238,26.87115953512195,29.954530753414634,24.99306677317073,9.166428571428572,596.1390243902439,21.783414634146343,90.14512195121951,219.85880952380953,326.7885365853659,354.9370731707317,164.56170731707317,82.64809523809524,261.5436585365854,63.76146341463415,130.64707317073172,2.1219047619047617,103.16463414634147,17.547073170731707,10.537560975609756,15.667619047619048,112.73268292682927,19.217560975609757,32.96780487804878,4.5476190476190474,1.6428571428571428,1.9523809523809523,1.8571428571428572,11.166666666666666,11.166666666666666,11.166666666666666,11.166666666666666,3.119047619047619,1.5476190476190477,1.9047619047619047,1.8095238095238095,0.401488095275,0.145238095225,0.17083333335,0.17291666665,1.117595238095238,171.83333333333334,6530.957142857143,137,0,6453951473,0.090000004,0.749894209,0,0.678,0.176,7.672,7.495,1.78638492,8.566849488,3.691248425,0.210827734,0.214799173,50,150,125,16,15,29,28,55,57,4,5,1.21,1.245476603,1.241325823,0.75,0.900034662,0.45,0.467105719,0.017700682,0.008580069,19.0217,76.7292,568.8862464,546,364,1528,3.951173212,1.686703444,0,156.9631348,33934,4.777294299,1.6092,0.403076923,-0.284900285,0.256678281,Godavari,0.444099993,Semi_arid,Train
3030,32.99169009476191,20.00555345857143,26.498574961190478,385.59193724761906,290.34629953095236,1.0429415680238094,-0.4171316840952381,2.485050013595238,48.53187500833333,11.142863918380952,73.98696544714285,165.91643612142857,564.6116616571428,879.4638095238096,1063.4757142857143,543.167619047619,123.41761904761904,210.30714285714285,29.228734129761904,31.979510196585366,39.008496818292684,31.352015194634145,13.63270833952381,23.341563374146343,23.234795864390243,17.8086765297561,21.430685043809525,27.660565774390243,31.121500529756098,24.580311874390244,25.09547619047619,789.0519512195121,23.4190243902439,62.73560975609756,220.12952380952382,333.3370731707317,365.9321951219512,164.64634146341464,90.31428571428572,258.71682926829266,69.80170731707317,135.38,4.37952380952381,97.7390243902439,16.73951219512195,7.462926829268293,16.65047619047619,152.06121951219512,20.74951219512195,25.569268292682928,4.714285714285714,1.4523809523809523,1.7380952380952381,1.3095238095238095,11.166666666666666,11.166666666666666,11.166666666666666,11.166666666666666,3.0476190476190474,1.2857142857142858,1.5952380952380953,1.2380952380952381,0.41904761905,0.1375,0.162499999975,0.125,0.6303809523809524,30.261904761904763,855.3404761904762,43,0,1544280088,0.090199027,0.749880992,0,0.8,0.32,7.525,7.205,1.743386859,6.685943174,3.071089135,0.195612705,0.18785631,25,150,125,16,15,29,28,55,57,4,5,1.21,1.240422535,1.212772277,0.75,0.868760563,0.45,0.383295775,0.014869009,0.006238748,20.5472,78.324700000000007,394.5460203,366,232,946,3.247171636,1.738614082,0,108.7554245,10240,3.912982292,1.7458,-0.347619048,0.033846154,0.138211382,Godavari,0.527700007,Dry_sub_humid,Train
3031,31.869498378809524,21.01238458857143,26.440958443095237,378.2689408190476,284.6227215166667,0.7587568708095238,0.1185781555,2.1709141820952382,63.57176414690476,15.253309746785714,64.75217363071428,177.73645355238096,579.7244961357143,1447.6809523809525,1009.6042857142858,682.4007142857142,155.62166666666667,295.61857142857144,28.865189283333333,31.497393041707316,36.296935312195124,30.23050779682927,15.49245805,23.849012394146342,23.51255302292683,19.703746501219513,22.17873789047619,27.67326069609756,29.904748144390243,24.967201119268292,21.802619047619046,1221.6536585365855,122.25146341463415,116.75073170731707,216.8002380952381,306.03439024390246,342.58878048780485,163.51756097560977,135.38642857142858,255.48146341463413,153.46682926829268,151.40780487804878,3.493809523809524,115.20365853658537,31.73390243902439,8.900731707317073,36.917142857142856,147.85439024390243,79.2560975609756,37.90073170731707,3.7142857142857144,1.7857142857142858,1.8333333333333333,2.142857142857143,11.166666666666666,11.142857142857142,11.166666666666666,11.166666666666666,2.3333333333333335,1.6666666666666667,1.7142857142857142,2.0238095238095237,0.3366071428,0.160984848475,0.17291666665,0.1875,0.09854761904761905,7,1459.3785714285714,7,0,9310695000,0.085478616,0.730483488,0,1.058,0.222,2.419,2.197,2.030496532,13.29492581,4.415606574,0.238609529,0.249355079,150,150,150,79,69,7,10,12,23,10,10,1.56,1.546929134,1.428385827,0.53,0.578070866,0.26,0.294724409,0.025360862,0.00954588,19.1081,82.0228,696.9948081,622,532,1381,8.794801201,3.578038216,0,92.39456177,7380,5.208365232,1.3796,NA,NA,0.12543554,Godavari,0.876299977,Humid,Train
3038,33.6923575947619,20.17785099952381,26.935093893809523,379.30979891904764,295.9675932119048,1.0467896263095238,-0.8760855737380953,3.032471647047619,47.39560467857143,10.600647874714285,68.78015360190476,156.58469470238094,533.9057474285714,839.9316666666666,1069.8561904761905,534.6107142857143,135.16571428571427,219.31,30.533180919285716,32.33231307414634,39.486755036829265,32.19301079512195,14.119587429761905,23.19830267878049,23.417155355365853,18.122119152439023,22.32636844714286,27.765315874634148,31.451927359756098,25.157568972195122,12.978809523809524,756.1514634146341,16.83878048780488,74.13219512195121,221.99428571428572,330.08073170731706,370.69975609756096,167.7609756097561,86.74761904761905,260.98658536585367,62.366341463414635,135.43365853658537,3.91,106.87243902439025,19.008048780487805,8.576585365853658,17.41452380952381,154.35780487804877,21.10390243902439,31.358048780487806,4.833333333333333,1.3333333333333333,1.4047619047619047,1.0476190476190477,11.166666666666666,11.166666666666666,11.166666666666666,11.166666666666666,3.1666666666666665,1.2380952380952381,1.380952380952381,1.0238095238095237,0.4309523809,0.12410714287499999,0.133333333325,0.102083333325,0.8244523809523809,20.952380952380953,264.06904761904764,22,0,215991000,0.090000004,0.749894209,0,0.729,0.411,1.012,0.601,1.450296398,6.583948882,3.42375458,0.197464273,0.196987073,125,150,125,16,15,29,28,55,57,4,5,1.21,1.212580645,1.211290323,0.75,0.778387097,0.45,0.45,0.016639052,0.009856686,19.9611,77.1481,562.8214101,550,468,740,2.0887937,1.622219443,0,19.44652748,3515,2.525515799,1,0.347619048,-0.261904762,0.279907085,Godavari,0.524100006,Dry_sub_humid,Train
3043,33.08453591119048,20.545798685238097,26.815147316904763,388.2504605095238,289.6168865952381,0.7548324602142857,-0.06970703966666666,2.258698625095238,53.61939337357143,12.776021679071428,70.05368457380952,165.4375744952381,525.845840447619,1086.3195238095238,1057.960238095238,598.0580952380952,143.6102380952381,241.09333333333333,30.002445377142855,32.04874250317073,38.527351537317074,31.356445421463416,14.782796989285714,23.485247900487806,23.443239660243904,18.74803678414634,22.39267064785714,27.766941223658538,30.98528101829268,25.052211115609758,21.195714285714285,952.9885365853659,48.34170731707317,89.77219512195121,222.17619047619047,331.3648780487805,358.32170731707316,166.48243902439023,106.44309523809524,267.4165853658537,91.71268292682927,144.47634146341463,4.181190476190476,109.77682926829269,23.486829268292684,9.56609756097561,24.78547619047619,151.2460975609756,35.33121951219512,35.006341463414635,4.357142857142857,1.5,1.880952380952381,1.5476190476190477,11.166666666666666,11.166666666666666,11.166666666666666,11.166666666666666,2.619047619047619,1.3095238095238095,1.7380952380952381,1.4761904761904763,0.386904761875,0.13422619045,0.167559523825,0.1458333333,0.6953333333333334,1037.4285714285713,38388.945238095235,714,0,53637530255,0.077398655,0.735270684,0,1.026,0.124,9.039,8.914,3.825011559,10.42260393,4.123374857,0.213331058,0.216743394,25,150,125,16,15,29,28,55,57,4,5,1.21,1.3266641239999999,1.282099436,0.75,0.862783436,0.45,0.384226559,0.020626613,0.009128968,17.4875,81.3875,436.1068997,425,11,1664,4.773591943,2.108379364,0,156.9631348,305460,4.78890407,1.5838,NA,NA,0,Godavari,0.761300027,Humid,Train
3045,32.11976937261905,22.058574356904764,27.089245883333334,387.8495229380952,281.65011179761905,0.6073905647142858,0.21242976826190477,1.4804293351904763,66.65928324857143,16.840447668738097,64.58592032595239,173.51226388571428,513.4964024142857,1428.2107142857142,1047.0821428571428,721.5704761904761,157.73,301.2009523809524,29.463153952142857,31.844444222439023,36.0087619295122,30.606577369268294,17.378861160714287,24.380847661463413,24.276466066341463,20.946705317560976,23.421068127619048,28.11277489,30.14267232195122,25.776669331707318,20.93642857142857,1136.330731707317,142.40682926829268,162.86048780487806,228.06452380952382,315.1592682926829,356.19365853658536,167.6407317073171,150.10857142857142,276.4031707317073,149.90926829268292,159.08756097560976,3.9357142857142855,113.77024390243902,32.41439024390244,11.360731707317074,44.84047619047619,139.98756097560977,77.24097560975609,45.38463414634146,3.6666666666666665,1.7857142857142858,2.0952380952380953,1.5952380952380953,11.166666666666666,11.142857142857142,11.166666666666666,11.166666666666666,1.9285714285714286,1.5952380952380953,1.9523809523809523,1.5,0.329464285725,0.16645021645,0.1958333333,0.152083333325,0.051333333333333335,10.80952380952381,6286.271428571428,8,0,6478365000,0.055111263,0.727287884,0,1.436,0.124,7.819,7.695,2.806883519,14.75410996,4.990978209,0.247452651,0.262699952,125,150,150,79,69,7,10,12,23,10,10,1.56,1.570373027,1.449268293,0.53,0.51954089,0.26,0.27615495,0.030244353,0.012376322,17.7989,81.3928,563.6983117,557,34,1664,12.76588259,6.248775005,0,141.7036743,19550,10.63455307,2.2906,NA,NA,0.073170732,Godavari,0.800400019,Humid,Train
3048,31.992582268095237,18.841188219285716,25.416846625,377.6415966952381,287.46580731190477,1.0253597726666666,-0.5215294313809524,2.198575247904762,50.683578174761905,13.582466272595239,78.47486841095238,179.5548722047619,572.2913151809523,1175.1161904761905,1002.7673809523809,563.6369047619048,150.10119047619048,204.25809523809525,27.309426242619047,31.705679728536587,37.8510949102439,30.492207116341465,11.1937349905,23.45000599804878,21.76975874902439,16.43538584585366,19.251508271190477,27.577822870487804,29.81038706292683,23.46379448268293,48.130714285714284,1072.9312195121952,33.84585365853658,47.695853658536585,200.82214285714286,320.0190243902439,343.08682926829266,158.3990243902439,100.90119047619048,250.94658536585365,88.68365853658537,134.39170731707318,5.752380952380952,122.11146341463414,19.44829268292683,6.309756097560975,18.405238095238094,142.99512195121952,22.64439024390244,24.746341463414634,4.428571428571429,1.4047619047619047,1.4761904761904763,1.3571428571428572,11.166666666666666,11.166666666666666,11.166666666666666,11.166666666666666,2.619047619047619,1.2380952380952381,1.3571428571428572,1.3571428571428572,0.394047619075,0.1244047619,0.12916666667499999,0.12023809519999999,0.3537142857142857,21.547619047619047,751.0428571428572,9,0,2557026000,0.059129598,0.737313059,0,1.113,0.261,7.773,7.512,1.736550038,5.965686731,2.33068551,0.19029348,0.184216555,25,125,125,16,15,29,28,55,57,4,5,1.21,1.234080268,1.21,0.75,0.836956522,0.45,0.389799331,0.021808495,0.008053358,21.8842,80.175,533.1835456,533,291,1028,4.506841448,2.515959978,0,73.57512665,8070,5.08582885,3.6946,NA,NA,-0.06155633,Godavari,0.891300023,Humid,Train
3055,33.36764119071429,20.07380544904762,26.720770837619046,383.59765413809527,297.87508474761904,0.968653253547619,-0.24053834516666667,2.8505539558095236,49.05274437476191,10.465640617047619,67.75209200857142,146.10438145714286,515.7598575785714,822.7783333333333,1060.3219047619048,547.3945238095238,141.18857142857144,208.95595238095237,30.855376360238097,31.86936625292683,38.79914103926829,31.75360655780488,14.651795715,22.772403038048783,22.90126723219512,18.366749300243903,22.753577577142856,27.32089764097561,30.850294273170732,25.060299880243903,13.773571428571428,699.5185365853658,34.94658536585366,94.27146341463414,224.90595238095239,332.2229268292683,357.4807317073171,166.08829268292683,87.57285714285715,263.56439024390244,70.34268292682927,137.12975609756097,3.276904761904762,107.3470731707317,23.463414634146343,10.464878048780488,16.149285714285714,140.7241463414634,22.809756097560975,33.97536585365854,4.5476190476190474,1.3571428571428572,1.3571428571428572,1.6666666666666667,11.166666666666666,11.166666666666666,11.166666666666666,11.166666666666666,3.119047619047619,1.1904761904761905,1.3095238095238095,1.5714285714285714,0.40565476195,0.121726190475,0.12172619045,0.15625,1.0037857142857143,543.6904761904761,17195.74761904762,350,0,18451821187,0.079210438,0.744291113,0,0.718,0.176,7.674,7.497,2.945181965,10.82044303,4.374306931,0.209242895,0.211747138,50,150,125,16,15,29,28,55,57,4,5,1.21,1.249066013,1.237665033,0.75,0.871333142,0.45,0.460622133,0.017196305,0.008337123,18.8358,79.4447,518.0094385,521,124,1528,3.206468379,1.738614082,0,156.9631348,102900,3.791222333,1.5659,NA,0.244444444,0.246225319,Godavari,0.557099998,Dry_sub_humid,Train
3056,33.628458331666664,20.348090743333334,26.98833679690476,385.78844844285715,291.9648421047619,1.1428076492142858,-0.4789105668095238,2.8197487661190475,48.078518426904765,10.656285669309524,71.31156863642858,162.83787536190476,549.7571319309524,846.702619047619,1081.6638095238095,550.3352380952381,128.50761904761904,220.72357142857143,30.33321286547619,32.36641343487805,39.58301961780488,31.892335065853658,14.414830331904762,23.31727109121951,23.569997348536585,18.242027188780487,22.374148213571427,27.841929228536586,31.576513786341465,25.0672011197561,21.296666666666667,757.9521951219513,20.55317073170732,67.03243902439024,223.8359523809524,339.8180487804878,370.7529268292683,168.17951219512196,88.63071428571429,266.36560975609757,70.52804878048781,136.0719512195122,4.3428571428571425,100.11195121951219,18.62439024390244,8.456829268292683,17.949761904761903,156.38829268292685,22.376341463414633,28.954878048780486,4.857142857142857,1.5952380952380953,1.880952380952381,1.7857142857142858,11.166666666666666,11.166666666666666,11.166666666666666,11.166666666666666,3.2857142857142856,1.5238095238095237,1.8333333333333333,1.7142857142857142,0.433035714275,0.148511904725,0.175000000025,0.166666666675,0.617547619047619,8.714285714285714,311.6619047619048,13,0,178508000,0.090000004,0.749894209,0,0.739,0.36,6.96,6.6,1.73822563,7.452358873,3.5957204210000002,0.193415568,0.192070384,125,150,125,16,15,29,28,55,57,4,5,1.21,1.217733333,1.215066667,0.75,0.760266667,0.45,0.4472,0.015117644,0.007502273,20.1889,77.9869,395.478865,392,284,570,2.807563656,2.004624128,0,29.94551849,2500,3.008478088,1.7628,0.464052288,-0.058823529,0.363530778,Godavari,0.500199974,Dry_sub_humid,Train
3057,32.43118360047619,20.980425354761906,26.705745414761903,383.0622657238095,283.9583937595238,0.6951070986190476,0.11977724995238095,1.8994352147142857,62.64669231738095,15.556100410880953,64.54285992761905,174.5884310142857,511.8013716642857,1408.5954761904761,1045.6640476190476,689.9554761904762,155.8695238095238,303.2752380952381,29.36949843809524,31.71138944414634,37.46989660707317,30.63576169609756,15.319548743095238,23.803042782682926,23.740132555609755,19.490071971219514,22.344378428095236,27.75723310682927,30.60493637268293,25.06287085195122,19.77285714285714,1232.1621951219513,88.43780487804878,102.09634146341463,221.69,319.8424390243902,355.68439024390244,168.5441463414634,134.8709523809524,271.56170731707317,140.97853658536584,156.0829268292683,4.143571428571429,116.08170731707317,29.62170731707317,9.723170731707317,41.35,150.24317073170732,76.50756097560976,41.56292682926829,4.142857142857143,1.5714285714285714,1.7857142857142858,1.6904761904761905,11.166666666666666,11.166666666666666,11.166666666666666,11.166666666666666,2.238095238095238,1.380952380952381,1.6666666666666667,1.5952380952380953,0.3767857143,0.139583333325,0.168749999975,0.14791666665,0.05964285714285714,17,1485.1785714285716,12,0,9388576000,0.079467795,0.729883567,0,1.302,0.222,7.405,7.183,1.857637372,11.9385006,4.185650408,0.235973486,0.246535615,25,150,150,79,68,11,10,10,22,7,4,1.59,1.550120337,1.443849315,0.53,0.646823105,0.3,0.259518652,0.02639274,0.011426289,19.2989,80.6892,597.9588149,601,232,1381,7.275514278,3.602800131,0,141.7273865,24210,5.37025309,1.529,NA,NA,0,Godavari,0.995800018,Humid,Train
3064,33.38415559952381,20.454319557142856,26.919193420238095,391.00870790476193,286.63387275,0.8344285612380953,-0.35314729109523807,2.440682004047619,49.749347225,11.573357202738096,73.10205480738095,173.48570393333333,557.1932583071429,1024.337380952381,1063.0923809523808,573.0266666666666,125.87642857142858,244.40452380952382,29.621326868095238,32.392790883414634,39.44282873780488,31.63768492585366,14.038368405714285,23.76753298707317,23.742635206585366,18.26292683,21.82983246452381,28.08006197487805,31.592738599756096,24.950223909512196,30.91142857142857,919.9053658536585,33.24829268292683,64.50219512195122,218.82595238095237,337.6363414634146,361.14073170731706,166.08121951219513,100.98142857142857,261.29756097560977,82.39365853658536,139.86731707317074,4.390714285714286,99.63585365853659,17.159756097560976,7.653170731707317,21.38738095238095,173.16463414634146,27.520487804878048,27.771463414634148,4.595238095238095,1.6428571428571428,1.8095238095238095,1.2857142857142858,11.166666666666666,11.166666666666666,11.166666666666666,11.166666666666666,3.1904761904761907,1.4523809523809523,1.6666666666666667,1.2142857142857142,0.4086309524,0.15416666672499998,0.16428571425,0.12291666665,1.0609761904761905,22.80952380952381,733.7190476190476,30,0,572800000,0.095626332,0.748234271,0,0.871,0.202,7.41,7.208,2.001569038,5.997439876,3.070005572,0.19304477,0.186937477,25,125,125,16,15,29,28,55,57,4,5,1.21,1.289875,1.21,0.75,1.0384375,0.45,0.2503125,0.016781297,0.006429012,20.5256,78.8089,311.3618006,287,198,604,3.0987321,1.738614082,0,50.5518837,4580,3.355240838,1.6284,-0.294736842,0.076086957,0.058072009,Godavari,0.637899995,Dry_sub_humid,Train
3068,31.95480672095238,21.21880295142857,26.586801982619047,375.1294870357143,282.7759399904762,0.7462651258571429,0.1499634363809524,2.030598479880952,65.40370034880952,15.954561997357143,65.05374717761904,178.84344132857143,591.6581818452381,1412.707380952381,1012.167619047619,713.3461904761905,160.3602380952381,288.69690476190476,28.991843679761907,31.64440823609756,36.23402969219512,30.360447820731707,15.788344488571429,24.01906637292683,23.660063626585366,19.93705717634146,22.390089306190475,27.83178928512195,29.947038706585367,25.148672530487804,26.03047619047619,1141.1263414634147,136.57756097560977,142.79439024390243,218.40285714285713,307.3526829268293,342.6756097560976,163.09658536585366,143.88380952380953,265.9041463414634,163.26243902439023,154.18512195121951,3.2778571428571426,116.53487804878048,35.704878048780486,8.67390243902439,37.701190476190476,138.23439024390245,79.65317073170732,39.23,3.5238095238095237,1.7619047619047619,1.880952380952381,1.7619047619047619,11.166666666666666,11.119047619047619,11.166666666666666,11.166666666666666,2.261904761904762,1.5476190476190477,1.7857142857142858,1.6904761904761905,0.3184523809,0.156628787825,0.1666666666,0.154166666675,0.05452380952380952,3,1378.6785714285716,7,0,9280365000,0.03262638,0.72501839,0,1.148,0.222,2.419,2.197,1.648511577,14.35057105,4.819316521,0.247992395,0.263294941,150,150,150,81,69,7,8,12,23,10,10,1.56,1.561111111,1.44031746,0.53,0.533809524,0.26,0.267301587,0.028349158,0.010305934,19.1975,82.5119,797.434246,820,550,1381,14.73772118,11.32103443,0,92.39456177,3545,7.94759027,1.4391,NA,NA,0.025551684,Godavari,0.92750001,Humid,Train
3071,32.635947862857144,20.91933612690476,26.77766048952381,386.92198029761903,282.6215738952381,0.6037463364047619,0.16697372519047618,1.7709544732857143,61.40847067047619,16.068158867809522,66.18762155904761,177.32202858809524,493.83896455238096,1413.8109523809524,1061.055,691.9638095238095,159.79309523809525,292.81619047619046,29.460919857857142,31.82364654097561,37.933592258780486,30.79880847682927,15.090571576666667,23.8405997602439,23.784742841463416,19.309256297317074,22.275860686190477,27.832093163170732,30.85918875902439,25.05402239097561,19.32095238095238,1268.208780487805,67.52804878048781,92.76512195121951,223.03333333333333,327.58146341463413,360.68731707317073,170.19243902439024,134.99190476190475,278.78536585365856,133.74048780487806,158.03073170731707,4.513333333333334,120.46536585365854,29.009756097560977,9.591951219512195,41.88690476190476,146.4590243902439,67.53682926829268,43.05365853658537,4.333333333333333,1.5238095238095237,1.5238095238095237,2,11.166666666666666,11.166666666666666,11.166666666666666,11.166666666666666,2.642857142857143,1.3571428571428572,1.4523809523809523,1.8571428571428572,0.39404761905,0.1369047619,0.1333333333,0.180952380925,0.04538095238095238,28.80952380952381,1684.15,15,0,9473439000,0.073337589,0.729409181,0,1.443,0.222,7.405,7.183,2.518205367,11.03869382,3.968048901,0.233300202,0.24277354,25,150,150,79,68,11,10,10,22,7,4,1.59,1.519091586,1.432788921,0.53,0.756634401,0.3,0.244951601,0.027225282,0.011849321,18.8525,80.3494,511.0164068,556,88,1381,7.27582219,3.587963581,0,141.7273865,40000,5.563897221,1.6895,NA,NA,0.008130081,Godavari,0.825500011,Humid,Train
3074,33.82405366023809,20.55391021952381,27.18894502309524,386.71538299285714,292.3589541952381,0.8450993781666667,-0.5023661793095238,2.6690173054285715,49.07627245333333,11.00414989395238,69.85659520761905,163.14122814285713,535.4561934738095,923.5197619047619,1074.1804761904762,549.9033333333333,133.6604761904762,244.5154761904762,30.639003784761904,32.53345661829268,39.7345227995122,32.050899639512195,14.622350508095238,23.48036985219512,23.827868505121952,18.450699720243904,22.630662755238095,28.006869252439024,31.781139978536586,25.250767692195122,16.75761904761905,833.1858536585365,22.915365853658535,72.77707317073171,223.98285714285714,337.17829268292684,365.9917073170732,167.7641463414634,89.83833333333334,264.5880487804878,68.16219512195121,138.53585365853658,4.121190476190476,103.69829268292683,20.350243902439026,8.650243902439025,21.205952380952382,169.52048780487806,26.211463414634146,33.024146341463414,4.785714285714286,1.4523809523809523,1.3571428571428572,1.619047619047619,11.166666666666666,11.166666666666666,11.166666666666666,11.166666666666666,3.0476190476190474,1.3095238095238095,1.3571428571428572,1.5714285714285714,0.4288690476,0.136011904775,0.12916666667499999,0.15208333335,0.6155238095238095,100.5952380952381,2600.5714285714284,106,0,3930170200,0.089756101,0.748835025,0,0.789,0.307,7.518,7.211,1.871447847,8.582085447,4.021389217,0.198268881,0.19801421,100,150,125,16,15,29,28,55,57,4,5,1.21,1.265,1.246578947,0.75,0.789078947,0.45,0.428815789,0.016512838,0.007974303,19.8175,78.5778,426.1884199,422,196,740,3.582409309,1.968824387,0,64.86959076,18441,3.424198559,2.1009,-0.051282051,0.046783626,-0.017421603,Godavari,0.585099995,Dry_sub_humid,Train
3075,33.080261979285716,20.557507521666665,26.818956838809523,388.3186258785714,289.57576371666664,0.7507542428571429,-0.06749665447619048,2.2525574506190478,53.71857525904762,12.808535789309524,70.03257336095238,165.44602853809525,525.2840431690477,1087.03,1058.327619047619,599.537380952381,143.74761904761905,241.49857142857144,30.000703988571427,32.050517793658535,38.51287645804878,31.351915234390244,14.804136603333333,23.491795281463414,23.448833509512195,18.76525389804878,22.40251476261905,27.771227508780488,30.980904029756097,25.05869252292683,21.239047619047618,952.209756097561,48.92512195121951,90.6509756097561,222.2497619047619,331.56341463414634,358.3421951219512,166.56439024390244,106.92666666666666,267.7848780487805,92.17585365853658,144.66487804878048,4.192857142857143,109.79682926829268,23.55560975609756,9.60609756097561,24.93261904761905,151.27,35.49634146341464,35.08170731707317,4.380952380952381,1.5238095238095237,1.8571428571428572,1.5238095238095237,11.166666666666666,11.166666666666666,11.166666666666666,11.166666666666666,2.6904761904761907,1.3333333333333333,1.7142857142857142,1.4761904761904763,0.3889880952,0.1363095238,0.1654761905,0.143749999975,0.6908571428571428,1037.4285714285713,38388.945238095235,714,0,53752544621,0.076947909,0.735186367,0,1.034,0.124,9.039,8.914,3.807952422,10.42769776,4.120596253,0.213633735,0.217119196,25,150,125,16,15,29,28,55,57,4,5,1.21,1.328181129,1.283239987,0.75,0.860590071,0.45,0.383430733,0.020761731,0.009177322,17.2519,81.6564,435.9732298,425,10,1664,4.900445601,2.133529902,0,156.9631348,307800,4.870795457,1.5787,NA,NA,0,Godavari,0.719099998,Humid,Train
3076,32.15061297738095,22.072076608809525,27.111344287380952,402.0145312547619,282.00017412380953,0.6375420013809524,0.2778001646190476,1.2639791301190475,65.51675231357143,16.136357633547618,64.18734178738096,176.89524982142856,516.8927114261904,1461.7004761904761,1106.3140476190476,750.0871428571429,155.99857142857144,308.2816666666667,29.522704696666665,31.795989604634148,36.12804082658537,30.61392243073171,17.421559532142858,24.35552978780488,24.332139448780488,20.92856457487805,23.47212226190476,28.075781687317072,30.230074231463416,25.771175529756096,17.958571428571428,1166.3973170731708,148.58146341463416,163.97634146341463,246.4802380952381,326.7621951219512,379.1358536585366,174.90731707317073,158.34738095238095,287.23829268292684,152.39512195121952,166.5390243902439,3.4969047619047617,117.33317073170731,27.70219512195122,11.185853658536585,45.31404761904762,151.19073170731707,72.80195121951219,45.38878048780488,3.5,1.9523809523809523,2,2.0238095238095237,11.166666666666666,11.166666666666666,11.166666666666666,11.166666666666666,2.0476190476190474,1.7142857142857142,1.9523809523809523,1.8333333333333333,0.3139880952,0.176488095225,0.1791666666,0.177083333325,0.12814285714285714,2,186.2,1,0,3686000000,0.041774809,0.725752581,0,1.285,0.694,2.321,1.628,1.924723757,17.37066548,6.156679963,0.243813043,0.257827794,150,150,150,79,70,10,10,11,20,4,8,1.57,1.574390244,1.455365854,0.5,0.51097561,0.28,0.283414634,0.028005886,0.010865542,18.1894,81.7981,250.5249929,203,128,1021,9.527590105,3.244438887,0,138.817337,1120,7.63783968,1.305,NA,NA,0,Godavari,0.905099988,Humid,Train
3079,33.46891467738095,19.723185789285715,26.596005286190476,380.54832916190475,298.873983,1.0963462687380952,-0.718880445952381,2.9619606579761903,46.48510645214286,10.138224850619048,67.25490348476191,145.7755201238095,511.88997836904764,760.9054761904762,1061.782619047619,521.665,139.4204761904762,202.87357142857144,30.653856118095238,31.969758095609755,39.073881229512196,32.02714914073171,13.848871467619048,22.749632146829267,22.670771474390243,17.839888044878048,22.251318366666666,27.359660135609754,30.872234888292684,24.933554577804877,12.057380952380953,666.0985365853659,21.044634146341462,79.96951219512195,221.76214285714286,331.33170731707315,363.38439024390243,165.79268292682926,82.17547619047619,259.1992682926829,57.43073170731707,133.5787804878049,3.183333333333333,110.25536585365853,20.061951219512196,9.242682926829268,13.887380952380953,144.6168292682927,18.499756097560976,30.479024390243904,4.809523809523809,1.5,1.119047619047619,1.3333333333333333,11.166666666666666,11.166666666666666,11.166666666666666,11.166666666666666,3.2857142857142856,1.380952380952381,1.0476190476190477,1.3095238095238095,0.4267857143,0.13571428565,0.105357142825,0.127083333325,0.6926190476190476,77.33333333333333,2113.707142857143,80,0,3269361590,0.090000004,0.749894209,0,0.725,0.258,1.099,0.84,1.722077922,7.753627295,3.871782586,0.202763936,0.203407851,125,150,125,16,15,29,28,55,57,4,5,1.21,1.223184358,1.218212291,0.75,0.794040968,0.45,0.446219739,0.015711841,0.008104897,19.1758,77.0131,534.1974501,531,360,934,2.780564518,1.622219443,0,60.373909,15000,2.872929059,1.5451,NA,NA,-0.037166086,Godavari,0.475899994,Semi_arid,Train
3081,32.698216554761906,19.757872146190476,26.22804112357143,386.5044264119048,283.28876229285714,0.7433924749285714,0.0838466983095238,1.8467218869285715,54.98430312690476,15.17884374702381,75.3497957547619,191.1505222595238,528.6002942,1229.392857142857,1028.0269047619047,623.7059523809523,147.92833333333334,230.46904761904761,28.45241948142857,32.13638344707317,38.63005302219512,30.981619352682927,12.623268408809524,23.806251500000002,22.766805408536584,17.584006397560977,20.537821220714285,27.971309476585365,30.698401378292683,24.282878848780488,37.84642857142857,1135.5351219512195,31.368780487804877,53.70463414634146,209.0011904761905,327.1131707317073,349.50975609756097,162.3790243902439,120.44238095238096,262.0073170731707,106.96682926829268,146.5641463414634,5.263095238095238,121.88829268292683,17.66439024390244,6.592195121951219,27.281904761904762,141.13536585365853,35.06414634146341,31.943414634146343,4.190476190476191,1.3333333333333333,1.8095238095238095,2.0238095238095237,11.166666666666666,11.119047619047619,11.166666666666666,11.166666666666666,2.4761904761904763,1.1904761904761905,1.4761904761904763,1.880952380952381,0.371130952425,0.1219642857,0.16428571425,0.187500000025,0.7059761904761904,13.30952380952381,762.6095238095238,10,0,1391141000,0.046324653,0.73407195,0,1.343,0.318,7.604,7.286,1.32348136,6.813742184,2.582263023,0.206548842,0.206672624,25,150,125,16,15,29,28,55,57,4,5,1.21,1.323544974,1.263129771,0.75,0.915714286,0.45,0.288888889,0.024330771,0.009694576,21.6256,80.2539,427.4188543,367,273,831,5.764516198,2.803431034,0,116.3840637,5380,5.259061782,2.6064,-0.026315789,0.011396011,0.077816492,Godavari,0.907100022,Humid,Train
3082,33.272366555,20.477759503571427,26.875068365,396.0953391142857,284.78988708571427,0.5176607571428572,0.14351793283333333,1.9838391785,52.485169381666665,13.266415115642857,72.38074721547619,180.74957866190476,514.2120408357143,1209.252619047619,1046.252619047619,574.8133333333333,142.38595238095238,271.1330952380952,29.42376208857143,32.36445222,39.31837486780488,31.50371051585366,14.044829380714285,23.795989604390243,23.705466595365852,18.391151539512194,21.734352372619046,28.0801759297561,31.511922057317072,24.947437025609755,25.038333333333334,1114.1824390243903,32.71585365853659,66.19926829268293,215.9152380952381,331.5143902439024,354.21731707317076,164.8578048780488,105.93428571428572,251.12756097560975,87.17829268292682,142.00926829268292,4.958809523809524,113.00317073170731,19.480243902439025,8.29560975609756,29.095238095238095,178.25658536585365,36.54853658536585,33.13609756097561,4.619047619047619,1.6428571428571428,1.8571428571428572,2.1904761904761907,11.166666666666666,11.166666666666666,11.166666666666666,11.166666666666666,3.1666666666666665,1.4761904761904763,1.7142857142857142,2.0238095238095237,0.40833333335,0.15416666665,0.168452380925,0.202083333375,0.4683809523809524,11.142857142857142,176.15714285714287,5,0,312903000,0.079402944,0.707798736,0,1.142,0.519,3.038,2.518,1.617858654,8.342547513,3.741220288,0.194116967,0.199066041,25,125,25,43,0,34,0,23,0,26,0,1.39,1.310909091,1.21,1.4,1.114393939,0,0.197727273,0.017432468,0.007227261,20.1936,79.6656,244.9304481,240,186,461,2.325894175,1.555063725,0,57.40369797,1900,2.184236819,1.374,0.08,-0.076923077,0.103368177,Godavari,0.716499984,Humid,Train
3083,32.017471261666664,19.02308890809524,25.520254206904763,370.24043995238094,289.8857610714286,1.3786174153333333,-0.6623869075476191,2.4765906458809526,52.287495975238095,12.626724661880953,75.45881632714286,167.15574943571428,566.1725501142857,1094.6869047619048,1006.2442857142858,537.7830952380953,129.26500000000001,191.1457142857143,27.662875403809522,31.363314674634147,37.974490985609755,30.630523790243902,12.054172288095238,22.976935226585365,22.07370095487805,16.764902039268293,19.858525760714286,27.170079968536584,30.02404294804878,23.697768892439026,36.89142857142857,1003.430487804878,25.973170731707317,54.191707317073174,204.7890476190476,312.0880487804878,351.86,157.0548780487805,93.52333333333334,249.3760975609756,71.57853658536585,134.1407317073171,5.328809523809523,102.41707317073171,17.75,6.791951219512195,17.135952380952382,130.16390243902438,21.929756097560976,26.160243902439024,4.833333333333333,1.5952380952380953,2.142857142857143,1.880952380952381,11.166666666666666,11.166666666666666,11.166666666666666,11.166666666666666,2.9285714285714284,1.4285714285714286,1.9523809523809523,1.8333333333333333,0.4336309524,0.141071428525,0.1875,0.167559523775,0.23023809523809524,3.3095238095238093,36.33571428571429,0,0,28429000,0.049783258,0.731165359,0,1.064,0.423,7.457,7.034,1.264659768,5.106770043,2.488628819,0.196146111,0.194749356,25,150,125,16,15,29,28,55,57,4,5,1.21,1.256292135,1.2125,0.75,0.945393258,0.45,0.343820225,0.01877639,0.007037848,21.7189,78.8242,693.8264601,721,340,1166,6.413320471,4.118631363,0,65.44865417,2500,7.816444976,1.7234,-0.066666667,0.218181818,0,Godavari,0.553200006,Dry_sub_humid,Train
3087,33.61767012357143,20.53888546285714,27.078254255714285,389.2404062047619,289.76391658333335,0.8498225530238095,-0.3300664525,2.4793160562380954,49.682290300238094,11.347239355333333,72.10095224619047,168.06629991904762,549.2819121095238,968.2638095238095,1067.8890476190477,553.7828571428571,130.585,238.4295238095238,30.17829372404762,32.46713314707317,39.59375927878049,31.837552978780487,14.397361984761904,23.636603358536586,23.81503711487805,18.396037583902437,22.28789873190476,28.051815273902438,31.70436373317073,25.116733306829268,21.983333333333334,872.8148780487805,27.287560975609757,69.25804878048781,221.93119047619047,335.9870731707317,364.22829268292685,166.37560975609756,91.99547619047618,261.9219512195122,72.4590243902439,138.66951219512194,4.2821428571428575,102.04926829268292,19.159268292682928,8.174878048780489,20.43642857142857,167.16975609756096,25.790243902439023,30.35,4.642857142857143,1.5,1.6666666666666667,1.380952380952381,11.166666666666666,11.166666666666666,11.166666666666666,11.166666666666666,3.0476190476190474,1.4047619047619047,1.5238095238095237,1.3571428571428572,0.412797619,0.14166666665,0.15625,0.13125,0.717,179.95238095238096,4919.621428571429,214,0,6734267178,0.10132834,0.7441475,0,0.844,0.202,7.525,7.323,2.848137054,8.217030005,3.788738734,0.197385023,0.194808969,25,150,125,16,15,29,28,55,57,4,5,1.21,1.257875303,1.231923848,0.75,0.882124697,0.45,0.414794189,0.016207238,0.007244672,19.5614,79.6133,360.335766,339,106,946,3.2965446370000002,1.779052377,0,108.7554245,47500,3.43677301,1.9476,NA,NA,0.18815331,Godavari,0.617600024,Dry_sub_humid,Train
3089,32.708392030714286,19.823449358333335,26.26591843285714,392.80892553333337,283.2603659380952,0.5890334653095238,0.1778010285,1.9692103836428572,53.37127134904762,14.620876000714286,76.87184995619047,194.10512633095237,540.7735469833333,1284.827142857143,1048.7892857142856,636.4635714285714,146.32214285714286,235.11333333333334,28.542752593809524,32.07601359390244,38.669962884390245,30.97205118,12.794397446190477,23.755457817317073,22.88647136804878,17.64392243121951,20.668516152142857,27.915785685365854,30.778181336585366,24.30802479,33.73452380952381,1199.377804878049,29.943658536585367,52.285609756097564,214.73619047619047,333.6,354.55658536585366,166.23926829268294,123.66095238095238,262.39,113.80463414634146,149.11536585365855,5.350952380952381,119.32658536585366,17.89170731707317,7.191219512195122,24.52452380952381,154.5051219512195,30.793658536585365,30.426341463414634,4.023809523809524,1.6666666666666667,1.7619047619047619,1.619047619047619,11.166666666666666,11.166666666666666,11.166666666666666,11.166666666666666,2.357142857142857,1.4523809523809523,1.619047619047619,1.5714285714285714,0.35565476185,0.148809523775,0.1616071428,0.15208333335,0.5893333333333334,21.404761904761905,290.6404761904762,4,0,377527000,0.02525193,0.72583263,0,1.287,0.559,2.662,2.103,1.475247525,7.904328928,3.185442911,0.203624636,0.20966904,25,125,125,16,15,29,28,55,57,4,5,1.21,1.292857143,1.21,0.75,1.049206349,0.45,0.242857143,0.021157431,0.009283881,20.9122,79.9264,293.4224974,278,227,712,3.805274959,1.885791779,0,65.85194397,1800,2.703522828,1.4757,0.401709402,-0.407407407,0.204413473,Godavari,0.841799974,Humid,Train
3092,32.06005403333333,21.875679484761903,26.96788521547619,379.5006686,282.54549633809523,0.6807534696428571,0.1875365832142857,1.7669795156190475,66.08968790142858,16.248904811809524,64.37785798309524,175.55342908809524,552.7229037761905,1495.0152380952381,1026.7569047619047,691.1159523809524,154.49761904761905,299.795,29.348743361666667,31.780677729268294,35.98103658536586,30.588356657317075,16.99241417595238,24.32001599317073,24.153687699512194,20.730983606585365,23.17054796309524,28.050335865853658,30.067452280487803,25.65967213097561,22.232619047619046,1213.3453658536584,146.91048780487804,148.44829268292682,225.42357142857142,303.6029268292683,351.3892682926829,165.88585365853658,139.00785714285715,257.83682926829266,153.8260975609756,153.91121951219512,3.3076190476190477,113.0480487804878,31.51341463414634,10.31609756097561,42.57833333333333,133.71439024390244,85.46853658536585,44.30731707317073,3.6666666666666665,1.5476190476190477,1.4523809523809523,1.5952380952380953,11.166666666666666,11.166666666666666,11.166666666666666,11.166666666666666,2.1666666666666665,1.380952380952381,1.4047619047619047,1.4523809523809523,0.330952380925,0.143750000025,0.13958333335,0.1520833333,0.11685714285714285,2.8095238095238093,983.5714285714286,3,0,1221315000,0.095210124,0.731400325,0,1.234,0.124,7.819,7.695,1.301015551,13.43006072,4.495034882,0.246364692,0.26121909,150,150,150,79,69,7,10,11,20,4,8,1.56,1.572102273,1.45,0.53,0.519261364,0.26,0.278522727,0.028214021,0.011465124,18.6125,82.1428,710.3047632,611,231,1655,9.884510772,5.293669701,0,108.2779541,3047,8.515917806,2.8521,NA,NA,0,Godavari,0.912199974,Humid,Train
3094,32.03446305119048,19.052116737380953,25.54322331404762,376.0860874452381,289.4512649809524,1.1657389547142858,-0.5677123886428571,2.323769458357143,51.090407958571426,12.498853912976191,75.44371238404761,166.49382077857143,565.426689347619,1070.902857142857,1014.6009523809523,552.3440476190476,132.37047619047618,201.9242857142857,27.69495905095238,31.414848061219512,37.97794538634147,30.571167532682928,11.985518004761905,23.09093962390244,22.100896076585368,16.759772091219514,19.840186599285715,27.252870851219512,30.039247084146343,23.665453818780488,37.246428571428574,970.8463414634147,29.585853658536585,58.43536585365854,205.53428571428572,319.0948780487805,351.02048780487803,158.68463414634147,96.91547619047618,254.02219512195123,77.85536585365854,134.6590243902439,5.20952380952381,105.2129268292683,18.289268292682927,6.760243902439024,17.27595238095238,141.8929268292683,22.461951219512194,24.797073170731707,4.428571428571429,1.5238095238095237,2.0952380952380953,1.6666666666666667,11.166666666666666,11.166666666666666,11.166666666666666,11.166666666666666,2.7142857142857144,1.3571428571428572,2,1.5476190476190477,0.39821428565,0.133333333275,0.18333333335,0.148809523775,0.5623333333333334,31.666666666666668,1672.1571428571428,30,0,1557837000,0.061209202,0.735838826,0,0.992,0.423,7.61,7.187,1.779910109,5.072308334,2.651424441,0.193927212,0.189778314,25,150,125,16,15,29,28,55,57,4,5,1.21,1.266844784,1.211355311,0.75,0.969185751,0.45,0.31259542,0.018798166,0.007192976,21.2167,79.2331,585.2297084,600,206,1204,5.204063309,3.205846071,0,65.44865417,11100,6.256960156,1.9393,NA,NA,0,Godavari,0.622099996,Dry_sub_humid,Train
3098,33.605037398571426,21.433826951190476,27.519439338333335,394.7202497642857,289.8687287428571,0.40565627114285713,0.33503477802380954,2.746178514119048,53.914738423809524,11.40251037747619,66.93020171333333,156.24940803809523,537.0241987785714,950.7326190476191,1048.5788095238095,568.8485714285714,134.64714285714285,261.5488095238095,30.94820591142857,32.48500199902439,39.032847295609756,31.434006397560974,16.359158762142858,23.775909636097563,24.442446977804877,19.63081567414634,23.653684344285715,28.130483806097562,31.737619299756098,25.53241903292683,21.86095238095238,788.5356097560975,58.2190243902439,104.77243902439025,223.01214285714286,335.8019512195122,345.5092682926829,164.3912195121951,98.93857142857142,259.4229268292683,77.89487804878048,144.05341463414635,4.419761904761905,98.05365853658536,24.728292682926828,10.62170731707317,24.303809523809523,171.32073170731707,34.56341463414634,37.14731707317073,4.333333333333333,1.5952380952380953,2.2142857142857144,2.119047619047619,11.166666666666666,11.166666666666666,11.166666666666666,11.166666666666666,2.619047619047619,1.4523809523809523,1.9523809523809523,2.0238095238095237,0.39255952375000003,0.14464285715,0.193749999975,0.188392857175,1.7499047619047619,65.69047619047619,1651.6690476190477,10,0,1008739000,0.028623917,0.723693037,0,0.797,0.296,9.039,8.743,2.402783901,14.27881004,5.37666665,0.216173651,0.218619374,25,150,150,47,39,29,27,24,34,9,8,1.39,1.363935927,1.310811456,0.86,0.934370709,0.38,0.402677346,0.019341284,0.009899546,18.62,79.8044,354.4947294,329,121,664,2.422290984,1.555063725,0,99.94126892,12691,3.417156576,1.7331,NA,NA,0.070847851,Godavari,0.572399974,Dry_sub_humid,Train
3099,32.38070666047619,20.733126673809522,26.556894671666665,381.29530844285716,286.4966243,0.8673169893809524,-0.040702497619047616,2.2492699823809525,61.25088282904762,14.120940603761905,62.13832983380952,170.4684029904762,540.9666959261905,1445.9680952380952,1004.6559523809524,628.4647619047619,149.60904761904763,318.6173809523809,29.257536815238094,31.599856057560977,37.58165694634146,30.547848860243903,14.893241857619048,23.636573370975608,23.58618504804878,19.20669732097561,22.075386103809524,27.618194722682926,30.583830858780487,24.87730907609756,17.89857142857143,1242.3353658536585,111.29268292682927,109.27243902439024,212.32119047619048,305.5580487804878,342.2885365853659,163.81341463414634,118.9054761904762,242.9890243902439,131.55317073170733,147.44536585365853,3.8704761904761904,112.17243902439024,27.319512195121952,9.801219512195122,38.35285714285714,166.73414634146343,82.80829268292683,37.55780487804878,3.9285714285714284,1.5952380952380953,1.7380952380952381,1.9047619047619047,11.166666666666666,11.166666666666666,11.166666666666666,11.166666666666666,2.3095238095238093,1.3571428571428572,1.5714285714285714,1.8095238095238095,0.3544642857,0.147321428575,0.16458333335,0.1755952381,0.008952380952380953,0,0,1,0,72901000,0.144496378,0.7366763,0,1.244,0.341,2.011,1.669,1.240196078,11.57524295,4.230555624,0.229288463,0.238473139,150,150,150,79,68,11,10,10,22,7,4,1.59,1.59,1.45,0.53,0.53,0.3,0.3,0.02325741,0.010320706,19.2697,81.8839,604.8618883,601,537,904,3.098410555,2.640108347,0,59.96284103,1523,2.947363681,1.241,0.274853801,-0.368421053,0.321718931,Godavari,0.856000006,Humid,Train
3103,33.1162934997619,20.165153506666666,26.64075831261905,388.66338491666664,287.49300551666664,0.791323068404762,-0.21412778288095238,2.200416531261905,51.428924698809524,12.660184582238095,74.30636564595238,175.7821270047619,549.379191202381,1108.3438095238096,1051.287380952381,572.2035714285714,137.03261904761905,233.15785714285715,29.327671018333334,32.21508796512195,39.0722614,31.378460615609757,13.622732017619049,23.64845861707317,23.342820784390245,17.993426629268292,21.475253869285716,27.93182726902439,31.20758218390244,24.68591763219512,28.985,1010.5287804878049,30.877560975609757,64.27829268292683,216.54500000000002,331.8041463414634,358.52634146341467,164.77146341463416,100.06166666666667,260.6534146341463,82.12219512195122,140.8819512195122,4.739285714285714,108.65780487804878,19.107560975609758,7.754634146341464,21.705714285714286,159.5519512195122,27.271951219512196,29.78560975609756,4.5476190476190474,1.5714285714285714,1.9047619047619047,1.4761904761904763,11.166666666666666,11.166666666666666,11.166666666666666,11.166666666666666,2.642857142857143,1.4047619047619047,1.8333333333333333,1.4047619047619047,0.406547619075,0.1464285714,0.172619047575,0.139583333325,0.7096190476190476,364.23809523809524,10488.890476190476,327,0,17697042278,0.076008908,0.734882688,0,1.02,0.202,7.773,7.571,4.12252935,7.599471568,3.388028651,0.198215357,0.196653846,25,150,125,16,15,29,28,55,57,4,5,1.21,1.271360726,1.232159425,0.75,0.925813767,0.45,0.375133404,0.018470847,0.00766684,18.9783,79.9469,372.7931302,331,91,1204,3.749158781,1.941541433,0,116.3840637,108780,3.959094486,1.9813,NA,NA,0.054587689,Godavari,0.698000014,Humid,Train
3105,32.24010384928572,22.022642923333333,27.131385708333333,387.3558865071428,283.18808700238094,0.6085637497142857,0.2344141733095238,1.5829865191428572,63.63565928357143,15.76873128402381,63.21892090428572,171.13836569285715,463.78128166190476,1457.4266666666667,1055.3021428571428,665.0902380952381,155.34285714285716,317.11261904761903,29.599497715238094,31.78488804487805,36.40773594926829,30.62790084,17.359529252380952,24.288516593170733,24.348634676341465,20.830187924634146,23.47947427952381,28.03673330731707,30.378186638780488,25.729112355121952,18.943571428571428,1287.6097560975609,82.21731707317073,103.74097560975609,227.0090476190476,314.3182926829268,364.70048780487804,169.47658536585365,127.46452380952381,268.5834146341463,125.84341463414634,156.31170731707317,4.325714285714286,114.7180487804878,28.89439024390244,11.088048780487805,46.88428571428572,150.46926829268293,81.14048780487805,45.20951219512195,4.023809523809524,1.6666666666666667,1.6428571428571428,2.0476190476190474,11.166666666666666,11.166666666666666,11.166666666666666,11.166666666666666,2.1904761904761907,1.4523809523809523,1.5952380952380953,2.0476190476190474,0.369047619,0.1473214285,0.143750000025,0.179166666675,0.11578571428571428,0,0,2,0,2171000,0.010783791,0.722838127,0,1.374,0.613,4.233,3.62,1.132556131,12.78736796,4.484142017,0.237080409,0.248037508,150,150,150,79,70,10,10,11,20,4,8,1.57,1.576060606,1.456969697,0.5,0.509090909,0.28,0.286060606,0.02485234,0.009485998,19.0122,81.2325,536.6128328,526,318,1266,8.681332009,5.105587482,0,109.1317978,1700,7.544662291,1.8589,NA,NA,0.018583043,Godavari,0.850899994,Humid,Train
3107,33.37396392642857,20.75646115738095,27.065222934761906,394.46334011190476,280.8279961904762,0.3768607586666667,0.3262812235238095,1.8069443563333334,54.965635164761906,15.871858151119048,74.1936211952381,194.40216997380952,503.2665647571429,1362.069761904762,1059.0259523809523,645.31,162.50357142857143,255.61904761904762,29.433582289761905,32.58627948804878,39.45256627780488,31.437816873414633,14.029643877857144,24.278754497560975,23.95949628878049,18.738404637560976,21.731670750238095,28.432540983414633,31.706055143170733,25.08801279512195,27.285,1274.3017073170731,31.724146341463413,61.31463414634146,217.42666666666668,333.1339024390244,360.57243902439023,168.41975609756096,126.31333333333333,271.4451219512195,106.70902439024391,153.5009756097561,5.723333333333334,128.59658536585366,23.406829268292682,8.600731707317072,34.34547619047619,148.74243902439025,39.50243902439024,38.42560975609756,4.785714285714286,1.3333333333333333,1.5714285714285714,1.2142857142857142,11.166666666666666,11.166666666666666,11.166666666666666,11.166666666666666,3.238095238095238,1.1428571428571428,1.4047619047619047,1.1904761904761905,0.424404761875,0.1270833333,0.146428571425,0.11666666665,0.19114285714285714,1,5.1,0,0,0,0.011112688,0.723140248,0,1.629,0.625,2.736,2.111,1.575317604,7.827585108,3.237537249,0.2142846,0.221272841,25,150,25,43,0,34,0,23,0,26,0,1.39,1.389,1.320769231,1.4,1.237166667,0,0.0825,0.024923461,0.009343898,20.4219,80.0917,300.4933913,277,207,653,5.146057985,2.64683485,0,77.15124512,2600,4.166157484,1.3608,-0.042105263,0.068421053,0.202090592,Godavari,0.853900015,Humid,Train
3109,33.2283237952381,19.561286770952382,26.39480990095238,378.9884227547619,300.9030854904762,1.3360606617142856,-0.3736139470952381,2.9904314500238094,48.33718660952381,9.832387933904762,65.98364949880953,140.80517812142858,510.87267228809526,733.4283333333333,1052.5480952380951,528.255238095238,134.37666666666667,188.8814285714286,30.755002326904762,31.583862454634147,38.544363732682925,32.026205517560975,13.86179925952381,22.591381447560977,22.16958377487805,17.950463814634148,22.308365211190477,27.08764094365854,30.356967126585367,24.988396641707318,10.445714285714287,631.9429268292683,21.967560975609757,86.70585365853658,220.91261904761905,329.0012195121951,357.8173170731707,165.10073170731707,82.99452380952381,261.40780487804875,62.57170731707317,132.1412195121951,2.5945238095238095,105.91926829268293,18.94682926829268,10.130243902439025,15.14904761904762,126.35219512195121,19.28609756097561,32.33146341463414,4.5476190476190474,1.5714285714285714,1.8571428571428572,1.6428571428571428,11.166666666666666,11.166666666666666,11.166666666666666,11.166666666666666,3.0714285714285716,1.5238095238095237,1.7380952380952381,1.5476190476190477,0.399999999975,0.14047619045,0.16547619045,0.154166666675,0.9879761904761905,268.1190476190476,8765.780952380952,235,0,9860869317,0.090000004,0.749894209,0,0.693,0.176,7.672,7.495,1.80952309,8.503600413,3.795153495,0.207602723,0.21011685,50,150,125,16,15,29,28,55,57,4,5,1.21,1.237707317,1.2330514910000001,0.75,0.858163155,0.45,0.457579687,0.016974237,0.008358316,19.0439,77.4556,544.6849962,529,333,1528,3.482685332,1.622219443,0,156.9631348,53630,4.087877415,1.6534,0.528985507,-0.273333333,0.283391405,Godavari,0.492399991,Semi_arid,Train
4003,31.47648259404762,19.938716806428573,25.707626918095237,377.2674252642857,299.60012053571427,1.3260839660476191,0.16820503223809524,2.5511419152142856,61.1659156897619,12.933872345357143,67.59780784357143,164.27257135238096,564.8121674714286,891.3002380952381,1046.5609523809524,595.2626190476191,168.13214285714287,253.2459523809524,31.04580829214286,28.865345861463414,35.47369035,31.213818472682927,15.961840352619047,21.86524790097561,21.634917814634147,19.384914034634146,23.50382924761905,25.365307876829267,28.554395546341464,25.299336265365852,7.095,736.0226829268292,47.53512195121951,122.21341463414635,237.98619047619047,308.65487804878046,350.1790243902439,169.46219512195123,104.76166666666667,274.18829268292683,82.82219512195122,145.4539024390244,1.6335714285714287,133.00463414634146,21.48951219512195,16.065365853658538,44.500238095238096,111.2190243902439,45.22512195121951,57.39292682926829,4.928571428571429,1.5476190476190477,2.0714285714285716,2.0476190476190474,11.166666666666666,11.166666666666666,11.166666666666666,11.166666666666666,3.2142857142857144,1.4285714285714286,2.0714285714285716,2,0.442559523825,0.138392857125,0.18124999995,0.179166666625,1.1017142857142856,53.07142857142857,4287.797619047619,65,0,4665616125,0.090000004,0.749894209,0,0.89,0.222,8.953,8.731,1.266406932,11.37536734,4.119745645,0.239529851,0.257178395,25,150,150,16,15,29,28,23,57,4,5,1.21,1.314251781,1.284028777,0.75,1.107149644,0.45,0.46807601,0.02710344,0.012031493,16.7808,74.6333,721.8716281,691,526,1440,8.977722346,3.35755682,0,132.2944336,12660,12.57268861,1.6184,0.049462366,0,-0.331010453,Krishna,0.368000001,Semi_arid,Train
4005,30.585696483809524,19.252630784285714,24.919144387380953,385.8366005166667,309.13495450476194,1.257883532642857,0.19412694473809525,3.4062754781428572,58.39362959023809,11.681227438595238,63.34675621,146.49741152857143,523.4719308642857,737.3711904761905,1055.6971428571428,586.8209523809523,175.66452380952381,239.92642857142857,30.37315876952381,28.324072370731706,34.50849681804878,29.403286685853658,16.062932675,20.53716713292683,20.965103393414633,18.824190324634145,23.218106118571427,24.430549780243904,27.736786849512196,24.11374650170732,10.478095238095237,468.47414634146344,113.63097560975609,162.51707317073172,248.42619047619047,317.71,339.45146341463413,169.79902439024391,104.35428571428571,235.94487804878048,113.21121951219513,145.0780487804878,4.814523809523809,107.44146341463414,46.512926829268295,21.062682926829268,27.42952380952381,122.77951219512195,40.24170731707317,54.65853658536585,4.642857142857143,1.4285714285714286,2,1.7619047619047619,11.166666666666666,11.166666666666666,11.166666666666666,11.166666666666666,2.9047619047619047,1.3571428571428572,1.9285714285714286,1.5952380952380953,0.42172619045,0.129464285675,0.1854166667,0.1645833333,1.1355714285714287,7.880952380952381,113.5142857142857,2,0,4459000,0.01,0.722769797,0,0.9,0.338,1.688,1.35,1.334775374,16.25486059,5.808781726,0.234777029,0.254369238,125,150,150,47,39,29,27,24,34,9,8,1.39,1.384823529,1.323411765,0.86,0.823176471,0.38,0.384823529,0.020118952,0.009177206,14.4339,75.7797,662.5685631,650,535,1128,3.601079747,2.108379364,0,91.44982147,2300,3.990233605,1.3041,0.733333333,-0.111111111,0.119628339,Krishna,0.386299998,Semi_arid,Train
4006,31.815875360714287,20.65262980738095,26.234297014285715,383.62668789285715,305.6408377619048,1.327674058047619,0.35992621364285715,3.3873986878095237,57.649532182142856,11.69538220842857,64.74739161428572,146.0196940404762,531.7708310809523,683.5895238095238,1043.9114285714286,603.5335714285715,168.55619047619047,213.1795238095238,31.57605672595238,29.45768692487805,35.631041886585365,31.056453418292683,17.14730089,22.105971610975608,22.48423913,20.138284686341464,24.361772575952383,25.781895241707318,29.05768557804878,25.597309076585365,9.940952380952382,459.90926829268295,101.87731707317073,128.29243902439023,245.72047619047618,311.1482926829268,336.51048780487804,170.00024390243902,104.06952380952382,255.85243902439024,115.40658536585366,140.3870731707317,2.765952380952381,115.70390243902439,35.72048780487805,18.409512195121952,22.99309523809524,112.71780487804878,31.765853658536585,50.34146341463415,4.619047619047619,1.7142857142857142,2.0476190476190474,1.9047619047619047,11.166666666666666,11.166666666666666,11.166666666666666,11.166666666666666,2.7142857142857144,1.5952380952380953,1.880952380952381,1.7857142857142858,0.413988095225,0.15357142855,0.179166666625,0.1755952381,0.8618809523809524,6.119047619047619,1090.9142857142858,15,2034.26,1586538714,0.037283423,0.721752342,0,0.661,0.226,4.091,3.866,1.290580495,15.11528292,4.238855304,0.233559976,0.245957928,50,150,150,47,39,29,27,24,34,9,5,1.39,1.345343284,1.293522388,0.86,0.768776119,0.38,0.403522388,0.025902745,0.013720375,15.8717,75.7228,639.0204977,632,529,1024,2.527074037,1.52037394,0,61.07461929,9373,3.642117193,1.3462,-0.295238095,-0.028571429,-0.207897793,Krishna,0.341100007,Semi_arid,Train
4015,29.745825735238096,19.31943677285714,24.532628183809525,382.38925554285714,301.46885160238094,0.8596185231190476,0.17749699907142857,1.9884893392380953,67.22494311214285,20.695196049761904,70.64068431333334,165.30157713333332,486.1595678904762,1549.9297619047618,1224.78,965.9919047619047,249.3347619047619,291.32119047619045,30.400563268333332,27.06909836,32.98502120926829,29.157285084878048,16.608957578333335,20.305091963902438,20.78287645878049,19.16370651780488,23.504756751190477,23.687103158536587,26.88392629902439,24.160511795365853,17.015714285714285,1210.0236585365853,151.2109756097561,209.06756097560975,277.8857142857143,411.38439024390243,364.97073170731704,193.6341463414634,196.52238095238096,397.2680487804878,204.99439024390244,185.97463414634146,9.362142857142857,155.54756097560977,60.56170731707317,29.716341463414633,65.63380952380952,103.96829268292683,62.31878048780488,64.90487804878049,4.095238095238095,1.7380952380952381,1.9523809523809523,1.5952380952380953,11.166666666666666,11.166666666666666,11.166666666666666,11.166666666666666,2.7142857142857144,1.5714285714285714,1.8095238095238095,1.5238095238095237,0.369642857175,0.15654761905,0.175297619075,0.1455357143,0.49835714285714283,4,2094.4,3,0,2309344352,0.01,0.722769797,0,2.079,0.45,8.069,7.619,1.144425044,11.90043098,3.767073789,0.26197518,0.280156527,50,150,150,49,38,28,23,23,39,10,5,1.4,1.39982906,1.31034188,0.58,0.791623932,0.4,0.403418803,0.041121199,0.01766923,13.9761,75.6853,839.8105815,786,560,1867,12.80958439,8.895261765,0,136.8544464,2990,17.44560202,1.6794,NA,NA,0.010452962,Krishna,0.469000012,Semi_arid,Train
4017,31.98497123547619,20.479415941666666,26.232200716666668,383.0693421809524,303.28062937619046,1.3341992438095238,0.1983270608095238,3.145422473952381,56.7458513502381,11.468058312714286,65.16062720357142,149.05541031190475,533.0550156285715,758.1971428571428,1040.185,593.7283333333334,164.91476190476192,220.66095238095238,31.417260111666668,29.64427029097561,36.09769883317073,31.21581367390244,16.685608751190475,22.121117553414635,22.421447508292683,19.839120351463414,24.051396752857144,25.882696922195123,29.259687167560976,25.527413034878048,8.178571428571429,576.760487804878,69.01512195121951,122.5360975609756,238.9597619047619,315.45268292682925,337.3919512195122,167.92268292682925,101.75952380952381,264.8382926829268,99.10634146341464,140.02341463414635,2.410952380952381,120.2990243902439,29.545853658536586,16.622439024390243,28.79357142857143,109.60170731707316,35.73268292682927,51.21268292682927,4.809523809523809,1.5952380952380953,1.7857142857142858,2.119047619047619,11.166666666666666,11.166666666666666,11.166666666666666,11.166666666666666,3.238095238095238,1.5476190476190477,1.6428571428571428,1.9285714285714286,0.435714285775,0.14255952375,0.156249999975,0.19285714285,0.9667380952380952,142.92857142857142,12450.083333333334,183,0,15195833498,0.080187686,0.736283572,0,0.749,0.18,8.953,8.773,1.903220887,15.78555843,4.849994583,0.232927947,0.248691903,25,150,125,16,15,29,28,55,57,4,5,1.21,1.292251908,1.261360656,0.75,0.943762268,0.45,0.460594329,0.02443976,0.011784672,16.4911,76.9231,632.694238,612,346,1440,4.632586666,2.039795637,0,132.2944336,55150,7.296930311,1.7653,NA,NA,0.075493612,Krishna,0.316599995,Semi_arid,Train
4019,32.45047721785714,20.22119213690476,26.33583756047619,383.8289168261905,302.93067134761907,1.260901788595238,0.03227351026190476,3.173507713809524,52.62625671952381,10.319510028857144,64.66605671761904,143.1957364857143,523.0110913619047,724.6635714285715,1030.7059523809523,557.9121428571428,149.31595238095238,204.15047619047618,31.248122362619046,30.37025389829268,37.049999999756096,31.34960415804878,15.982669955,22.147041184146342,22.40836691414634,19.29920032,23.61539175904762,26.258652538292683,29.729146341463416,25.324454218780488,8.48452380952381,567.8473170731708,52.198780487804875,113.60073170731707,229.80190476190478,319.8770731707317,335.34,165.22121951219512,91.26833333333333,259.33073170731706,84.70658536585366,133.98804878048782,2.375238095238095,109.5380487804878,26.57439024390244,14.41219512195122,21.434047619047618,113.72024390243902,29.361707317073172,44.0909756097561,4.904761904761905,1.4285714285714286,1.9047619047619047,1.9761904761904763,11.166666666666666,11.166666666666666,11.166666666666666,11.166666666666666,3.3095238095238093,1.3333333333333333,1.8095238095238095,1.9047619047619047,0.4425595238,0.127976190475,0.166666666675,0.183333333325,1.0179761904761904,584.047619047619,23130.369047619046,455,1516,30653582241,0.081517634,0.740329782,0,0.663,0.161,9.08,8.919,2.255400803,13.55695721,4.510422395,0.222654298,0.233170891,25,150,125,16,15,29,28,55,57,4,5,1.21,1.267014993,1.249544513,0.75,0.944593367,0.45,0.469404816,0.021821458,0.010628584,16.2592,77.8411,585.997154,573,268,1472,4.098805025,1.968824387,0,200.589035,132920,5.96355039,1.7417,NA,NA,-0.010452962,Krishna,0.362899989,Semi_arid,Train
4021,31.299939036190477,20.023717227142857,25.661836721904763,374.4524558071429,294.5053206261905,1.326104381357143,0.14252140407142858,2.2769356581904763,64.22153653047619,14.19178803947619,68.03453818571428,174.70780895238096,575.062290402381,1063.124761904762,1041.7621428571429,618.657619047619,173.43166666666667,280.99880952380954,30.892219415,28.66078768512195,35.21380169609756,31.186077568536586,16.113392364523808,21.927954818048782,21.670612407317073,19.493242703414634,23.502728691666668,25.294422231219514,28.442293212439026,25.33962415097561,7.315476190476191,911.4536585365854,44.27219512195122,125.83487804878048,236.53309523809523,305.06975609756097,350.8790243902439,168.92,117.11928571428571,275.5192682926829,88.99829268292683,149.25341463414634,1.4264285714285714,143.2378048780488,17.36341463414634,15.599268292682927,59.30619047619047,106.03390243902439,56.46292682926829,64.6029268292683,4.619047619047619,1.7619047619047619,2.142857142857143,1.7380952380952381,11.166666666666666,11.166666666666666,11.166666666666666,11.166666666666666,2.880952380952381,1.619047619047619,2.0952380952380953,1.7380952380952381,0.409821428575,0.155654761925,0.187499999975,0.1520833333,1.0385952380952381,23.071428571428573,3606.0714285714284,22,0,4421214242,0.090000004,0.749894209,0,1.014,0.222,8.953,8.731,1.188832643,9.284103568,3.356223989,0.246501279,0.262984283,125,150,150,44,35,33,24,23,41,11,26,1.39,1.368324324,1.31715847,0.99,1.237675676,0.38,0.466,0.032554405,0.014213926,17.2944,74.1903,784.6174637,738,547,1440,13.80073711,6.600271225,0,132.2944336,5462,16.39768183,1.6082,0.310160428,-0.267226891,0.040650407,Krishna,0.434500009,Semi_arid,Train
4022,33.490584057142854,22.490515092380953,27.99052567642857,407.01616397857146,285.19309070714286,0.11341818604761905,0.6900938130714286,2.5600203704285716,59.23115274690476,12.599072743619049,68.45453564809524,162.82187448333332,549.3933429952381,1053.357142857143,1079.8759523809524,632.8809523809524,130.83309523809524,274.96690476190474,30.73187246595238,33.08785885634146,38.02138388121951,31.416193522682928,17.857575935714287,24.74269092317073,24.86273329804878,21.20126349487805,24.294663412142857,28.91527788902439,31.442038706097563,26.308692522439024,24.101666666666667,844.7112195121952,76.84390243902439,132.80414634146342,228.3411904761905,348.8819512195122,358.97439024390246,164.44756097560975,130.4604761904762,273.56853658536585,90.5119512195122,150.59414634146341,4.213095238095238,97.85097560975609,19.10170731707317,12.755609756097561,26.329285714285714,182.30756097560976,32.95268292682927,39.441707317073174,4.5,1.5238095238095237,1.9523809523809523,1.7857142857142858,11.166666666666666,11.166666666666666,11.166666666666666,11.166666666666666,2.9761904761904763,1.2857142857142858,1.7857142857142858,1.5952380952380953,0.4020833333,0.1383928571,0.17232142855,0.160714285725,1.2255238095238095,61.07142857142857,804.3071428571428,1,1.67,206477200,0.035199668,0.721112317,0,0.944,0.344,2.331,1.987,2.620416408,18.32003718,6.143277726,0.232681388,0.243440031,25,150,150,47,39,29,27,24,34,9,8,1.39,1.362485876,1.307988506,0.86,0.902881356,0.38,0.416864407,0.024141495,0.009918065,16.7156,80.3164,186.1817385,178,26,791,2.878655918,1.52037394,0,92.43457794,9854,2.625899806,1.3255,-0.060606061,0.117647059,0.085946574,Krishna,0.476999998,Semi_arid,Train
4023,29.900199793095236,18.817941635714284,24.359052856428573,376.8468594452381,309.0071141309524,1.0309113748571428,-0.10121515116666667,3.093827567047619,61.03492534238095,11.760341925928572,59.60740201428571,145.4848345095238,523.3237769690476,642.1354761904762,1065.3916666666667,651.9542857142857,164.74333333333334,231.38761904761904,29.64141222142857,27.834304278292684,33.656145280487806,28.640199920487806,16.032066772619046,19.804810076341465,20.43488600219512,18.532526989512196,22.83675393238095,23.81952019219512,27.0455222697561,23.586289484390242,14.82047619047619,341.45365853658535,126.06878048780487,175.0929268292683,253.23928571428573,326.96073170731705,333.6490243902439,171.35121951219512,117.68333333333334,264.68634146341464,133.5109756097561,149.10463414634145,7.277619047619048,81.61926829268293,55.23634146341463,24.450731707317072,41.26380952380953,82.14585365853658,54.90658536585366,57.708536585365856,4.5,1.6666666666666667,2,2.0476190476190474,11.166666666666666,11.166666666666666,11.166666666666666,11.166666666666666,2.6904761904761907,1.4047619047619047,1.9047619047619047,1.880952380952381,0.407738095275,0.147321428525,0.17499999995,0.1791666667,0.7841190476190476,47.285714285714285,545.2095238095238,4,0,54201000,0.01,0.722769797,0,0.898,0.421,5.07,4.65,1.430228063,17.03388819,5.477264171,0.237727365,0.259455945,150,150,150,47,39,29,27,24,34,9,8,1.39,1.392638889,1.324722222,0.86,0.786111111,0.38,0.385277778,0.021908009,0.011335367,13.7542,76.3197,829.8044213,798,655,1903,4.966648605,2.530055046,0,123.7350998,4320,5.684309184,1.2464,0.323529412,0.058479532,0.387921022,Krishna Tungabhadra,0.283300012,Semi_arid,Train
4024,32.73735476547619,20.066711421666668,26.40199396761905,383.50861559761904,306.35114267380953,1.558210207404762,0.14250871161904763,3.8591152287619046,48.92699234357143,8.181131037833334,62.90431157857143,137.48846426666665,525.0010183357143,513.1428571428571,964.5214285714286,508.39761904761906,126.975,173.5492857142857,31.593847493571428,30.527662935365854,37.560466596585364,31.46109956,15.818172952142858,21.97451019512195,22.259008483658537,19.18221511414634,23.706032026190478,26.25103558512195,29.909665960243903,25.321663334634145,7.845,353.53292682926826,55.70634146341463,108.38292682926829,209.20261904761904,319.2492682926829,298.86560975609757,155.62634146341463,68.91190476190476,255.7551219512195,79.80878048780488,114.6409756097561,2.3519047619047617,86.21365853658537,28.60682926829268,12.84219512195122,11.558095238095238,100.58073170731707,25.346341463414635,40.01512195121951,4.857142857142857,1.4285714285714286,1.2619047619047619,1.3095238095238095,11.166666666666666,11.166666666666666,11.166666666666666,11.166666666666666,3.3333333333333335,1.4285714285714286,1.1666666666666667,1.2619047619047619,0.437499999975,0.129464285675,0.120833333325,0.124999999975,0.17657142857142857,1.5238095238095237,46.142857142857146,8,0,39112000,0.090000004,0.749894209,0,0.391,0.228,0.649,0.422,1.315151515,16.78318563,5.276037651,0.224936066,0.235560344,125,125,125,16,15,29,28,55,57,4,5,1.21,1.21,1.21,0.75,0.75,0.45,0.45,0.018114877,0.009180578,17.2864,75.637200000000007,580.7369655,572,458,757,2.218017641,1.968824387,0,27.55579948,1640,4.344190986,1.4479,0.526153846,-0.421652422,-0.211382114,Krishna,0.360399991,Semi_arid,Train
4025,30.625891866666667,19.51470708452381,25.070300163095236,386.0544883404762,304.49414020238095,1.3266322328809523,0.4086513995,2.937971757666667,64.99194734357143,15.407962840095239,70.00583361952381,167.52917113333334,515.1945386357143,1052.6359523809524,1100.2780952380951,709.6392857142857,201.49,290.0676190476191,30.740311083571427,28.13962015195122,34.31464740170732,29.77238304780488,16.307265002619047,20.839186325609756,21.16040031804878,19.137329068048782,23.5237739,24.489468212682926,27.737492046585366,24.454802080487806,9.243333333333334,800.8978048780488,107.8109756097561,160.13243902439024,263.58,321.2368292682927,355.2578048780488,180.6107317073171,136.62071428571429,287.1980487804878,134.05024390243904,165.74634146341464,4.429285714285714,145.81853658536585,34.493658536585365,21.554878048780488,43.2197619047619,141.76170731707316,47.03048780487805,64.07634146341464,4.904761904761905,1.5,1.8095238095238095,1.8571428571428572,11.166666666666666,11.166666666666666,11.166666666666666,11.166666666666666,3.142857142857143,1.3333333333333333,1.619047619047619,1.7142857142857142,0.445535714275,0.138392857125,0.162797619075,0.16845238095,0.5486666666666666,5.619047619047619,81.9952380952381,3,0,65375000,0.017100922,0.724597438,0,1.179,0.467,7.786,7.319,1.266533066,10.80782817,3.534095178,0.242905824,0.262917681,50,150,150,49,38,28,23,23,39,10,5,1.4,1.397428571,1.315142857,0.58,0.675571429,0.4,0.395285714,0.023068262,0.011831387,14.5,75.6339,648.1100753,641,537,1025,4.962048301,2.878536224,0,66.0883255,1850,4.980481586,1.3569,0.216666667,0.036764706,0.25203252,Krishna Tungabhadra,0.412699997,Semi_arid,Train
4030,33.34609701452381,20.764208677380953,27.05512655738095,390.25069572142854,297.1949134952381,0.4370813903809524,0.006554567261904762,3.0860131886428572,48.68091029476191,11.117795489571428,68.81289498619047,144.7374399547619,498.84453678095235,782.6540476190477,1063.1571428571428,562.2902380952381,158.75619047619048,224.93833333333333,31.07335423452381,31.988876449512194,38.72593319121951,31.195709715609755,16.331510055,22.501351459512197,23.794056204390245,19.190955617560977,23.70234349142857,27.245153938780486,31.259970838536585,25.193270691219514,11.201428571428572,626.9370731707318,59.05560975609756,104.27585365853659,233.29904761904763,331.2153658536585,352.8919512195122,165.99121951219513,90.59761904761905,259.6058536585366,82.65439024390244,140.9370731707317,3.7407142857142857,112.87243902439025,32.70390243902439,13.22,13.994047619047619,151.8068292682927,25.200731707317072,39.08170731707317,4.571428571428571,1.5952380952380953,1.2142857142857142,1.8571428571428572,11.166666666666666,11.166666666666666,11.166666666666666,11.166666666666666,2.857142857142857,1.2857142857142858,1.1428571428571428,1.7619047619047619,0.409821428575,0.141071428525,0.1077380952,0.17291666665,0.7325714285714285,30,364.9690476190476,14,0,869712933,0.081458838,0.732848197,0,0.619,0.192,2.896,2.704,1.461598365,13.74687158,4.469385267,0.211814588,0.215454674,125,150,125,16,15,29,28,55,57,4,5,1.21,1.217708333,1.213854167,0.75,0.834791667,0.45,0.45,0.018402615,0.009471083,17.2031,77.1572,537.2437648,541,395,726,3.018218662,2.03105998,0,43.6404953,7650,4.376959902,1.382,-0.672727273,-0.219047619,0.075493612,Krishna,0.42809999,Semi_arid,Train
4031,31.332439051190477,19.842121915,25.587288103809524,387.43103906190476,306.69985006666667,1.0903599118571428,0.18506673054761905,3.4275947255714287,56.836801005,11.545806410238095,62.60280889571428,138.82062010952382,479.78483591428574,762.5209523809524,1070.0711904761904,617.4161904761904,165.35214285714287,210.78833333333333,30.66999658952381,29.348360655365852,35.513088547073174,29.873738504390243,16.481201104285713,21.14984206390244,21.78990456,19.24148740487805,23.575639196190476,25.249092362439026,28.651511134390244,24.55759296268293,11.538571428571428,525.1670731707317,97.4590243902439,146.6729268292683,248.57761904761904,335.7429268292683,335.38658536585365,170.40048780487805,108.03261904761905,261.2848780487805,117.15682926829268,143.3658536585366,4.488809523809524,106.27024390243902,39.11731707317073,19.399268292682926,26.317619047619047,99.90829268292683,37.399268292682926,51.662439024390245,4.642857142857143,1.619047619047619,1.8333333333333333,2,11.166666666666666,11.166666666666666,11.166666666666666,11.166666666666666,2.9285714285714284,1.4523809523809523,1.7857142857142858,1.9523809523809523,0.42172619045,0.14613095235,0.1693452381,0.185416666675,0.7768571428571429,305.04761904761904,10428.188095238094,57,0,8822265545,0.016092443,0.72342414,0,0.843,0.161,8.069,7.908,2.573852437,20.41107368,6.919908615,0.229035171,0.245526525,25,150,150,47,39,29,27,24,34,9,8,1.39,1.334925443,1.285923965,0.86,0.859668661,0.38,0.410763921,0.024903795,0.012319213,15.9483,77.4264,608.8300192,601,303,1903,4.166249637,2.004624128,0,136.8544464,60630,5.061633956,1.5759,-0.1,-0.081871345,0.289198606,Krishna,0.320899993,Semi_arid,Train
4038,31.843412421666667,19.591401397857144,25.717442354285716,375.24803323333333,305.17032894047617,1.654997750547619,-0.12982957552380953,2.984250852833333,55.25500494476191,9.941714958642857,63.41972004071429,149.96319622380952,551.7415627833334,797.865,1016.1840476190476,542.6164285714285,128.63833333333332,196.6457142857143,30.714594318095237,29.494012394878048,36.265999470243905,31.433510596097562,14.975544452619047,22.04490603780488,21.37389978731707,18.819132346829267,22.845152636428573,25.769458216341462,28.819946976829268,25.126401438780487,6.990714285714286,678.4519512195122,22.991463414634147,108.72048780487805,219.2704761904762,315.1170731707317,337.2326829268293,164.00073170731707,88.66047619047619,261.0763414634146,73.67048780487805,130.28121951219512,1.360952380952381,100.94731707317074,16.83048780487805,12.60390243902439,27.220238095238095,101.07439024390244,29.528536585365853,42.954878048780486,4.523809523809524,1.8571428571428572,1.9047619047619047,2.119047619047619,11.166666666666666,11.166666666666666,11.166666666666666,11.166666666666666,3.119047619047619,1.7857142857142858,1.7619047619047619,2.0714285714285716,0.405059523925,0.16547619052499998,0.1666666667,0.191369047625,1.8734761904761905,184.47619047619048,8221.259523809524,112,0,11199665517,0.09023001,0.749878934,0,0.728,0.187,9.08,8.893,1.460118141,10.16387464,4.205203405,0.224316496,0.23603076,25,150,125,16,15,29,28,55,57,4,5,1.21,1.324457516,1.31175583,0.75,1.103908497,0.45,0.466496732,0.022081086,0.010017905,17.9722,75.1392,639.8949039,609,445,1472,6.620416335,2.480371714,0,200.589035,22856,7.428622546,1.7579,0.010752688,-0.255913978,0.400696864,Krishna,0.297899991,Semi_arid,Train
4039,31.860343941190475,20.508308932142857,26.184279787857143,383.8965350404762,306.9953481761905,1.4140830785,0.4360616408809524,3.4892656581904764,58.66000391190476,12.237591760595238,65.92297198428571,148.7461983190476,544.6637141285714,623.162619047619,1053.2549999999999,592.6071428571429,171.03285714285715,224.06785714285715,31.539479662142856,29.50738104804878,35.84055673414634,30.95832067195122,16.97086151190476,21.978778488536584,22.37002651097561,19.96228708487805,24.255192076190475,25.743032786341463,29.105164368536585,25.46027988707317,11.405476190476191,387.8929268292683,109.04536585365854,129.73975609756098,248.5107142857143,311.27463414634144,341.06243902439024,172.0351219512195,101.34,248.12634146341463,114.96756097560976,140.15536585365854,2.690952380952381,116.82975609756097,36.72731707317073,18.890731707317073,20.6,128.69975609756096,30.31170731707317,49.419024390243905,4.523809523809524,1.5714285714285714,1.7619047619047619,1.4761904761904763,11.166666666666666,11.166666666666666,11.166666666666666,11.166666666666666,2.9047619047619047,1.4523809523809523,1.619047619047619,1.3571428571428572,0.40565476185,0.14107142855,0.154166666675,0.13660714285,0.8441666666666666,0,0,0,0,0,0.010213973,0.722841021,0,0.593,0.292,1.416,1.124,1.242708055,11.57045847,3.351647221,0.238936958,0.246534762,125,150,150,47,39,29,27,24,34,9,8,1.39,1.36631068,1.307475728,0.86,0.773300971,0.38,0.395242718,0.026823064,0.014891666,15.55,75.3667,638.647105,634,567,843,1.583817293,1.320054173,0,54.04199982,2952,2.717788965,1.2892,0.066666667,-0.00952381,-0.020905923,Krishna,0.370000005,Semi_arid,Train
4040,31.085902141428573,19.790050950714285,25.438036673809524,386.90865701666667,305.8673687809524,1.2526016089761904,0.33162013783333333,3.2193679128809523,60.35958880142857,13.425217591714286,65.76501552714285,149.6418105595238,505.4962589595238,951.2269047619047,1101.8340476190476,693.052619047619,180.62761904761905,231.54666666666665,30.845434887619046,28.799676130487804,35.03650053,29.96169132365854,16.49647032142857,21.102884846341464,21.60157741268293,19.29426229512195,23.671098980714287,24.95129148292683,28.319127783414633,24.62798480609756,11.352380952380953,698.7048780487805,108.34024390243903,155.75317073170731,255.6561904761905,345.00341463414634,345.56170731707317,176.25121951219512,126.84309523809523,289.86634146341464,135.89170731707318,154.26146341463414,4.410238095238095,122.38560975609757,37.919024390243905,20.210731707317073,32.139761904761905,111.5170731707317,38.628780487804875,54.124634146341464,4.595238095238095,1.7857142857142858,2.1666666666666665,1.9047619047619047,11.166666666666666,11.166666666666666,11.166666666666666,11.166666666666666,2.8333333333333335,1.6428571428571428,2.119047619047619,1.7619047619047619,0.4154761905,0.16071428575,0.19404761905,0.177083333325,0.8071666666666667,70.71428571428571,6662.823809523809,30,0,7454875545,0.021580532,0.724021777,0,1.033,0.161,8.069,7.908,2.355578728,22.29030493,7.774912798,0.237911711,0.254364855,25,150,150,47,39,29,27,24,34,9,8,1.39,1.363283859,1.302219075,0.86,0.798778281,0.38,0.38638914,0.025875845,0.012009384,15.4917,76.7169,629.0072584,607,367,1867,5.155014213,2.38535881,0,136.8544464,33018,6.282677441,1.6575,NA,NA,0.003484321,Krishna,0.307500005,Semi_arid,Train
4041,33.854932407142854,22.18207732047619,28.01850479595238,404.17930429761907,288.0369092166667,0.1328868689047619,0.6767156911666666,2.876519502238095,58.084510942142856,11.269285342166667,65.19324599857143,153.76858423809523,542.5391191571429,951.3688095238095,1067.7369047619047,603.0569047619048,122.46095238095238,262.5390476190476,31.109781144285716,33.10947221170731,38.92597826121951,31.619704118292685,17.247185071904763,24.534108356585367,24.86532873804878,20.652934826341465,24.178484700714286,28.82181127585366,31.89567073195122,26.13625749609756,21.190714285714286,752.230243902439,63.86048780487805,136.77463414634147,226.48142857142858,346.8934146341463,350.97634146341466,163.90414634146342,115.4954761904762,268.4726829268293,85.17975609756098,145.80073170731708,3.178809523809524,92.09756097560975,17.456829268292683,12.637073170731707,24.270238095238096,175.50585365853658,29.66780487804878,38.90658536585366,4.238095238095238,1.5714285714285714,1.7619047619047619,1.2857142857142858,11.166666666666666,11.166666666666666,11.166666666666666,11.166666666666666,2.7857142857142856,1.4285714285714286,1.7380952380952381,1.2857142857142858,0.38065476185,0.1404761905,0.157142857125,0.122916666675,1.1773333333333333,36,268.2,0,0,76418000,0.01,0.722769797,0,0.781,0.531,1.346,0.815,1.389128273,20.18988068,6.619334471,0.23162414,0.24054021,150,150,150,47,39,29,27,24,34,9,8,1.39,1.39,1.33,0.86,0.86,0.38,0.38,0.027076419,0.01231412,16.9489,80.0478,194.9196513,189,73,481,1.556267918,1.333456159,0,79.42295837,2928,2.358957549,1.2414,NA,NA,0.163763066,Krishna,0.491600007,Semi_arid,Train
4044,31.35123963952381,20.449977896666667,25.90064279285714,373.2644509,303.31063099047617,1.7749025424761904,-0.07732859052380953,2.810503320952381,61.81394304404762,12.668636772095239,69.07105214952381,172.0056966857143,577.0255198690476,1291.7954761904762,1056.8959523809524,611.8414285714285,159.73809523809524,238.08714285714285,30.525168313809523,29.084282287317073,34.9295227997561,31.625757696829268,16.102197862857142,22.75527788780488,21.971219513414635,19.976125550243903,23.31375107904762,25.919750099512196,28.450421526585366,25.800947621463415,4.962857142857143,1187.0787804878048,21.021707317073172,110.11829268292684,232.70285714285714,303.0912195121951,368.07268292682926,173.13146341463414,114.10333333333334,268.95170731707316,88.48829268292683,152.4380487804878,0.9416666666666667,138.94268292682926,10.89829268292683,12.828536585365853,41.489761904761906,113.07146341463415,36.83853658536585,51.482439024390246,4.642857142857143,1.5238095238095237,1.4523809523809523,1.7857142857142858,11.166666666666666,11.166666666666666,11.166666666666666,11.166666666666666,2.9047619047619047,1.4285714285714286,1.380952380952381,1.6428571428571428,0.419047619,0.134821428525,0.1270833333,0.156249999975,2.348,26.976190476190474,953.9214285714286,10,0,1274395000,0.092396457,0.749735075,0,0.797,0.187,8.908,8.721,1.142027864,8.495622193,3.583928131,0.236038565,0.249035578,125,150,150,39,43,38,35,23,22,7,3,1.38,1.336933333,1.351866667,1.83,1.5564,0.64,0.591866667,0.026812056,0.010932692,18.6669,74.0022,690.6062547,659,542,1260,9.854872713,5.147209644,0,123.0189743,2205,8.869423215,1.6051,0.279411765,0,0.094076655,Krishna,0.316300005,Semi_arid,Train
4047,31.672203815238095,20.84876542,26.26046484404762,381.4518596047619,299.18655657619047,1.349400003,0.24429105583333333,2.5483749898095236,65.26677224428572,14.849920297309524,68.92280089142857,171.56308212142858,550.7076652690477,1015.4911904761905,1097.1966666666667,682.092380952381,201.6247619047619,291.89976190476193,31.58541027357143,29.194316273658536,35.16775980926829,31.408364652926828,17.15753486761905,22.490671731707316,22.55346500609756,20.421323470731707,24.371355832380953,25.84250299804878,28.86061505780488,25.914858056585366,5.820476190476191,858.6843902439024,60.48341463414634,115.1290243902439,256.10857142857145,318.58780487804876,365.2468292682927,177.7678048780488,128.36690476190475,297.50951219512194,107.55146341463414,162.17,2.2716666666666665,165.69536585365853,20.500731707317073,18.019268292682927,58.99666666666667,115.85,55.07219512195122,67.66146341463414,4.523809523809524,1.6904761904761905,2.0238095238095237,2.3095238095238093,11.166666666666666,11.166666666666666,11.166666666666666,11.166666666666666,3.1904761904761907,1.5952380952380953,1.880952380952381,2.261904761904762,0.405059523825,0.15,0.17708333325,0.202083333325,1.6439285714285714,2.9047619047619047,188.86190476190475,13,0,177028000,0.09348121,0.749894209,0,1.06,0.305,4.339,4.034,1.442852024,11.52386035,3.757143359,0.246701217,0.264031451,50,125,50,47,36,30,27,23,37,35,19,1.4,1.3525,1.285,1.13,1.035,0.41,0.42,0.028571584,0.012739518,16.5639,74.5275,639.2657409,605,530,1035,6.979096288,3.661545277,0,64.43670654,2322,10.38215559,1.3639,-0.156862745,0,-0.026713124,Krishna,0.426099986,Semi_arid,Train
4048,31.503985882857144,20.781258171428572,26.142601338571428,381.68471350238093,295.5459548452381,1.447227643904762,0.22278086273809525,2.4881358696190476,65.3650698095238,14.864170404666666,69.9731975304762,179.27527761428573,569.70362195,1092.2035714285714,1081.2654761904762,661.7980952380952,201.2995238095238,307.00214285714287,31.375059758809524,29.00161935292683,34.958557793902436,31.413042782439025,17.093345719285715,22.455637744634146,22.44397932097561,20.351007597560976,24.23423450047619,25.72864054414634,28.701238070487804,25.881891243414636,6.756666666666667,934.7282926829268,53.499756097560976,123.69317073170731,248.8747619047619,312.0860975609756,365.7558536585366,174.8509756097561,128.30285714285714,289.1,96.21219512195123,161.1951219512195,1.605,171.46,16.558536585365854,16.54658536585366,65.89928571428571,113.53024390243903,63.947560975609754,69.50560975609756,4.333333333333333,1.7857142857142858,1.8571428571428572,1.7857142857142858,11.166666666666666,11.166666666666666,11.166666666666666,11.166666666666666,2.857142857142857,1.7142857142857142,1.8333333333333333,1.7619047619047619,0.38690476185,0.159821428525,0.162499999925,0.15625,1.2290238095238095,7.380952380952381,516.8619047619047,11,0,124752034,0.090000004,0.749894209,0,1.082,0.357,7.151,6.794,1.233549959,11.67072593,3.748945778,0.246554531,0.263456025,50,150,50,47,36,30,27,23,37,35,19,1.4,1.372608696,1.326956522,1.13,1.304492754,0.41,0.486376812,0.031943954,0.014290031,16.855,74.4967,667.2037619,618,536,1108,9.167398158,5.229460716,0,84.7627182,1948,16.12607204,1.4734,-0.234482759,0,-0.493612079,Krishna,0.37650001,Semi_arid,Train
4049,31.686484216904763,19.508246885,25.597382856904762,374.8515306261905,305.3859533023809,1.5763156461190477,-0.038024024380952384,2.919861002928571,55.34600549928572,9.423447819714285,62.81965585619048,148.35866659761905,556.0675641214286,711.0411904761905,996.1945238095238,524.5930952380952,123.70857142857143,191.15857142857143,30.735309633095238,29.20712115073171,36.120426828292686,31.255065973658535,15.068423061428572,21.814142343170733,21.272237539512194,18.795881647560975,22.901899175714284,25.510659736341463,28.696365323658537,25.025433826585367,7.448333333333333,577.1021951219512,26.422439024390243,117.22902439024391,217.53619047619048,309.90463414634144,327.08975609756095,160.65560975609756,84.5597619047619,255.93,68.89487804878048,125.9409756097561,1.4330952380952382,92.17317073170732,19.87439024390244,13.210243902439025,26.541904761904764,93.98341463414634,30.489268292682926,44.1590243902439,4.785714285714286,1.6428571428571428,2.0476190476190474,1.7380952380952381,11.166666666666666,11.166666666666666,11.166666666666666,11.166666666666666,3.0476190476190474,1.5714285714285714,1.9523809523809523,1.6666666666666667,0.4244047619,0.146726190475,0.179166666675,0.1580357143,1.1116428571428572,42.166666666666664,1269.5309523809524,32,0,1511154970,0.090000004,0.749894209,0,0.691,0.201,7.583,7.382,1.266371364,10.92265809,4.407649723,0.222498005,0.236415895,25,150,125,16,15,29,28,55,57,4,5,1.21,1.280695652,1.260721649,0.75,1.086521739,0.45,0.416478261,0.020845066,0.009715433,17.9114,75.0075,649.3388734,615,470,1410,6.341406928,2.301902294,0,111.1158676,7200,7.783270743,1.2853,0.411764706,-0.349579832,-0.00232288,Krishna,0.29280000900000003,Semi_arid,Train
4050,29.745817916666667,19.31943631095238,24.532624925714288,387.28077169761906,294.7777062380952,1.0696412795238095,0.33773242035714285,1.9987202471904761,71.93262360452381,21.828857750285714,73.4355852102381,183.36885723571427,515.7544174595238,2270.796428571429,1243.7809523809524,984.5245238095238,247.8857142857143,293.0861904761905,30.400563268333332,27.069088364390243,32.98500265170732,29.157285084634147,16.608965427619047,20.305087965609758,20.782868505365855,19.163714514634147,23.504759367619048,23.687101159512196,26.883907741219513,24.16051979219512,13.894047619047619,1946.4580487804878,158.31560975609756,207.17512195121952,281.36095238095237,418.9236585365854,370.3953658536585,196.57463414634145,199.14690476190475,412.9851219512195,201.59682926829268,189.9512195121951,7.052380952380952,184.4590243902439,35.14048780487805,27.107804878048782,76.71333333333334,90.92756097560975,59.31268292682927,71.41,4.380952380952381,1.7857142857142858,2.0952380952380953,2.0476190476190474,11.166666666666666,11.166666666666666,11.166666666666666,11.166666666666666,2.8333333333333335,1.5714285714285714,2,2.0238095238095237,0.39672619045,0.163392857125,0.18333333332500001,0.179166666675,0.3395238095238095,3.6904761904761907,35.50714285714285,2,0,96969763.78,0.01,0.722769797,0,2.064,0.386,7.913,7.527,1.206024096,9.895606823,3.21416356,0.26011231,0.282396799,50,150,50,47,36,30,27,23,37,35,19,1.4,1.4,1.31,1.13,1.001666667,0.41,0.407666667,0.041197954,0.017897477,13.9269,75.585,705.5394251,673,561,1639,10.92748726,8.097932816,0,106.3568192,2831,9.088944163,1.6381,-0.2,-0.595588235,0.06387921,Tungabhadra,0.595799983,Dry_sub_humid,Train
4051,33.012327405952384,20.051229442619046,26.531773366666666,384.16329193809526,306.64085217380955,1.561616001690476,0.1413390342857143,3.765433753785714,47.73828990380952,7.536413566452381,62.99676043976191,138.43550079761906,531.9009471785714,547.4288095238095,959.0064285714286,503.8954761904762,118.82357142857143,160.53880952380953,31.66318479857143,30.937706917317072,37.90485418902439,31.657884846341464,15.614527752857143,22.086639344390242,22.31218451682927,19.087461015609755,23.638845551666666,26.512137145609756,30.108520678780486,25.372758895853657,9.745,395.17536585365855,46.63439024390244,108.98829268292683,206.27714285714285,318.7124390243902,297.6770731707317,154.6990243902439,70.37666666666667,254.53439024390244,74.07682926829268,115.48121951219512,2.0835714285714286,81.73243902439025,25.706341463414635,12.148536585365854,10.593095238095238,92.69780487804879,23.74731707317073,37.15780487804878,5.214285714285714,1.0238095238095237,1.0952380952380953,1.1428571428571428,11.166666666666666,11.166666666666666,11.166666666666666,11.166666666666666,3.5476190476190474,1,1.0952380952380953,1.119047619047619,0.471130952375,0.09404761905,0.10625,0.11041666665,0.14054761904761906,4.261904761904762,33.90714285714286,7,0,41328000,0.090000004,0.749894209,0,0.385,0.254,0.581,0.327,1.295755968,17.12452747,5.190544917,0.222631118,0.231328564,125,125,125,16,15,29,28,55,57,4,5,1.21,1.21,1.21,0.75,0.75,0.45,0.45,0.017764321,0.009316858,17.3686,75.5942,542.8522793,533,442,706,2.212750725,1.923137784,0,18.7908535,630,4.088875204,1.267,0.402116402,-0.224867725,-0.272938444,Krishna,0.353899986,Semi_arid,Train
4054,32.10709611428572,19.675639057619048,25.891375364285715,377.8192408785714,305.24630950238094,1.5972706031190476,-0.0975603059047619,3.1454445928809522,53.01032290452381,9.345825890285715,63.48376512309524,146.32111445714287,546.0613304714286,719.3009523809524,1001.0330952380953,528.4519047619048,127.835,187.02142857142857,30.968729029761903,29.796011595365854,36.64664369073171,31.455757696585366,15.13943545452381,21.99532187,21.573899788536586,18.866577368536586,23.054113371190475,25.895671730731706,29.11022799487805,25.16129548195122,7.755714285714285,589.9880487804878,28.832439024390244,110.07951219512195,216.32166666666666,315.5048780487805,326.7309756097561,161.6148780487805,82.21261904761904,258.7946341463415,72.42073170731707,125.90780487804878,1.5995238095238096,96.39292682926829,20.153658536585365,12.76780487804878,21.94904761904762,100.37585365853658,27.286585365853657,41.43609756097561,4.809523809523809,1.7142857142857142,1.9523809523809523,1.8333333333333333,11.166666666666666,11.166666666666666,11.166666666666666,11.166666666666666,3.119047619047619,1.619047619047619,1.7857142857142858,1.7857142857142858,0.432142857175,0.15297619045,0.170833333325,0.170833333375,1.3913809523809524,243.33333333333334,8700.614285714286,167,0,11889960397,0.090153148,0.749884039,0,0.652,0.187,9.08,8.893,1.422494646,11.351505,4.312971106,0.221738641,0.232931796,25,150,125,16,15,29,28,55,57,4,5,1.21,1.289895105,1.278221815,0.75,1.012141608,0.45,0.45875,0.020723072,0.00980765,17.4131,75.8478,613.4573344,588,410,1472,5.280769212,2.207262754,0,200.589035,33916,6.373734381,1.7976,0.633613445,-0.366366366,0.456445993,Krishna,0.339100003,Semi_arid,Train
4055,32.641140756666665,20.403950578333333,26.52252481238095,386.1744527880952,305.19933718333334,1.3556676371904761,0.059925578666666666,3.9398767254761906,48.65934273571428,8.712845260404762,62.64773645428571,134.6338116547619,509.6209840761905,554.4616666666667,979.1614285714286,525.207380952381,142.03976190476192,178.31809523809522,31.449705155238096,30.54101559390244,37.51406150634146,31.154510195365855,16.463795256428572,21.987117153170733,22.74018292609756,19.48205917609756,23.95668708904762,26.264102359268293,30.127036054634146,25.318268692195122,8.812380952380952,383.73048780487807,60.641463414634146,114.58585365853658,217.10595238095237,320.1990243902439,303.580243902439,156.8629268292683,81.19880952380953,247.00073170731707,89.4,118.43731707317073,2.705238095238095,96.99878048780488,31.88268292682927,13.851463414634146,11.161666666666667,105.76390243902439,25.738780487804878,39.73073170731707,5.071428571428571,1.1904761904761905,1.0714285714285714,1.1666666666666667,11.166666666666666,11.166666666666666,11.166666666666666,11.166666666666666,3.5,1.1428571428571428,1.0714285714285714,1.0476190476190477,0.45922619055,0.1086309524,0.104166666675,0.1125,0.25857142857142856,0,0,0,0,0,0.091772025,0.74767015,0,0.431,0.254,0.663,0.409,1.413480885,17.52558095,5.527098018,0.226650051,0.237698131,125,125,125,16,15,29,28,55,57,4,5,1.21,1.213170732,1.21,0.75,0.892682927,0.45,0.507073171,0.02005352,0.009982394,16.4728,76.2842,599.3861534,599,500,750,1.544459194,1.436176181,0,18.7254467,2486,2.564768733,1.3106,0.511111111,-0.555555556,0.054587689,Krishna,0.339399993,Semi_arid,Train
4056,31.673573416666667,21.234338239761904,26.453873755714287,384.03671017619047,295.7679415238095,1.3655788240238096,0.2259738451190476,2.4240079607619047,66.18401777333334,15.409242309714285,71.8591907747619,183.48979967857142,582.0415691785714,1518.0416666666667,1080.6671428571428,647.4447619047619,214.06785714285715,306.81309523809523,31.68460423095238,29.293590563902438,34.80029162219512,31.636893242926828,17.643700345714286,22.795389843902438,22.91350477219512,20.85839664195122,24.664026639761904,26.04441423414634,28.85682396609756,26.24762495,5.979761904761904,1364.7236585365854,55.59146341463415,128.62634146341463,252.68357142857144,307.2670731707317,365.5151219512195,175.39609756097562,120.47190476190477,281.9068292682927,98.0380487804878,159.8809756097561,1.8583333333333334,182.57926829268294,17.02536585365854,17.780731707317074,69.85238095238095,105.44073170731707,65.85829268292683,71.44121951219512,4.666666666666667,1.5,1.4523809523809523,1.7142857142857142,11.166666666666666,11.166666666666666,11.166666666666666,11.166666666666666,3.0714285714285716,1.3571428571428572,1.380952380952381,1.6428571428571428,0.416071428625,0.13482142855,0.12708333324999999,0.15,2.5336904761904764,15.952380952380953,487.26190476190476,21,0,1590533000,0.090000004,0.749894209,0,1.156,0.381,7.329,6.948,1.289225589,12.16502354,3.754463092,0.247787833,0.265684174,50,150,50,47,36,30,27,23,37,35,19,1.4,1.35183908,1.284482759,1.13,1.032298851,0.41,0.419770115,0.031357649,0.013501853,16.6753,74.5736,636.1580063,598,529,1026,9.233949423,5.62585783,0,68.50513458,2425,11.82896392,1.6922,0.163218391,0,-0.349593496,Krishna,0.3935,Semi_arid,Train
4057,30.95999597404762,19.452720564285713,25.20635360595238,385.28383621666666,308.971152797619,0.939307145952381,-0.06481267747619048,3.6949656446904764,54.74796803071428,9.776353127333334,59.29179677571429,131.5946862761905,464.4017415095238,557.755,1038.605,542.4569047619048,150.0454761904762,193.08785714285713,30.12007281047619,29.188246701707317,35.167810180731706,29.288324669512196,16.22117312142857,20.68062575,21.35566808097561,18.894342263414636,23.17061370357143,24.934426229268293,28.261749734878048,24.091331466829267,12.96642857142857,318.85634146341465,94.4148780487805,144.8048780487805,242.10857142857142,325.7787804878049,325.8141463414634,164.33024390243904,90.22380952380952,228.60829268292684,102.15073170731708,132.5041463414634,5.073095238095238,85.26560975609756,43.51975609756097,19.722926829268292,23.47833333333333,82.20146341463415,40.218048780487806,51.326829268292684,4.428571428571429,1.5476190476190477,1.6904761904761905,1.4761904761904763,11.166666666666666,11.166666666666666,11.166666666666666,11.166666666666666,2.8095238095238093,1.4761904761904763,1.6428571428571428,1.4761904761904763,0.3979166667,0.139880952325,0.1583333333,0.1395833333,0.7268571428571429,223.33333333333334,3652.4785714285713,25,0,1346770000,0.01053342,0.722816299,0,0.642,0.224,5.07,4.847,2.245722953,17.62458283,5.859335552,0.224692676,0.24221082,25,150,150,47,39,29,27,24,34,9,8,1.39,1.321372796,1.279530201,0.86,0.859496222,0.38,0.393413098,0.024031719,0.012319545,15.6611,76.9628,645.800752,646,352,1903,3.554655349,1.923137784,0,123.7350998,23500,3.910926718,1.3916,0.134199134,-0.277056277,0.045296167,Krishna,0.326299995,Semi_arid,Train
4060,32.469357372380955,20.580376268333332,26.524890879047618,388.834862047619,301.34414906666666,0.9645705704047619,0.17972940390476191,3.1390333396190475,54.37573514309524,10.706917076047619,64.12568562904762,142.82223927142857,508.30600688333334,756.4359523809524,1049.5930952380952,583.057380952381,148.46857142857144,211.96261904761906,31.065757858809523,30.761535384878048,37.013443796585364,31.002143142439024,16.490311069285713,22.373390643414634,22.81394220609756,19.633094761707316,23.77807234404762,26.567471011219514,29.913783138780488,25.317580967560975,11.595476190476191,567.7492682926829,67.39682926829268,127.86121951219512,234.72809523809525,330.21999999999997,338.26585365853657,166.2539024390244,100.75023809523809,261.4868292682927,94.00048780487805,138.58341463414635,3.120952380952381,104.75390243902439,28.725121951219514,15.413658536585366,22.03214285714286,119.09634146341463,30.864146341463414,44.60243902439024,4.714285714285714,1.4523809523809523,1.7857142857142858,1.9761904761904763,11.166666666666666,11.166666666666666,11.166666666666666,11.166666666666666,2.880952380952381,1.3333333333333333,1.5952380952380953,1.9047619047619047,0.425892857225,0.1300595238,0.162202380925,0.18333333332500001,1.08,1331.047619047619,57373.114285714284,525,0,59928633239,0.056025773,0.731305175,0,0.739,0.161,9.08,8.919,2.797703157,16.40583206,5.57750354,0.22355564,0.235921963,25,150,150,47,15,29,28,55,57,4,5,1.39,1.301345689,1.268156164,0.75,0.932438605,0.45,0.439834749,0.023053908,0.011211202,16.5011,80.625,526.9343043,551,-3,1903,3.936147204,1.885791779,0,200.589035,251360,5.335764229,1.7561,NA,NA,0.135888502,Krishna,0.500699997,Dry_sub_humid,Train
4061,33.06200278047619,19.28437228904762,26.17320849809524,382.57269361666664,302.53577576190474,1.3257617597857143,-0.393942999,3.385836599261905,46.006877951190475,9.010812149261906,64.96669016761905,135.1734846952381,512.2849962380952,670.5214285714286,1001.1076190476191,489.2188095238095,135.89904761904762,184.05833333333334,31.162138095952383,31.109590163658538,38.3201908802439,31.717109156341465,14.162965880952381,21.921557377317072,21.632714739756096,18.013414634634145,22.66252863142857,26.51554378195122,29.97646871707317,24.865457817317072,8.373333333333333,542.9563414634147,32.65536585365854,102.68634146341464,212.91785714285714,322.32560975609755,324.94365853658536,160.14463414634147,70.38619047619048,251.41365853658536,57.573170731707314,120.06121951219512,2.287857142857143,102.29780487804878,22.842926829268293,11.729268292682926,10.78357142857143,123.1090243902439,20.491219512195123,33.90073170731707,5.023809523809524,1.5,1.3333333333333333,1.880952380952381,11.166666666666666,11.166666666666666,11.166666666666666,11.166666666666666,3.4047619047619047,1.3571428571428572,1.2142857142857142,1.8333333333333333,0.441071428525,0.13571428565,0.124107142825,0.175000000025,0.8373809523809523,92.33333333333333,935.3904761904762,58,0,834025850,0.090000004,0.749894209,0,0.511,0.242,1.034,0.792,1.61979692,8.207556723,3.096057855,0.211817226,0.214151528,125,150,125,16,15,29,28,55,57,4,5,1.21,1.216578947,1.214545455,0.75,0.81291866,0.45,0.452272727,0.016412631,0.008810795,17.5342,75.885,576.2026526,557,423,964,2.831619868,1.885791779,0,51.12687302,12092,3.404205079,1.3591,-0.078236131,-0.19772404,0.18583043,Krishna,0.343100011,Semi_arid,Train
4062,32.388152712142855,20.4298884,26.409060576428573,387.42560191666666,302.49229326666665,1.0277523989761905,0.13923898490476191,3.193663514738095,53.969697929285715,10.594260303523809,63.93535441190476,141.69259077619049,505.7365224690476,737.71,1047.0626190476191,579.3733333333333,150.045,207.79238095238094,31.083013720238096,30.57618952414634,36.94543478219512,30.96463014707317,16.376679375,22.188694521707315,22.658897137317073,19.50414234317073,23.729943396666666,26.382413034390243,29.802131495609757,25.234610155609758,10.623333333333333,551.4253658536585,66.85658536585366,126.53853658536585,235.15571428571428,328.6148780487805,336.71073170731705,166.38390243902438,98.35976190476191,260.74121951219513,94.23365853658537,137.77073170731708,3.060238095238095,105.44585365853658,29.53951219512195,15.584390243902439,21.787142857142857,114.7670731707317,30.79,44.98487804878049,4.809523809523809,1.4523809523809523,1.8333333333333333,1.9761904761904763,11.166666666666666,11.166666666666666,11.166666666666666,11.166666666666666,3.0238095238095237,1.3333333333333333,1.7142857142857142,1.9047619047619047,0.434226190425,0.1300595238,0.1663690476,0.183333333325,1.0595238095238095,1228.9761904761904,56270.107142857145,524,0,59551514003,0.057596621,0.731970813,0,0.727,0.161,9.08,8.919,2.595353484,16.26881037,5.529564263,0.2229836,0.235417042,25,150,125,16,15,29,28,55,57,4,5,1.21,1.296420286,1.264715364,0.75,0.934666093,0.45,0.443320625,0.022923566,0.01126984,16.7942,80.0692,553.4198879,561,24,1903,4.016923911,1.923137784,0,200.589035,235544,5.520081517,1.7955,NA,NA,0.109175377,Krishna,0.452600002,Semi_arid,Train
4063,31.127793936904762,20.36001003952381,25.743935000476192,379.6002461738095,288.4637584547619,1.2590113263809524,0.1536275714047619,2.057298923642857,67.32546188738095,16.44844728942857,72.17751785,194.09025886666666,611.7268398309524,1421.19,1064.6661904761904,671.9416666666666,199.6447619047619,324.4402380952381,30.854065285714285,28.478602558292682,34.80542417878049,31.19813674487805,16.62369223904762,22.148328668536585,21.95022269390244,19.890391843170732,23.73898583095238,25.313552579512194,28.377818133414635,25.544178328292684,7.179761904761905,1272.7758536585366,44.64073170731707,131.08170731707318,243.51095238095238,307.7680487804878,361.1117073170732,172.30365853658537,134.02261904761906,288.2143902439024,103.02658536585366,159.79804878048782,1.3404761904761904,171.54146341463414,14.659756097560976,16.939756097560977,82.18809523809524,95.35219512195121,76.12560975609756,76.6829268292683,4.333333333333333,1.9047619047619047,2.0714285714285716,1.7380952380952381,11.166666666666666,11.166666666666666,11.166666666666666,11.166666666666666,2.7857142857142856,1.7857142857142858,2.0238095238095237,1.7380952380952381,0.38898809525,0.168154761875,0.181249999975,0.152083333325,0.45211904761904764,5.285714285714286,2809.657142857143,5,0,3099912747,0.090000004,0.749894209,0,1.334,0.277,8.953,8.676,1.119047619,8.171834226,2.710813387,0.258584265,0.273590659,150,150,150,44,35,33,24,23,41,11,26,1.39,1.387741935,1.31483871,0.99,1.179677419,0.38,0.438709677,0.044155189,0.020601427,17.2722,74.165,791.1768762,747,552,1440,18.10485913,14.1748333,0,132.2944336,1890,21.14575805,1.5516,0.161344538,-0.155555556,-0.049941928,Krishna,0.477499992,Semi_arid,Train
5001,28.961312814285716,18.41241477166667,23.686780909761904,378.6740606452381,297.56043436904764,1.085528012547619,0.12614504276190477,2.7401894022857145,67.95051982904762,17.759342328119047,65.89773216166667,161.94386474285713,518.1353448547619,998.5033333333333,1099.5757142857142,787.1483333333333,211.31190476190477,268.88214285714287,28.95100350452381,26.89158936414634,32.314395546097565,27.950587765121952,15.751258536666667,19.36806677317073,19.869764051463413,18.25480607780488,22.350997217380954,23.12973010878049,26.092036054878047,23.102658935853658,14.91,631.9146341463414,174.73,200.93878048780488,259.495,348.71878048780485,336.15804878048783,175.69365853658536,152.42357142857142,315.4746341463415,171.83609756097562,162.89512195121952,9.188571428571429,113.4070731707317,64.32024390243903,29.325853658536584,60.81690476190476,84.78439024390244,66.76439024390244,61.591219512195124,4.357142857142857,1.8333333333333333,2.3095238095238093,1.7619047619047619,11.166666666666666,11.166666666666666,11.166666666666666,11.166666666666666,2.8095238095238093,1.5238095238095237,2.2142857142857144,1.6666666666666667,0.39315476185,0.161904761825,0.2020833333,0.15416666665,0.7174761904761905,45.785714285714285,1287.7428571428572,4,7744.16,1199668000,0.01,0.722769797,0,1.29,0.217,4.758,4.541,1.429460921,14.58316595,4.347444526,0.250563005,0.272475471,50,150,150,49,38,28,23,23,39,10,5,1.4,1.396610169,1.316779661,0.58,0.684237288,0.4,0.393389831,0.028218346,0.013302229,12.6028,76.4008,943.4407681,939,758,1862,5.650184076,4.135864258,0,115.2019653,5236,5.1023045400000004,1.7053,NA,NA,0.040650407,Hemavati,0.382800013,Semi_arid,Train
5002,29.37778049047619,18.66044512690476,24.019123183333335,382.718511352381,305.5908771261905,0.7370918495,0.13204340176190477,2.7587192315714284,63.04013601047619,15.899666137571428,62.84914568238095,150.9036223095238,496.3903896928571,920.8807142857142,1098.4564285714287,767.3416666666667,198.51666666666665,279.60309523809525,28.637511680714287,27.98005597804878,32.850683987317076,27.91626549317073,15.940700451190477,19.633656538292684,20.19297454902439,18.440643742682926,22.289089627857145,23.80690323902439,26.521813361463416,23.17844062390244,20.45047619047619,534.2263414634147,178.4680487804878,209.69756097560975,256.8145238095238,354.4680487804878,335.0407317073171,172.6609756097561,151.70095238095237,302.6439024390244,169.17048780487804,158.8419512195122,10.124761904761906,103.96634146341464,60.77512195121951,28.245365853658537,52.26309523809524,99.6090243902439,71.1270731707317,62.14878048780488,4.023809523809524,1.9047619047619047,2.0476190476190474,1.8095238095238095,11.166666666666666,11.166666666666666,11.166666666666666,11.166666666666666,2.4761904761904763,1.6904761904761905,2.0238095238095237,1.7857142857142858,0.3648809524,0.169642857125,0.183630952425,0.168749999975,1.4178095238095239,340.9047619047619,6286.309523809524,54,40938.844,6631262815,0.010550211,0.722817763,0,1.2,0.217,8.591,8.375,1.436586241,18.61656462,5.766392465,0.244340824,0.267240385,25,150,150,47,39,29,27,24,34,9,8,1.39,1.392808,1.323838028,0.86,0.842547923,0.38,0.351238019,0.026476041,0.011751707,12.1822,77.7239,820.7478801,819,257,2026,6.277455355,3.622487545,0,144.8038788,36682,7.231407143,1.626,NA,NA,0,Cauvery,0.465200007,Semi_arid,Train
5004,30.138708015238095,19.780424304285713,24.959563826190475,401.2248219214286,308.5525787309524,1.3030506900714285,1.3957792088571428,3.927113436190476,63.293125703095235,11.390673576666666,57.45107698404762,137.13421601666667,470.7101778857143,707.3030952380952,1140.4464285714287,702.467380952381,123.18142857142857,286.30238095238093,29.07781018952381,29.304146341463415,33.2611426297561,28.561195522439025,17.343530033333334,20.671413434634147,21.151919406341463,19.563034786585366,23.210567662142857,24.987756897073172,27.206582714390244,24.062247101707317,48.900238095238095,287.9158536585366,129.05756097560976,257.4880487804878,263.59714285714284,384.12951219512195,338.6541463414634,175.4521951219512,170.27095238095237,233.06658536585365,158.72658536585365,153.38365853658536,10.731666666666667,48.82048780487805,38.82609756097561,27.545853658536586,70.81809523809524,76.17560975609756,75.34487804878049,69.21951219512195,4.5,1.5238095238095237,1.8333333333333333,1.5238095238095237,11.166666666666666,11.166666666666666,11.166666666666666,11.166666666666666,3.142857142857143,1.4285714285714286,1.7619047619047619,1.5,0.410119047575,0.137797619075,0.167857142825,0.14375,8.64107142857143,0.6904761904761905,37.56190476190476,0,0,24040000,0.025981028,0.724164278,0,0.745,0.309,4.701,4.392,1.291139241,23.53656793,7.856239241,0.227249702,0.244282825,125,150,150,47,39,29,27,24,34,9,8,1.39,1.377033898,1.315423729,0.86,0.903559322,0.38,0.399067797,0.029876657,0.012219639,11.0317,77.8875,371.3507421,351,134,1902,3.871374449,1.707657099,0,162.5165253,3386,5.964705284,1.2072,-0.128205128,0.269230769,0.207897793,Cauvery,0.304100007,Semi_arid,Train
5007,28.323479375238094,17.87514862904762,23.09928198690476,381.9704276404762,301.2349155857143,0.8784231212142857,0.35985943202380954,2.137265675404762,70.62015794714286,23.082717226904762,72.03813876833333,172.36268675,508.40945015,1008.4621428571429,1121.8719047619047,854.9485714285714,242.78952380952381,266.91761904761904,28.07609903761905,26.53889044390244,31.606261929512197,27.191623350487806,15.266441812380952,18.813732507317074,19.281084305609756,17.754754098536587,21.67136746261905,22.676249499756096,25.443541887804876,22.47317872902439,18.82690476190476,628.15,190.31073170731707,195.3119512195122,269.70166666666665,356.39487804878047,338.7270731707317,177.8329268292683,172.41380952380953,338.99951219512195,192.25243902439024,167.93,14.275952380952381,133.22365853658536,63.57536585365854,37.288048780487806,65.62738095238095,87.46365853658537,61.92,56.81609756097561,4.333333333333333,1.8095238095238095,1.7380952380952381,1.6904761904761905,11.166666666666666,11.166666666666666,11.166666666666666,11.166666666666666,2.880952380952381,1.5,1.5238095238095237,1.5,0.39196428575,0.16398809525,0.1520833333,0.147916666625,0.4715,2,17.9,2,0,223740000,0.01,0.722769797,0,1.623,0.578,7.688,7.11,1.15617849,11.70986866,3.701985713,0.255564319,0.280640182,50,150,150,47,39,29,27,24,34,9,8,1.39,1.391,1.328,0.86,0.843,0.38,0.3822,0.030302851,0.013157275,12.3461,76.2878,866.8723716,856,768,1527,6.100496652,4.525900364,0,83.82424164,1330,5.684392441,1.6533,0.123809524,0.055555556,-0.275261324,Cauvery,0.494700015,Semi_arid,Train
5008,29.691353219285713,19.01237055642857,24.35189227238095,385.3413853357143,305.8746275095238,0.574604661452381,0.1778230501904762,2.567632938952381,62.89438070190476,16.11731690197619,62.82601833761905,149.80127936190476,483.22970536190473,916.1985714285714,1104.8942857142856,773.1816666666666,195.9595238095238,292.44119047619046,28.817173092619047,28.46930227902439,33.107009544146344,28.165521791707317,16.324924090238095,19.98364054414634,20.52198833487805,18.786209515609755,22.571187639761906,24.226485406097563,26.81447242804878,23.475873651219512,30.52642857142857,498.3431707317073,175.29731707317075,233.63341463414633,256.68142857142857,359.8253658536585,335.88146341463414,173.1941463414634,159.0845238095238,297.47097560975607,171.8668292682927,159.73731707317074,10.968333333333334,100.68878048780488,59.83536585365854,28.979024390243904,57.15119047619048,103.64975609756098,74.24512195121952,63.13390243902439,4.285714285714286,1.6666666666666667,1.8095238095238095,1.7142857142857142,11.166666666666666,11.166666666666666,11.166666666666666,11.166666666666666,2.738095238095238,1.5476190476190477,1.7857142857142858,1.6666666666666667,0.3863095238,0.1488095238,0.16279761905,0.16041666667499999,1.4712142857142858,374.14285714285717,10753.9,76,13987.292,11251063920,0.0111451,0.722869628,0,1.239,0.217,8.591,8.375,1.595597514,17.95941138,5.787276053,0.246190298,0.266461471,25,150,150,47,39,29,27,24,34,9,8,1.39,1.391022273,1.323991962,0.86,0.911023891,0.38,0.338634812,0.028613984,0.012228352,11.0811,77.8903,767.1966852,795,121,2629,8.474204749,3.795082808,0,236.2264099,53233,10.76586217,1.6748,NA,NA,0.06387921,Cauvery,0.336400002,Semi_arid,Train
5010,29.593740146190477,19.72606711642857,24.659881153095238,381.4002255690476,295.59195424523807,0.8225510453333333,-0.06557074264285714,1.602127639857143,74.95561063047619,28.436895081190475,79.02252831190476,188.38446727142858,495.85591034761904,1686.9340476190475,1227.385476190476,1051.6630952380951,331.2630952380952,311.8145238095238,30.224014673809524,27.142457016585364,32.51682131390244,29.052407036341464,17.428259712142857,20.42594962097561,21.116569459512196,19.643394641951218,23.82607810595238,23.78418632512195,26.816667549512196,24.34793282707317,21.573095238095238,1281.1039024390243,204.44121951219512,220.43439024390244,271.62357142857144,443.33756097560973,346.51560975609755,189.22,210.3242857142857,440.85146341463417,236.9358536585366,184.0719512195122,16.01404761904762,186.95975609756098,91.44512195121952,44.533170731707315,94.71523809523809,81.16243902439024,80.38756097560976,60.84439024390244,4.285714285714286,1.7857142857142858,1.9761904761904763,1.9761904761904763,11.166666666666666,11.166666666666666,11.166666666666666,11.166666666666666,2.8333333333333335,1.619047619047619,1.6904761904761905,1.9285714285714286,0.390476190475,0.15624999995,0.17291666665,0.172916666675,0.27030952380952383,1.9523809523809523,83.5047619047619,2,0,245787000,0.01,0.722769797,0,2.807,0.471,7.698,7.227,1.124461465,8.818528566,2.631084594,0.274050914,0.296682663,50,150,150,49,38,28,23,23,39,10,5,1.4,1.399824561,1.310350877,0.58,0.623508772,0.4,0.400350877,0.047424866,0.020427617,12.5025,75.9619,979.014593,931,816,1706,12.43753668,9.859459877,0,89.54830933,1934,12.48807786,1.625,NA,NA,0,Cauvery,0.916299999,Humid,Train
5012,30.16792227452381,19.58715542047619,24.87753532595238,388.69538886190475,306.0494282690476,0.6586338730238095,0.21523711080952382,2.696106496666667,62.67649068142857,15.345867711166667,61.94168832690476,147.66855717857143,478.2383902214286,880.6921428571428,1101.9783333333332,757.5933333333334,184.16071428571428,293.3857142857143,29.036153988809524,29.275149940243903,33.471261929756096,28.54073570585366,16.922752338571428,20.59692123121951,21.047526511463413,19.33014394219512,22.979390519761903,24.936043582195122,27.25943796487805,23.935413834146342,39.59571428571429,453.3239024390244,164.86341463414635,243.42365853658538,254.51357142857142,363.2119512195122,333.45780487804876,171.4648780487805,162.57809523809524,283.61146341463416,169.08365853658538,156.83268292682928,11.222857142857142,91.76414634146342,56.51536585365854,28.876341463414633,59.91285714285714,100.65170731707317,74.85170731707318,63.66390243902439,4.238095238095238,1.619047619047619,1.8095238095238095,1.380952380952381,11.166666666666666,11.166666666666666,11.166666666666666,11.166666666666666,2.4523809523809526,1.4523809523809523,1.7380952380952381,1.380952380952381,0.387202380975,0.14464285715,0.164285714275,0.13125,2.0005952380952383,386.1190476190476,10981.87619047619,83,5096.62,11526717920,0.01328588,0.723056299,0,1.166,0.217,8.591,8.375,1.855044762,18.50719559,5.978293807,0.24204959,0.261037185,25,150,150,47,39,29,27,24,34,9,8,1.39,1.389099957,1.323860536,0.86,0.933339085,0.38,0.344236411,0.029483083,0.01220296,10.9433,78.435,676.948853,732,78,2629,8.035515704,3.110127449,0,309.4549255,66243,10.81735331,1.6342,NA,NA,0.023228804,Cauvery,0.389699996,Semi_arid,Train
5013,29.084148912142858,19.286291125238094,24.185232424285715,390.5017115309524,290.79700627380953,0.8393983230714286,0.2493552459047619,1.2655382497857144,78.60427524714285,30.207916087142856,82.17435762738096,205.9341568738095,544.008193052381,1804.1785714285713,1272.1807142857142,1160.96,282.4690476190476,312.5395238095238,28.95384269642857,27.45394242268293,31.93633881195122,28.13391843292683,17.08167220595238,19.9344262297561,20.631150582682928,19.22854458097561,23.01787053357143,23.69416633317073,26.283743371951218,23.681183526097563,27.83119047619048,1353.0873170731707,221.37048780487805,245.21512195121952,281.82190476190476,466.05121951219513,347.96658536585363,200.4960975609756,245.93142857142857,469.75341463414634,268.4939024390244,199.0990243902439,16.528095238095236,169.63536585365853,60.45585365853658,42.33609756097561,95.80166666666666,92.36585365853658,70.84609756097561,58.81219512195122,3.9761904761904763,1.8571428571428572,2.2142857142857144,2.0476190476190474,11.166666666666666,11.166666666666666,11.166666666666666,11.166666666666666,2.6666666666666665,1.6428571428571428,2.0238095238095237,2,0.35714285705,0.164583333325,0.193749999975,0.179166666675,0.15671428571428572,1.9285714285714286,28.05238095238095,2,0,913040000,0.01,0.722769797,0,2.77,0.584,8.591,8.007,1.130317353,9.466702595,2.845015443,0.272253085,0.298001877,50,150,50,49,38,30,23,23,39,10,5,1.4,1.399512195,1.311463415,0.58,0.89097561,0.4,0.422682927,0.048200504,0.021026134,11.8083,76.0839,826.9458342,775,706,2026,13.78650876,10.80181789,0,122.1546249,1260,12.57236045,1.4115,NA,0.022222222,-0.18466899,Cauvery,1.755399942,Humid,Train
5014,31.237162546904763,21.132471761666668,26.184805066666666,392.9990751285714,306.48856252857144,1.034864287452381,-0.09318050909523809,2.9891559621190478,63.66920561761905,14.685466900380952,59.58301650952381,141.9511371642857,454.22490612380955,815.8773809523809,1078.7488095238095,712.287380952381,155.68214285714285,327.9321428571429,29.321173563809523,31.381583365609757,34.11255037146341,29.35665733780488,18.66917478547619,22.20779488195122,22.374376988780487,20.795989604146342,23.99523986952381,26.794640144146342,28.243472958536586,25.0762495,80.56761904761905,321.2214634146342,138.45512195121952,293.56756097560975,246.91071428571428,368.4270731707317,319.5873170731707,164.11243902439026,175.91833333333332,236.24268292682927,168.48634146341465,144.72219512195122,14.71452380952381,62.5890243902439,50.74219512195122,31.074634146341463,83.05404761904762,96.59487804878049,89.51341463414634,64.74243902439024,4.333333333333333,1.4047619047619047,1.6666666666666667,1.4523809523809523,11.166666666666666,11.095238095238095,11.166666666666666,11.166666666666666,2.9523809523809526,1.3095238095238095,1.5952380952380953,1.4523809523809523,0.3934523809,0.133035714275,0.15625,0.137500000025,1.9694761904761906,11.285714285714286,190.4142857142857,7,0,251614000,0.016056189,0.723297935,0,1.073,0.372,7.423,7.051,1.442348412,20.80902737,6.446863686,0.229764433,0.24562471,25,150,150,47,39,29,27,24,34,9,8,1.39,1.381206897,1.318734177,0.86,1.076275862,0.38,0.362482759,0.03539734,0.012909208,10.8808,77.9847,485.2628923,314,126,2534,8.465341484,1.885791779,0,309.4549255,9080,16.89616577,1.5909,0.158730159,-0.096825397,0.166085947,Cauvery,0.307000011,Semi_arid,Train
5015,29.07869754857143,18.966770850714287,24.02273565309524,375.8547861761905,304.65141171666664,0.4962429863809524,0.18956566328571428,1.7098370447857143,74.02336530119048,25.84722036666667,73.80028369357143,176.11781920714284,458.94428510952383,1054.547380952381,1110.3128571428572,984.1109523809524,253.28690476190476,385.46166666666664,28.658266606428572,27.618396641707317,32.107611345853655,27.95021191487805,16.663470837142857,19.68785885682927,20.308311240731708,18.918952419268294,22.66084851309524,23.65317073195122,26.207942736341465,23.434538185365852,95.53023809523809,436.0190243902439,174.51439024390243,371.87439024390244,261.0940476190476,367.37243902439025,317.8690243902439,184.69,227.28976190476192,351.31439024390244,243.75853658536585,180.20731707317074,22.910238095238096,115.56731707317073,76.2139024390244,44.214390243902436,112.84595238095238,115.47926829268293,105.55268292682926,58.232926829268294,3.9285714285714284,1.5476190476190477,1.4761904761904763,1.3571428571428572,11.166666666666666,11.166666666666666,11.166666666666666,11.166666666666666,2.8095238095238093,1.5,1.4047619047619047,1.2857142857142858,0.36071428575,0.13690476185,0.129166666625,0.11875,0.37907142857142856,5,448.8,8,0,896284058,0.010070093,0.722775908,0,2.235,0.503,4.937,4.435,0.988215488,10.91916519,3.547460975,0.280334178,0.299425894,25,150,150,43,0,30,0,23,0,26,0,1.39,1.392857143,1.318125,1.4,1.315306122,0,0.336326531,0.05240644,0.021988127,11.2878,76.8911,1174.650811,918,307,2618,26.30313029,23.10922241,0,194.9862213,1475,50.32697656,2.0625,NA,NA,-0.052264808,Cauvery,0.519999981,Dry_sub_humid,Train
5017,29.723514485238095,19.427318708809523,24.57538340642857,387.4699008904762,281.97241817142856,0.8578299217857143,0.631524693952381,1.7645967394761906,75.34233045547619,26.739457704761904,78.39740204666667,201.93300990714286,540.9102502928572,1763.4716666666666,1164.9838095238094,927.1057142857143,292.9811904761905,338.70261904761907,30.380746551904764,27.091219512439025,32.888700953414634,29.15085565707317,16.811994538809525,20.34687525,20.87429480317073,19.288216713658535,23.596345672142856,23.718986405365854,26.881420996585366,24.21962015195122,16.233333333333334,1376.361707317073,192.91024390243902,220.5819512195122,270.5807142857143,381.81365853658536,349.5470731707317,184.8570731707317,186.80380952380952,375.9839024390244,203.88926829268294,178.48487804878047,10.287857142857144,174.58853658536586,76.81268292682927,38.18707317073171,114.45023809523809,72.37926829268292,81.82951219512195,75.51317073170732,4.5,1.8571428571428572,2.2857142857142856,1.9285714285714286,11.166666666666666,11.166666666666666,11.166666666666666,11.166666666666666,3.0238095238095237,1.6428571428571428,2.2142857142857144,1.7619047619047619,0.408630952375,0.1675595238,0.199999999975,0.16875,0.28064285714285714,0,0,0,0,0,0.01,0.722769797,0,2.314,0.854,4.72,3.866,1.104904632,8.779900686,2.710199778,0.266311458,0.290683303,50,150,150,49,38,28,23,23,39,10,5,1.4,1.4,1.31,0.58,0.65173913000000006,0.4,0.401304348,0.042038572,0.018814746,12.9436,75.7936,974.8107669,959,892,1419,10.15666596,8.833077431,0,72.15291595,617,6.746032428,1.2167,NA,NA,0.017421603,Cauvery,1.716799974,Humid,Train
5018,29.537830815238095,19.25209453809524,24.394972993095237,380.11283209761905,306.3181092619048,0.08363141830952381,0.3873254011666667,1.6599527026190477,67.9988979102381,21.26573722547619,68.35976218738095,161.82363605,459.40056760238093,1051.9980952380952,1105.4964285714286,868.8295238095238,221.0745238095238,362.3102380952381,28.859902916904762,28.2992742897561,32.65281548219512,28.21396641317073,16.856520332380953,20.0572491,20.621818663902438,19.136969212682928,22.858194488809524,24.178312674878047,26.637319723658536,23.675489804390246,76.34809523809524,485.0860975609756,175.31926829268292,339.0409756097561,260.7638095238095,362.5385365853659,324.0587804878049,178.73853658536586,202.78,304.7848780487805,207.99073170731708,169.5190243902439,18.671666666666667,100.7490243902439,69.30780487804878,37.28268292682927,97.13357142857143,109.14317073170731,100.3090243902439,62.19219512195122,4.023809523809524,1.6666666666666667,1.6428571428571428,1.7619047619047619,11.166666666666666,11.166666666666666,11.166666666666666,11.166666666666666,2.738095238095238,1.5952380952380953,1.619047619047619,1.5,0.36339285715,0.14732142855,0.143749999975,0.1556547619,1.4988333333333332,15.714285714285714,1640.4714285714285,16,0,1873860103,0.010018577,0.722771417,0,1.679,0.256,7.104,6.847,1.614309088,14.2653045,4.935893234,0.261912048,0.280332009,25,150,150,47,39,30,27,24,34,9,8,1.39,1.384947368,1.319738562,0.86,1.162052632,0.38,0.409736842,0.041875823,0.017636615,11.5217,77.51,905.0060969,752,181,2629,18.5293345,11.39305401,0,236.2264099,5776,34.0245862,1.6765,NA,NA,0.008130081,Cauvery,0.393400013,Semi_arid,Train
5021,30.831915126190477,19.722119460238094,25.277025129761906,381.71033256904764,306.869485552381,0.22839175185714286,0.10058732304761905,3.512963549642857,58.30773600809524,12.749601898833333,57.441727255000004,132.2876752547619,453.69431113809526,797.4316666666666,1043.462619047619,663.2297619047619,184.99261904761906,310.1173809523809,29.184357507619048,30.13531787317073,34.67127518536585,28.754686125609755,16.688062654761904,20.82123150804878,21.530522269756098,19.29580567804878,22.93615439047619,25.478334666585365,28.100965005121953,24.025149939512197,18.305476190476192,440.49024390243903,162.57243902439023,195.06658536585365,241.66285714285715,329.2492682926829,330.6578048780488,161.44878048780487,126.32428571428572,263.6646341463415,140.14951219512196,146.18658536585366,7.523809523809524,106.4870731707317,52.36585365853659,22.94439024390244,39.28857142857143,138.31853658536585,73.24243902439025,65.87341463414634,3.9761904761904763,1.7619047619047619,1.8571428571428572,1.7380952380952381,11.166666666666666,11.166666666666666,11.166666666666666,11.166666666666666,2.5,1.619047619047619,1.8095238095238095,1.7380952380952381,0.361607142825,0.15863095235,0.172916666625,0.1625,4.565428571428572,21.476190476190474,357.15,6,0,268270000,0.01,0.722769797,0,0.786,0.305,7.553,7.249,1.14444995,26.76525466,6.845137767,0.222818905,0.256984754,25,150,150,47,39,29,27,23,34,9,8,1.39,1.394234234,1.320784314,0.86,0.785225225,0.38,0.357657658,0.019761368,0.008452304,12.5167,77.4333,830.9392874,858,615,1463,5.085305824,3.466985941,0,144.8038788,3500,5.347437568,1.3465,NA,NA,0.06504065,Cauvery,0.430500001,Semi_arid,Train
5022,29.086604563809523,18.952417089285714,24.019515357380953,357.3156137238095,305.04108522857143,0.44998827795238094,0.2722656020952381,1.6567448217142857,72.41244338666667,25.928316726428573,73.0569432197619,169.71507569523808,456.76122211666666,1224.0857142857142,1034.1361904761904,859.9809523809524,256.6111904761905,336.85285714285715,28.66166244357143,27.619492203170733,32.13036055121951,27.95588564585366,16.63517140238095,19.680531786829267,20.29668610804878,18.906885246341464,22.64844115714286,23.650079968536584,26.21347030804878,23.43131147512195,100.69071428571428,544.2714634146341,219.9380487804878,386.5853658536585,245.37857142857143,338.61,300.84317073170735,168.54243902439023,194.2554761904762,314.7248780487805,204.26707317073172,162.97073170731707,22.398809523809526,115.92268292682927,85.12487804878049,38.87731707317073,93.83809523809524,98.18560975609756,99.64243902439024,51.11390243902439,3.8333333333333335,2,2,1.4285714285714286,11.166666666666666,11.166666666666666,11.166666666666666,11.166666666666666,2.4761904761904763,1.880952380952381,1.9285714285714286,1.3095238095238095,0.3446428572,0.1800595238,0.176488095225,0.125,0.5692380952380952,7,242.9,7,0,121697750.3,0.01,0.722769797,0,1.837,0.559,7.104,6.545,0.988895743,10.90155496,3.794415728,0.274579316,0.294900377,25,150,150,46,41,30,26,24,33,5,7,1.39,1.393555556,1.329333333,1.73,1.321111111,0.77,0.638444444,0.04721345,0.022269321,11.5728,76.9192,1300.757176,1006,342,2598,20.15199618,14.31836319,0,200.6777496,1370,39.94315926,1.9118,NA,NA,-0.025551684,Cauvery,0.457300007,Semi_arid,Train
5023,32.11290134714286,21.477662027619047,26.795271735238096,407.32264876904765,305.9924643452381,-0.040037268976190477,0.3647744860238095,1.8844436014523809,58.65124634357143,13.343888922761904,60.57739710571428,142.07145882380954,467.57329466904764,1066.2880952380951,1153.7316666666666,804.3111904761905,192.09428571428572,295.2245238095238,30.17126722142857,32.152644941707315,35.27318663902439,30.058120751219512,18.69189774595238,22.683108756585366,22.886564156585365,21.105337864146342,24.43153688,27.417840863902438,29.079920466341463,25.58175929707317,59.474761904761905,525.060243902439,192.6580487804878,313.6514634146341,258.62666666666667,387.159756097561,355.6951219512195,174.0819512195122,181.41333333333333,299.059756097561,174.2,164.83073170731709,9.056904761904763,114.44,47.83365853658537,25.228048780487804,39.569047619047616,135.95804878048781,58.22829268292683,67.70463414634146,3.7857142857142856,2,2.2857142857142856,2.119047619047619,11.166666666666666,11.166666666666666,11.166666666666666,11.166666666666666,2.357142857142857,1.7619047619047619,2.238095238095238,2.0952380952380953,0.3446428572,0.17648809525,0.201488095225,0.195833333325,1.8659999999999999,0,0,0,0,0,0.01,0.722769797,0,0.921,0.419,4.573,4.154,1.366391185,13.32738487,4.95676464,0.23860363,0.247971056,25,150,150,47,39,29,27,24,34,9,8,1.39,1.39,1.33,0.86,0.899512195,0.38,0.352195122,0.026075746,0.009749793,11.5272,77.7508,349.8833793,300,176,1635,6.451567817,2.294164658,0,134.2704926,1248,7.117520878,1.3878,-0.257575758,0.333333333,0.256678281,Cauvery,0.398600012,Semi_arid,Train
5024,29.717989706428572,19.256284480238097,24.48714478809524,373.95981040714287,295.6749420285714,1.0023944675714285,0.3489426013095238,2.6799819779761904,69.62270694380952,20.159350073571428,66.25512062380952,155.26278600238095,484.16122241666665,869.1521428571428,1120.6554761904763,842.2492857142857,223.16857142857143,275.6397619047619,30.30366907904762,27.09414234414634,32.98546659585366,29.08139944073171,16.54364413238095,20.241437424634146,20.726222163414633,19.094678129512197,23.42361016904762,23.667750899512196,26.855901379268293,24.08814074390244,15.165238095238095,516.1517073170731,172.0341463414634,186.63,263.46738095238095,356.7551219512195,341.54414634146343,179.79585365853657,166.99952380952382,339.5439024390244,181.52634146341464,170.6490243902439,10.125714285714286,122.35146341463414,66.90585365853659,28.98170731707317,55.940238095238094,101.11780487804879,64.65756097560975,59.28268292682927,4.166666666666667,1.9285714285714286,2.3095238095238093,2.261904761904762,11.166666666666666,11.166666666666666,11.166666666666666,11.166666666666666,2.6666666666666665,1.6904761904761905,2.1666666666666665,2.1666666666666665,0.37440476195,0.16874999995,0.202083333325,0.19791666665,0.9725,4.142857142857143,75.68809523809523,2,0,144758000,0.01,0.722769797,0,1.39,0.217,4.758,4.541,1.260238908,9.978382677,3.115680274,0.256971307,0.279698706,150,150,150,49,38,28,23,23,39,10,5,1.4,1.4,1.31,0.58,0.58,0.4,0.4,0.029764648,0.013773767,12.9825,76.0214,1029.110265,1011,912,1862,6.015880953,4.714479446,0,115.2019653,1010,5.401898868,1.3667,NA,NA,0.089430894,Cauvery,0.628099978,Dry_sub_humid,Train
5028,28.584776493809525,18.28932112809524,23.437123492619047,384.1290558119048,305.03415795714284,0.861733814452381,0.30621053647619045,2.266345399595238,67.82727669428571,19.85525739261905,68.35497331071429,165.63330909761905,519.7958882595238,1046.5064285714286,1136.8602380952382,863.1554761904762,221.0040476190476,280.56619047619046,28.13708860642857,27.07326069609756,31.748586956829268,27.38848060804878,15.826548186904763,19.125067972439023,19.66023064707317,18.20648540609756,21.981878437142857,23.099236305121952,25.704541357317073,22.797469012439024,23.404285714285713,637.0426829268292,200.10121951219512,210.9119512195122,270.08285714285716,371.8751219512195,336.32341463414633,179.71975609756097,178.58309523809524,336.1531707317073,196.02463414634147,169.09146341463415,14.383571428571429,113.0690243902439,65.00536585365853,33.58560975609756,66.15404761904762,89.25829268292684,71.24585365853659,59.13756097560976,4.023809523809524,1.9047619047619047,2.238095238095238,2.4047619047619047,11.166666666666666,11.166666666666666,11.166666666666666,11.166666666666666,2.5714285714285716,1.6428571428571428,2.142857142857143,2.3095238095238093,0.361309523675,0.170238095225,0.195833333325,0.210416666675,1.2197619047619048,22.928571428571427,943.2523809523809,10,0,1756218100,0.01,0.722769797,0,1.535,0.366,8.591,8.225,1.273287509,12.87274383,4.169717783,0.254934481,0.278680703,25,150,150,47,39,29,27,24,34,9,8,1.39,1.39412766,1.321504425,0.86,0.816978723,0.38,0.377829787,0.031264484,0.013588528,12.23,76.8942,798.294974,772,622,2026,7.026147657,4.402425289,0,122.1546249,7000,7.784281594,1.5382,NA,NA,0.099883856,Cauvery,0.412200004,Semi_arid,Train
5029,29.676536360714287,18.94359002047619,24.310085235238095,384.8908893095238,305.76647778333336,0.6406385440476191,0.10800437519047619,2.6702500344761906,62.45992935785714,15.7123417115,62.348086046190474,148.89246287142856,487.7787141714286,911.2433333333333,1102.242380952381,764.9695238095238,195.09238095238095,284.93380952380954,28.791431230238096,28.436697320731707,33.137624602439026,28.133206717073172,16.212904936666668,19.93654938,20.47521474,18.704246301219513,22.50220170738095,24.18665533780488,26.806346766097562,23.41882047195122,24.289285714285715,511.76341463414633,177.0529268292683,219.77073170731708,256.4354761904762,356.99146341463415,337.0173170731707,172.42756097560977,153.43833333333333,299.3048780487805,168.3058536585366,158.8358536585366,10.095238095238095,102.12024390243903,59.35707317073171,28.031951219512194,52.38666666666666,103.84048780487805,71.34463414634146,63.03390243902439,4.071428571428571,1.8095238095238095,1.9285714285714286,1.7380952380952381,11.166666666666666,11.166666666666666,11.166666666666666,11.166666666666666,2.5476190476190474,1.6428571428571428,1.8095238095238095,1.6666666666666667,0.369047619,0.16130952375,0.173214285775,0.16249999995,1.3064047619047618,350.6904761904762,9088.65238095238,60,0,9373263817,0.011225772,0.722876661,0,1.201,0.217,8.591,8.375,1.459861007,18.50025661,5.898344416,0.244798403,0.265788246,25,150,150,47,39,29,27,24,34,9,8,1.39,1.391868721,1.32411487,0.86,0.881153333,0.38,0.327553333,0.02710253,0.011695353,11.4778,77.7,776.3270284,804,162,2026,7.458008477,3.776294947,0,144.8038788,44100,8.075921966,1.7345,0.195652174,0.14,0.31475029,Cauvery,0.393599987,Semi_arid,Train
6007,31.89434420261905,21.313711848333334,26.604038381190477,388.03015777857144,277.52742634285715,0.5696329589285715,0.5371012678095238,1.8224189771190475,67.28000352595238,18.916989038190476,70.60482007428571,176.28372861666668,514.6119591,1617.0919047619047,1004.9859523809524,744.967619047619,142.4697619047619,245.32928571428573,27.593205881666666,32.63953218707317,35.86059119902439,30.64147940804878,14.435512712619047,25.31144542170732,23.484578473658537,20.169596161707318,21.01432083285714,28.975489803902438,29.672624602926827,25.405581767560975,44.14928571428571,1194.3543902439023,233.0960975609756,183.85658536585365,193.02404761904762,339.6968292682927,338.2568292682927,153.81219512195122,142.7590476190476,279.61024390243904,197.25658536585365,140.02975609756098,4.256904761904762,103.6290243902439,29.474390243902437,8.480487804878049,25.752857142857142,136.5568292682927,53.30317073170732,35.071951219512194,3.9047619047619047,1.9047619047619047,2.380952380952381,1.9285714285714286,11.166666666666666,11.166666666666666,11.166666666666666,11.166666666666666,2.2857142857142856,1.6428571428571428,2.119047619047619,1.8571428571428572,0.349702380925,0.1681547619,0.2083333333,0.17023809525,0.3266904761904762,8.80952380952381,188.32857142857142,8,3290.566,173365000,0.104590993,0.732633399,0,1.661,0.423,7.113,6.69,5.902303983,11.15142093,3.995422774,0.257353205,0.26855333,25,150,25,43,0,34,0,23,0,26,0,1.39,1.398258065,1.323230769,1.4,1.127935484,0,0.144,0.034349001,0.017887066,21.5478,86.9181,229.4041024,100,-2,1166,8.644330576,2.878536224,0,121.5434875,4495,13.37395053,2.5016,NA,NA,0,Burhabalang,1.034100056,Humid,Train
6008,31.445499863809523,19.796450130714284,25.62101253190476,383.38574389285714,281.26065363333333,0.8658160663333333,0.07822338923809524,2.0821794851904762,61.11433336761905,15.467119358166666,71.47198325404761,180.2622484904762,553.3941254642857,1263.202142857143,988.2985714285714,663.2754761904762,137.16690476190476,243.315,26.37091236761905,32.293352658536584,36.30686373390244,29.77185925682927,12.127809608571429,24.50221711292683,22.06103923682927,18.281179528292682,19.24941912595238,28.397760894634146,29.183955462195122,24.026705317317074,35.96523809523809,1035.860243902439,130.75048780487805,90.55878048780488,189.64738095238096,331.9421951219512,336.2339024390244,149.95439024390245,121.80309523809524,270.7143902439024,149.94780487804877,134.0168292682927,3.5845238095238097,107.47756097560976,22.106585365853658,7.256341463414635,22.695238095238096,153.87048780487805,43.45634146341463,28.673902439024392,3.7857142857142856,1.8095238095238095,1.9285714285714286,2.1904761904761907,11.166666666666666,11.166666666666666,11.166666666666666,11.166666666666666,2.2857142857142856,1.5714285714285714,1.6666666666666667,1.9523809523809523,0.337797619025,0.1648809524,0.17023809525,0.2020833333,1.2362380952380951,17.476190476190474,1778.007142857143,11,0,4200865200,0.020536175,0.724423429,0,1.098,0.286,7.837,7.551,1.513239297,10.35983166,4.376107848,0.239816467,0.252447456,25,150,25,43,0,34,0,23,0,26,0,1.39,1.355535714,1.26739777,1.4,1.090022321,0,0.241517857,0.025954074,0.012636473,22.8156,86.2161,357.9573141,300,115,1043,6.807771658,3.211387634,0,94.88362885,12649,7.852359511,1.7268,NA,NA,0,Subarnarekha,0.794099987,Humid,Train
7001,32.466830916190474,21.065167384761907,26.76599662261905,398.4971995047619,276.39976291190476,0.167976235,0.40656507383333335,1.5529200538095238,68.18166092880952,15.798384234714286,63.260004688809524,172.80678506666666,556.645000997619,1532.2728571428572,1016.8230952380952,717.407619047619,138.93428571428572,269.80833333333334,28.52884781952381,32.716321471219516,36.90630169780488,30.92536185609756,14.446928104761906,24.850309875853657,23.36675503804878,19.733918432926828,21.487848626190477,28.783304678292684,30.136553552682926,25.329700120000002,38.93666666666667,1185.010731707317,182.96414634146342,161.7841463414634,199.01309523809525,327.590487804878,353.8292682926829,156.3368292682927,139.07714285714286,283.83170731707315,163.13365853658536,145.47073170731707,3.591904761904762,106.94682926829269,23.81390243902439,7.882682926829268,31.730714285714285,148.80512195121952,59.137317073170735,35.9419512195122,3.857142857142857,1.8095238095238095,1.9285714285714286,2.380952380952381,11.166666666666666,11.166666666666666,11.166666666666666,11.166666666666666,2.3333333333333335,1.6428571428571428,1.8333333333333333,2.3095238095238093,0.34404761905,0.158333333325,0.16875,0.22083333335,0.006190476190476191,0.9285714285714286,79.85714285714286,1,514.16,86000000,0.099607161,0.729898421,0,1.626,0.517,7.614,7.097,1.41285956,14.92051221,5.547841998,0.251914731,0.26821165,25,150,150,79,68,11,10,10,22,7,4,1.59,1.499090909,1.45,0.53,0.925454545,0.3,0.163636364,0.033239769,0.014320369,20.9297,85.5189,208.2682706,147,47,989,10.83188845,4.917543411,0,116.6785583,830,8.412036144,1.3445,NA,NA,0.029036005,Brahmani,0.869400024,Humid,Train
7002,32.19788164809524,20.95676476047619,26.57735245142857,382.8933326571429,278.9026462714286,0.5797137108095238,0.43442117369047617,1.9681922379047618,65.40655781142857,17.24835381347619,70.24167236452381,178.03573237857142,547.0547246880952,1491.162619047619,1008.1038095238096,728.1490476190476,145.1702380952381,248.1354761904762,28.05842612095238,32.60138944365854,36.61455991439024,30.68872051121951,14.14833709357143,24.896699320243904,23.237099682682928,19.639688124146343,21.103414290714287,28.74906437487805,29.925896076585367,25.164162335609756,43.14095238095238,1146.7636585365854,205.1158536585366,131.45975609756098,195.4090476190476,332.1690243902439,345.1670731707317,155.18048780487806,137.7042857142857,284.1739024390244,178.6490243902439,142.0229268292683,4.417857142857143,106.15512195121951,29.52829268292683,8.501951219512195,26.326428571428572,140.66560975609755,52.42658536585366,34.12682926829268,3.8095238095238093,1.8095238095238095,2,1.9047619047619047,11.166666666666666,11.166666666666666,11.166666666666666,11.166666666666666,2.4285714285714284,1.6904761904761905,1.9285714285714286,1.7619047619047619,0.338392857125,0.1613095238,0.174999999925,0.1681547619,0.10464285714285715,3,92.3,10,2337.86,80404000,0.031342292,0.72724702,0,1.335,0.391,7.798,7.406,1.307069964,10.49772355,3.927006111,0.252555463,0.262666656,25,150,150,44,35,33,24,23,41,11,26,1.39,1.390657895,1.290812183,0.99,1.132796053,0.38,0.245986842,0.030505515,0.016896645,21.2111,86.1206,473.9472768,426,32,1181,7.20192789,3.661545277,0,123.3568726,8570,9.417191881,3.5394,NA,NA,0,Baitarni,0.968100011,Humid,Train
7007,31.527771208333334,19.40622218214286,25.467021412619047,378.71638612142857,283.90516079285715,0.8061788468571428,-0.03850974728571429,1.959673032595238,60.4602918047619,15.29719047945238,67.19203452642857,175.94520826666667,535.7585449261904,1311.2940476190477,986.6685714285715,660.7957142857143,136.4045238095238,255.69142857142856,26.587729953095238,32.08418032756097,36.740087487317076,29.69732107195122,11.760005241904762,24.099986005609757,21.790941145121952,17.67822471,19.173853794285716,28.092049180731706,29.26559119902439,23.687876848780487,40.705,1108.7534146341463,104.27878048780488,88.54682926829268,189.89285714285714,326.9660975609756,336.44,152.80317073170733,124.81357142857142,271.0451219512195,139.88634146341462,138.12341463414634,3.8395238095238096,111.37170731707317,17.896341463414632,6.530243902439024,29.002142857142857,150.02341463414635,50.103170731707316,32.09170731707317,3.5238095238095237,1.9047619047619047,1.6904761904761905,2.0952380952380953,11.166666666666666,11.166666666666666,11.166666666666666,11.166666666666666,2.119047619047619,1.6904761904761905,1.619047619047619,1.9047619047619047,0.31339285705000003,0.175297619,0.14791666665,0.193749999975,0.3726904761904762,18.357142857142858,567.2809523809524,3,0,1470317143,0.030070308,0.725009204,0,1.091,0.245,7.803,7.558,3.446155522,8.332420154,3.32812685,0.238596959,0.251671313,25,150,150,43,0,34,0,23,0,26,0,1.39,1.451015625,1.366947791,1.4,0.982734375,0,0.221966146,0.02845136,0.013216007,21.8378,84.9425,503.3641351,507,133,1110,7.659350963,4.2377901079999996,0,107.4656448,21950,8.17484939,2.2923,NA,NA,0,Brahmani,0.872399986,Humid,Train
7008,31.344957737380952,19.298274132142858,25.321612776428573,375.87715368809523,284.21573450238094,0.9024253010714286,-0.121068233,2.1138311907619047,60.73298901333333,15.719853749785715,69.852587975,178.94018700714287,536.9768132119048,1262.5316666666668,979.5640476190476,669.9873809523809,138.19333333333333,244.43619047619046,26.23492227761905,32.08132546926829,36.470978260975606,29.545829668536587,11.548614703642857,24.103632547317073,21.635466595609756,17.579620151219512,18.891727243571427,28.09257297097561,29.053178685365854,23.562646941219512,41.31928571428571,1046.7321951219512,112.3680487804878,91.89780487804877,188.17738095238096,325.9482926829268,333.4539024390244,151.28658536585365,127.38238095238096,272.17,145.82,137.84926829268292,3.7973809523809523,111.43219512195122,19.82219512195122,6.419512195121952,26.580714285714286,145.31146341463415,46.61219512195122,31.245365853658537,3.738095238095238,1.8095238095238095,1.8095238095238095,2.1904761904761907,11.166666666666666,11.166666666666666,11.166666666666666,11.166666666666666,2.119047619047619,1.619047619047619,1.5714285714285714,2.0714285714285716,0.33363095245,0.1663690476,0.162797619025,0.2020833333,0.22247619047619047,7.666666666666667,110.10238095238095,0,0,637464143,0.041559135,0.726517803,0,1.07,0.346,7.671,7.325,3.509268949,8.643232266,3.351114924,0.237871018,0.250754306,25,150,150,44,35,33,24,23,41,11,26,1.39,1.386378378,1.289036145,0.99,1.109432432,0.38,0.257108108,0.028692592,0.013532513,22.3217,85.1047,544.541241,566,200,1086,7.125890891,3.869321108,0,97.11260223,9160,7.422285526,2.4522,NA,NA,0.066202091,Brahmani,0.861400008,Humid,Train
7011,31.38089017238095,19.335771673095238,25.358320966904763,377.56557099285715,283.87027280714284,0.8583676567380952,-0.07746681542857144,2.064776316261905,60.559225655714286,15.561893957428572,68.98272651119048,178.36117953095237,538.1097473619047,1265.0654761904761,986.2542857142857,668.7619047619047,137.6195238095238,248.71952380952382,26.323706062380953,32.06713514536585,36.523836161463414,29.57604558121951,11.612266220523809,24.110591763414636,21.685278367560976,17.618880447804877,18.96796651095238,28.088872450731706,29.104509543902438,23.59750899585366,40.46523809523809,1053.0139024390244,111.05707317073171,90.39756097560975,189.65690476190477,327.5009756097561,336.12268292682927,152.4029268292683,126.30714285714285,273.15731707317076,144.28585365853658,138.24219512195123,3.834285714285714,111.4148780487805,19.12682926829268,6.506585365853659,27.389285714285716,147.36365853658538,47.729268292682924,31.635609756097562,3.642857142857143,1.8571428571428572,1.8095238095238095,2.142857142857143,11.166666666666666,11.166666666666666,11.166666666666666,11.166666666666666,2.238095238095238,1.6428571428571428,1.6428571428571428,1.880952380952381,0.32380952385,0.170535714275,0.162797619,0.197916666675,0.2816666666666667,9.666666666666666,115.20238095238096,0,0,762764143,0.03690808,0.725964219,0,1.067,0.346,7.671,7.325,3.687543848,8.700933546,3.4082518,0.237543693,0.25071649,25,150,150,44,35,33,24,23,41,11,26,1.39,1.407228637,1.312591362,0.99,1.055727483,0.38,0.257205543,0.028243547,0.013237619,22.2772,84.8519,515.0150161,540,176,1086,7.050900336,3.883082867,0,97.11260223,19448,7.401367762,2.5049,NA,NA,0,Brahmani,0.854300022,Humid,Train
8001,32.04155880261905,19.09018548857143,25.565873438809525,380.79080542142856,287.75583228333335,1.0894196476428573,-0.38453806935714285,1.985680215595238,54.57668501642857,13.241277658857143,62.744157930238096,154.5980187595238,506.8898333404762,1062.4950000000001,1005.302380952381,605.5416666666666,129.52833333333334,282.12595238095236,26.966537510000002,32.30845661682927,37.65949098682927,30.388024790487805,11.467997516190476,23.809648141707317,21.75990721097561,16.837832866829267,19.217185436190476,28.059092363414635,29.70971633097561,23.612970811951218,36.950714285714284,960.9729268292683,36.20390243902439,53.380731707317075,198.96166666666667,328.12975609756097,339.3251219512195,158.55268292682928,124.3704761904762,240.79243902439023,112.88585365853659,139.22878048780487,4.739047619047619,102.60414634146342,19.003170731707318,6.225609756097561,30.91,179.50829268292682,47.94,29.894878048780487,4.023809523809524,1.7142857142857142,2.0714285714285716,2,11.166666666666666,11.166666666666666,11.166666666666666,11.166666666666666,2.4047619047619047,1.4047619047619047,1.8333333333333333,1.9761904761904763,0.357142857225,0.15,0.181249999975,0.17648809525,0.6124761904761905,2.5238095238095237,45.97142857142857,1,82,75924000,0.124428762,0.715673509,0,1.104,0.512,7.066,6.554,1.313142047,7.263160812,2.7727302,0.199735908,0.19484943,25,150,150,79,68,11,10,10,22,7,4,1.59,1.519113924,1.45,0.53,0.83835443,0.3,0.193670886,0.019658612,0.006829146,21.8317,81.6058,430.996363,366,251,971,5.904887197,2.074370861,0,92.06546783,2210,7.000104175,1.242,0.309090909,-0.21978022,0.37746806,Mahanadi,0.676999986,Humid,Train
8003,31.80676805785714,19.154454092380952,25.48055759642857,378.4723578047619,287.65533497857143,0.7760651577380953,-0.3744317385476191,1.8038961787142858,56.883446237142856,13.618793621595238,63.765850141904764,169.52156118095238,503.88942791666665,1279.7707142857143,994.1840476190476,613.2942857142857,136.16285714285715,268.75928571428574,26.507392653809525,32.40860455731708,37.23116914121951,30.104910036585366,11.423460103261904,23.98316273512195,21.677876458536584,17.072714914146342,18.96534121690476,28.19592962804878,29.454440614634148,23.588628548292682,37.66404761904762,1179.339756097561,39.85658536585366,53.20560975609756,195.58,325.81560975609756,335.8280487804878,156.43853658536585,116.31476190476191,256.6221951219512,114.61463414634146,137.86414634146342,4.046666666666667,115.3209756097561,14.714146341463413,5.303414634146342,33.3297619047619,161.9919512195122,48.74878048780488,30.430975609756096,3.9523809523809526,1.5238095238095237,1.6428571428571428,1.7619047619047619,11.166666666666666,11.142857142857142,11.166666666666666,11.166666666666666,2.380952380952381,1.3571428571428572,1.5,1.6904761904761905,0.35029761905,0.134090909025,0.143749999975,0.160119047625,0.8140238095238095,14.238095238095237,2585.2761904761905,44,16308,3614900000,0.150576064,0.712304429,0,1.127,0.144,7.634,7.489,2.089570159,7.104116754,2.89603471,0.196926576,0.19757758,25,150,150,79,68,11,10,10,22,7,4,1.59,1.540432277,1.45,0.53,0.745619597,0.3,0.225648415,0.021230788,0.008982005,21.8986,82.7117,485.2424658,478,199,1116,6.57562764,3.818437338,0,138.608902,9730,7.014097195,1.5637,NA,NA,0,Mahanadi,0.774299979,Humid,Train
8005,32.61983254452381,19.796866296666668,26.208288904285713,384.05803809761903,284.1293727238095,0.8813564927857143,0.03870187433333333,1.7956090747857143,58.23309627690476,15.095474134142858,64.31271985857143,169.64022447142858,445.47777293095237,1191.2542857142857,1016.4416666666667,641.7590476190476,161.1845238095238,293.4378571428571,28.42890171904762,32.373076768780486,38.23401378536585,30.666045581707316,12.899869756904762,23.69756097585366,22.53100742317073,18.047157137804877,20.66438126785714,28.03527589097561,30.382396606341462,24.35652938804878,17.465476190476192,1089.7446341463415,50.627560975609754,62.04560975609756,208.77309523809524,322.20048780487804,341.55024390243904,163.61707317073171,120.19595238095238,266.6551219512195,118.06560975609756,149.56341463414634,4.622142857142857,124.9880487804878,27.260243902439026,8.132682926829268,39.309761904761906,158.11317073170733,64.33268292682926,37.88048780487805,4.380952380952381,1.7380952380952381,1.8333333333333333,1.9047619047619047,11.166666666666666,11.166666666666666,11.166666666666666,11.166666666666666,2.7142857142857144,1.4285714285714286,1.7619047619047619,1.7380952380952381,0.394940476175,0.15505952377499999,0.1663690476,0.17708333335,0.13566666666666666,2.8095238095238093,376.7857142857143,3,2240,553631000,0.05087749,0.71862435,0,1.485,0.335,7.55,7.215,1.498262165,9.982307365,3.631175129,0.225245005,0.231523458,75,150,150,79,68,11,10,10,22,7,4,1.59,1.536902655,1.418141593,0.53,0.617610619,0.3,0.321238938,0.024395126,0.008844161,20.9125,81.8861,470.5572022,440,278,929,5.546611703,3.255381346,0,103.8763199,3225,6.05922701,1.2281,0.304232804,-0.285714286,0.268292683,Mahanadi,0.76819998,Humid,Train
8009,31.928149971904762,19.28987965,25.609022643333333,381.87598619761906,287.27019141666665,0.673524869,-0.31941758473809523,1.725806660452381,56.07240807785714,14.071660875119047,62.375134012857146,162.74760537857142,469.37545484285715,1267.8804761904762,986.4828571428571,629.0878571428572,137.85785714285714,267.4092857142857,26.86939145261905,32.287726909268294,37.43762990414634,30.218164733902437,11.749551166666667,23.91209116390244,21.905726404634148,17.186829268292684,19.309569647857142,28.09986805292683,29.671667550243903,23.70248700609756,41.701904761904764,1156.5158536585366,43.30365853658537,56.265853658536585,193.96428571428572,325.249756097561,330.4209756097561,156.17756097560977,123.69261904761905,254.1290243902439,123.38292682926829,140.21,4.456428571428572,114.87073170731708,16.300975609756097,5.4834146341463414,33.566428571428574,159.89560975609757,46.649268292682926,33.001463414634145,3.9523809523809526,1.7857142857142858,1.9047619047619047,1.9761904761904763,11.166666666666666,11.142857142857142,11.166666666666666,11.166666666666666,2.3333333333333335,1.4761904761904763,1.8333333333333333,1.8571428571428572,0.351785714225,0.156628787825,0.16666666665,0.17291666665,0.9021428571428571,13.452380952380953,219.22619047619048,5,0,202086000,0.05230347,0.718749497,0,1.4,0.418,7.634,7.216,1.422234244,6.938098346,2.709699882,0.213633437,0.215126934,25,150,75,79,68,11,10,10,22,7,4,1.59,1.571308411,1.45,0.53,0.611308411,0.3,0.271962617,0.023448566,0.009004168,22.0567,82.2194,456.0500721,378,234,1139,6.543468399,3.138582945,0,106.1707458,3035,6.935508597,1.4359,0.406593407,-0.40952381,0.363530778,Mahanadi,0.757499993,Humid,Train
8013,32.510034545714284,20.56884576190476,26.539417571666668,388.6827167547619,284.0259364880952,0.6777771791904762,0.12876895257142856,1.7904704574047619,59.478285867857146,15.150731141142858,66.89950808285714,173.12430440476192,524.9766254214286,1361.1261904761905,1010.0952380952381,662.9314285714286,150.7357142857143,276.2157142857143,28.852323422857143,32.23441023634146,37.570522269512196,30.663530587560974,14.252590474285714,24.017349060975608,23.188120360487805,19.02927628902439,21.55242213738095,28.125821670731707,30.379347826829267,24.84640543804878,27.98857142857143,1169.0636585365853,98.06829268292682,98.52121951219512,208.04857142857142,323.0334146341463,337.0436585365854,161.53170731707317,127.26976190476191,267.9958536585366,135.24024390243903,145.49048780487806,4.128571428571429,112.34878048780487,29.505853658536587,8.32829268292683,28.81047619047619,164.34829268292683,55.503170731707314,33.5880487804878,3.9523809523809526,1.8571428571428572,1.9285714285714286,2.4523809523809526,11.166666666666666,11.142857142857142,11.166666666666666,11.166666666666666,2.3095238095238093,1.6666666666666667,1.6904761904761905,2.357142857142857,0.3568452381,0.1626893939,0.168749999975,0.216071428575,0.178,21.904761904761905,249.47619047619048,19,0,3376487000,0.030924326,0.721988167,0,1.319,0.394,7.635,7.241,3.459665025,12.76748619,4.793443434,0.235177167,0.245834605,150,150,150,47,39,29,27,24,34,9,8,1.39,1.47985755,1.385270655,0.86,0.704900285,0.38,0.333618234,0.024287133,0.009664787,20.65,83.7222,388.1384166,299,119,1321,9.372519122,3.211387634,0,180.815567,19600,8.257787854,1.4285,NA,NA,-0.024390244,Mahanadi,0.800400019,Humid,Train
8020,32.81652933309524,20.067338979285715,26.44193249642857,388.4759061880952,283.86533466190474,1.025482456642857,0.32102465207142855,2.2394135874285714,57.04549164357143,13.159699434023809,64.52295792214285,170.1566390904762,508.75310570476194,1164.3333333333333,1044.9547619047619,593.4271428571428,134.12333333333333,297.15214285714285,28.597981691428572,32.36249700048781,38.66039501560976,30.980091963414633,13.095626761190477,23.958082766585367,23.018812300487806,18.072311075609758,20.846775005238097,28.16033386609756,30.839570519268293,24.526217513658537,26.774761904761906,1064.6234146341465,40.84390243902439,59.83658536585366,214.63690476190476,330.58853658536583,353.00951219512194,166.97146341463414,111.36071428571428,249.69341463414634,100.36243902439024,143.76829268292684,4.282380952380953,106.62926829268292,18.765121951219513,7.613414634146341,35.48738095238095,177.55268292682928,58.567317073170734,31.926829268292682,4.142857142857143,1.7619047619047619,1.880952380952381,1.5476190476190477,11.166666666666666,11.166666666666666,11.166666666666666,11.166666666666666,2.4285714285714284,1.4047619047619047,1.6666666666666667,1.4523809523809523,0.370535714275,0.1622023809,0.170535714275,0.1458333333,1.3303333333333334,45.023809523809526,1248.0880952380953,14,0,682460470,0.106374718,0.723123798,0,1.015,0.254,7,6.746,1.461240751,10.27099878,4.021448498,0.203817689,0.201712949,25,150,150,79,68,11,10,10,22,7,4,1.59,1.526854839,1.408117155,0.53,0.626774194,0.3,0.301532258,0.018282384,0.00689094,21.2361,81.2472,350.4945645,341,271,759,2.734976933,1.686703444,0,75.24497986,6990,2.638273997,1.3787,0.571834993,-0.454790823,0.370499419,Mahanadi,0.732599974,Humid,Train
8021,31.75595226904762,19.271506275238096,25.513729283809525,381.27102189047616,284.53928956190475,0.8087508345238096,-0.23899300364285714,1.6779176836190477,58.807929712857145,14.283179705452381,66.04857350142858,178.67126885714285,518.1324419928571,1307.7478571428571,986.195,615.9509523809523,136.50738095238094,265.62119047619046,26.622938361666666,32.30717113146341,37.165816542439025,29.91874850097561,11.653004038571428,24.02984406195122,21.707128844390244,17.282594962439024,19.13793859309524,28.168474609756096,29.436534995365854,23.600703719268292,34.690714285714286,1193.1282926829267,50.667073170731705,60.311951219512196,193.65047619047618,324.1409756097561,333.9890243902439,153.7448780487805,117.96666666666667,257.0312195121951,113.97731707317074,139.12170731707317,3.884047619047619,114.37536585365854,15.401951219512195,6.0807317073170735,33.62190476190476,154.98658536585367,51.05878048780488,31.612439024390245,3.9285714285714284,1.6428571428571428,2.0714285714285716,2.1904761904761907,11.166666666666666,11.142857142857142,11.166666666666666,11.166666666666666,2.5238095238095237,1.4047619047619047,1.9047619047619047,2,0.3467261905,0.14580627705,0.18125,0.19613095235,0.1728095238095238,5.4523809523809526,8.783333333333333,13,0,20057000,0.132451134,0.717513009,0,1.179,0.407,8.024,7.617,1.272712256,5.776084896,2.398667865,0.213586492,0.219133408,25,150,150,79,68,11,10,10,22,7,4,1.59,1.514311377,1.413478261,0.53,0.691856287,0.3,0.269461078,0.02478845,0.010894134,21.9864,83.2042,461.9137609,392,211,1147,7.648566812,3.602800131,0,121.7013779,4625,7.858927267,1.6445,NA,NA,0.052264808,Mahanadi,0.777700007,Humid,Train
8023,31.58879366595238,18.588027972142857,25.088445168095237,370.2991612452381,289.33097995238097,0.9935897935714286,-0.7316706006428572,2.226286579714286,55.927783649761906,13.627363333690477,65.15691821904763,166.5383737904762,518.0529352357142,1211.0561904761905,976.3345238095238,609.0109523809524,141.01785714285714,259.2235714285714,25.71780695095238,32.64659536146341,36.93426564121951,29.970679728292684,10.327214816785714,24.003716513658535,20.96701219487805,16.367668932439024,18.022548346904763,28.32514194292683,28.950617709512194,23.169312274390244,37.371428571428574,1117.8490243902438,34.453658536585365,50.00853658536585,191.50619047619048,318.7339024390244,331.40097560975613,153.83560975609757,120.31571428571428,249.48463414634148,113.54560975609756,137.58439024390245,4.484285714285714,118.74658536585366,16.025853658536587,5.091219512195122,31.005714285714287,160.1448780487805,46.65487804878049,26.98439024390244,4.142857142857143,1.6904761904761905,1.619047619047619,1.7142857142857142,11.166666666666666,11.166666666666666,11.166666666666666,11.166666666666666,2.4761904761904763,1.4761904761904763,1.4047619047619047,1.6666666666666667,0.365476190425,0.14791666665,0.141666666675,0.15744047615,0.15907142857142859,2.4761904761904763,14.533333333333333,11,0,15704000,0.183023593,0.70617792,0,1.224,0.578,7.478,6.9,5.164122137,5.921239938,2.240879042,0.194532323,0.192176309,25,150,25,43,0,34,0,23,0,26,0,1.39,1.412222222,1.45,1.4,1.303333333,0,0.033333333,0.020171604,0.008340886,23.2036,82.2172,668.1544332,684,419,1046,5.76987321,4.2377901079999996,0,87.34147644,1100,7.750810007,1.3239,0.489130435,-0.329710145,0.428571429,Mahanadi,0.749199986,Humid,Train
8029,32.576529988809526,19.810181996190476,26.193343091666666,384.79315517857145,284.53508444761906,0.9419853520952381,0.1665957857857143,1.9161883743333332,58.62656235523809,14.163404242333334,62.583207198333334,166.67844462380953,463.0423404952381,1197.9204761904762,1023.2609523809524,629.3114285714286,147.2159523809524,303.64214285714286,28.361270802380954,32.31333666487805,38.20451484682927,30.67751699317073,12.881688727857142,23.73221511487805,22.56243902487805,18.02565373707317,20.621437225238097,28.022740903414633,30.38349416731707,24.351583366585366,18.895,1093.658048780488,48.47390243902439,65.65024390243903,211.45619047619047,322.4246341463415,344.07658536585365,165.10365853658536,117.40380952380953,260.58365853658535,114.70634146341463,149.1031707317073,4.373809523809523,114.64390243902439,23.604634146341464,8.077560975609757,39.34738095238095,167.58512195121952,67.16536585365854,35.99048780487805,4.190476190476191,1.6904761904761905,1.619047619047619,1.4047619047619047,11.166666666666666,11.166666666666666,11.166666666666666,11.166666666666666,2.4285714285714284,1.3333333333333333,1.5238095238095237,1.4047619047619047,0.37470238085,0.152380952375,0.15059523805,0.1333333333,0.4532857142857143,15.80952380952381,1793.5857142857142,13,0,1935939000,0.065895213,0.718333875,0,1.296,0.335,7.603,7.268,1.468007663,12.23155324,4.382356592,0.218916318,0.22439395,75,150,150,79,68,11,10,10,22,7,4,1.59,1.569591837,1.437755102,0.53,0.563673469,0.3,0.308163265,0.02219496,0.008309381,20.9736,81.8783,445.8448123,420,269,929,4.941582497,2.564954042,0,103.8763199,8760,5.179658104,2.0046,NA,NA,0.099883856,Mahanadi,0.769800007,Humid,Train
8031,32.618899590714285,19.94792639261905,26.283438127619046,391.7645597785714,282.83140921190477,1.0239842720238095,0.011655981190476191,2.0144850285714284,58.274540748571425,13.698358218714286,68.34840640785714,172.49128776428572,546.5717317285714,1281.097380952381,994.5135714285715,573.6921428571428,129.14238095238096,271.1819047619048,28.214445206904763,32.577319072682926,38.161065746829266,30.668408636341464,12.945974387857143,23.978866453658537,22.589854189268294,18.21584966121951,20.580284234047618,28.278158737317074,30.37544008414634,24.44205517780488,32.61904761904762,1162.74,57.88585365853658,58.30317073170732,200.64357142857142,324.11219512195123,331.08048780487803,158.04,102.81547619047619,247.77975609756098,97.7180487804878,136.86365853658538,3.369047619047619,102.14560975609756,19.331951219512195,7.363414634146341,24.170238095238094,179.79073170731706,45.55390243902439,27.69170731707317,3.880952380952381,2,2.119047619047619,2.2142857142857144,11.166666666666666,11.166666666666666,11.166666666666666,11.166666666666666,2.3333333333333335,1.7380952380952381,2.0476190476190474,2.0714285714285716,0.34523809525,0.175,0.185416666625,0.19672619045,0.4550952380952381,9.404761904761905,175.9595238095238,7,0,78750500,0.047063355,0.719010139,0,0.977,0.332,7.59,7.258,6.547037733,10.85291496,4.686202158,0.21472862,0.217602075,125,150,150,47,39,29,27,24,34,9,8,1.39,1.432168675,1.3531325299999999,0.86,0.71686747,0.38,0.362771084,0.018434092,0.006366525,20.9833,83.5394,257.3732106,250,126,1005,4.822895577,2.207262754,0,143.5631409,4650,3.552890359,2.0073,-0.00952381,-0.189473684,0.211382114,Mahanadi,0.796000004,Humid,Train
8034,32.43589962452381,19.68913443642857,26.062523405,386.86594048809525,284.8384260880952,0.9725636021428572,0.04885433966666666,2.0835162585238094,56.28686448166667,13.288687637642857,65.46314370690476,169.63103586666668,517.7666127690476,1140.6002380952382,1019.4438095238095,593.3738095238095,134.1538095238095,283.0297619047619,27.833311899761906,32.387175130243904,38.08849681878049,30.644822071707317,12.487962654285715,23.903464614390245,22.428947507804878,17.71922431,20.160560871190476,28.145341863658537,30.258746023414634,24.182107157317073,27.448333333333334,1046.4002439024391,39.309512195121954,54.59219512195122,206.08880952380952,328.2034146341463,342.6065853658537,162.38292682926829,112.40071428571429,247.36268292682928,104.11414634146341,141.22731707317072,4.158571428571428,107.49365853658537,18.643658536585367,7.0285365853658535,31.284761904761904,175.62463414634146,52.06390243902439,30.196585365853657,3.9285714285714284,1.8571428571428572,1.5476190476190477,1.6428571428571428,11.166666666666666,11.166666666666666,11.166666666666666,11.166666666666666,2.142857142857143,1.5238095238095237,1.5,1.619047619047619,0.3482142857,0.163988095225,0.13541666665,0.15416666665,1.331904761904762,210.85714285714286,4586.726190476191,57,0,4127897470,0.115848194,0.714939392,0,1.083,0.173,7.728,7.555,2.364330721,9.971364458,3.830829318,0.203503866,0.20309404,25,150,150,79,68,11,10,10,22,7,4,1.59,1.516869773,1.405289256,0.53,0.661989247,0.3,0.298506571,0.018989191,0.007304429,21.7167,82.5967,361.4380346,322,204,1139,3.636170903,1.707657099,0,116.2132874,48050,3.806854348,1.5904,NA,NA,0.118466899,Mahanadi,0.71390003,Humid,Train
8035,32.54639114166667,19.740023338095238,26.143240651190478,388.1461533690476,284.38976927619046,1.0970758398333333,0.15680650252380954,2.2739344332619047,55.943621745952385,12.99858760347619,66.73909201857143,171.46901752619047,534.12068585,1117.5245238095238,1035.517380952381,579.3783333333333,130.505,282.7888095238095,28.069912385238094,32.32189524219512,38.294326617317076,30.77812874878049,12.578219911190477,23.888008796341463,22.575925238536584,17.687057176829267,20.32409680261905,28.105027988292683,30.435095439512196,24.232698920487806,27.152380952380952,1023.1429268292683,38.56292682926829,55.26073170731707,210.2811904761905,331.24829268292683,349.38439024390243,164.7312195121951,109.40857142857143,242.89707317073172,98.03341463414634,140.5019512195122,4.11452380952381,103.75975609756098,18.42439024390244,7.2890243902439025,30.10690476190476,178.97121951219512,50.64585365853659,29.22780487804878,3.857142857142857,1.7380952380952381,1.5952380952380953,1.5952380952380953,11.166666666666666,11.166666666666666,11.166666666666666,11.166666666666666,2.261904761904762,1.4285714285714286,1.5,1.4285714285714286,0.340476190475,0.15357142855,0.139583333325,0.14851190475,2.128833333333333,88.76190476190476,1670.1619047619047,19,0,973902470,0.143502062,0.715766349,0,0.965,0.173,7.154,6.982,1.8853345990000001,10.04501084,3.905163926,0.198729368,0.19577783,25,150,50,56,44,20,19,24,37,11,10,1.41,1.492436548,1.384764493,0.74,0.685837563,0.34,0.298950931,0.017578692,0.006780065,21.6256,81.6931,339.423031,317,240,882,2.730605285,1.372877121,0,81.06031799,30761,2.957618149,1.4584,-0.133333333,0.076923077,0.340301974,Mahanadi,0.714699984,Humid,Train
8036,31.732518465,19.299539702857142,25.516053466190478,378.3737009166667,285.30937221666665,0.8829965133333333,-0.20458901252380954,1.8813745885714286,58.66939889547619,14.11446465747619,65.21024523928571,174.24315463333335,535.5188222404762,1340.0252380952381,977.0197619047619,614.4788095238096,130.70809523809524,274.4247619047619,26.66379290142857,32.253192723170734,37.12590933170732,29.88594562195122,11.665002781190475,24.050733706341465,21.72664369,17.363470612195123,19.16439038547619,28.152097161707317,29.426283139512194,23.624630147317074,39.39547619047619,1194.8248780487804,67.94048780487805,69.58707317073171,190.39690476190475,320.9078048780488,332.5090243902439,152.3919512195122,117.00619047619048,254.5751219512195,118.06341463414634,136.96756097560976,3.670714285714286,108.76073170731708,15.149268292682926,6.225853658536585,32.14642857142857,162.22146341463414,55.038536585365854,30.927560975609754,3.5238095238095237,1.8095238095238095,2.0476190476190474,2.0714285714285716,11.166666666666666,11.166666666666666,11.166666666666666,11.166666666666666,2.261904761904762,1.5476190476190477,1.7380952380952381,1.8571428571428572,0.31428571425,0.158333333325,0.17916666665,0.18125,0.06823809523809524,3.119047619047619,90.70714285714286,5,0,42696000,0.032079858,0.721766989,0,1.083,0.468,7.866,7.398,1.278803987,6.58310774,2.694415405,0.232768756,0.242835609,25,150,150,79,68,11,10,10,22,7,4,1.59,1.528666667,1.439299363,0.53,0.752428571,0.3,0.23,0.024780808,0.010450796,22.1153,84.0111,517.7097306,480,215,1138,6.327791508,3.813777685,0,113.2664032,5870,7.587464679,1.6454,NA,NA,0.084785134,Mahanadi,0.846400023,Humid,Train
8038,32.34982376166667,19.860502416666666,26.105194383809526,387.27491654761906,283.9346554452381,0.8318948839761905,0.015550374023809524,1.9117139933333334,57.847358528095235,13.974861178166666,66.22358163738095,172.1907490452381,525.5547020238096,1266.8030952380952,1014.1814285714286,626.5516666666666,136.57785714285714,272.4478571428572,27.902051727380954,32.38093362585366,37.77005567341463,30.516885245365852,12.811158811904761,23.97908036780488,22.486444857560976,18.036437425609755,20.35653947904762,28.180037984390243,30.12830593878049,24.27679328195122,31.659761904761904,1134.149756097561,61.80975609756098,69.30926829268293,203.77761904761905,328.0409756097561,341.689756097561,160.4390243902439,118.6002380952381,259.1319512195122,119.22390243902439,141.98463414634148,3.999047619047619,108.72707317073171,19.95926829268293,7.12609756097561,29.787142857142857,167.41268292682926,50.590731707317076,30.575853658536587,3.880952380952381,1.7619047619047619,1.8571428571428572,2.1904761904761907,11.166666666666666,11.166666666666666,11.166666666666666,11.166666666666666,2.2857142857142856,1.5952380952380953,1.7857142857142858,2.0476190476190474,0.346130952325,0.155654761925,0.162499999975,0.20059523805,0.7882142857142858,305.4047619047619,16088.854761904762,176,0,20665105030,0.086492949,0.717159969,0,1.151,0.131,8.024,7.892,4.786539424,12.97948817,5.090883258,0.216137685,0.220830689,25,150,150,79,68,11,10,10,22,7,4,1.59,1.504176123,1.401121678,0.53,0.671644424,0.3,0.299886903,0.021685737,0.008789246,20.5894,84.7833,358.4428147,310,41,1321,5.832801794,2.362890244,0,180.815567,124450,5.499013291,1.7687,NA,NA,0,Mahanadi,0.838699996,Humid,Train
9002,32.788530304761906,21.41314968714286,27.100843314285715,394.79896430714285,303.6580636595238,0.3662508716190476,0.08583201328571428,3.5904777484761907,53.00705155595238,9.587069437047619,59.49785298357143,135.09351015952382,444.2428468952381,644.0338095238095,1037.987380952381,540.3671428571429,145.27119047619047,210.86690476190475,30.556634675238094,32.319024390487805,37.15027306439024,30.350463814634146,17.592537296666666,23.009790084146342,23.61405355292683,20.519556177317074,24.074628310238094,27.664410235365853,30.382163308536587,25.434938024878047,18.784285714285716,397.77585365853656,76.58463414634146,166.1390243902439,233.6654761904762,338.3980487804878,326.99634146341464,158.5451219512195,98.5304761904762,232.2951219512195,89.55414634146341,130.76390243902438,4.133809523809524,93.94658536585366,33.32219512195122,17.3109756097561,22.096666666666668,111.83,32.85219512195122,48.69219512195122,4.5,1.380952380952381,1.4047619047619047,1.4761904761904763,11.166666666666666,11.166666666666666,11.166666666666666,11.166666666666666,2.8095238095238093,1.2619047619047619,1.2619047619047619,1.380952380952381,0.40773809525,0.12529761905,0.13035714285,0.1395833333,0.6777380952380953,310.42857142857144,3260.4,15,5677.97,1579183208,0.072143647,0.716155998,0,0.647,0.156,7.379,7.223,6.14623335,21.79605522,7.405034158,0.217849592,0.234277733,25,150,150,47,39,29,27,24,34,9,8,1.39,1.350331754,1.298505535,0.86,0.913902054,0.38,0.343372828,0.026479967,0.013834378,14.5722,78.8,458.9351632,432,118,1441,5.176799953,2.150133371,0,117.0291443,37981,4.846242404,2.0475,-0.03,-0.093333333,0.173054588,Pennar,0.358799994,Semi_arid,Train
9008,34.18174284761905,22.826759845238094,28.504226292142857,402.5573888642857,294.72215778333333,0.2648976123095238,-0.08836452469047619,2.8576894495238094,57.783511685,9.890095058666667,57.37170430547619,139.60352162142857,457.60164932619045,774.55,1051.5933333333332,601.9861904761905,132.59880952380954,214.4402380952381,31.468236966666666,34.161749300243905,38.49682926804878,31.636721311707316,18.631093773333333,24.74585765707317,25.06755567317073,21.772946821463414,25.049667659285713,29.453830467804877,31.782136797560977,26.704742103414635,44.36047619047619,400.0480487804878,70.47268292682926,277.47829268292685,230.51500000000001,345.59707317073173,341.9758536585366,153.53170731707317,145.25714285714287,237.16390243902438,95.05634146341464,135.64853658536586,4.6207142857142856,88.74463414634147,25.544878048780486,16.81,25.87095238095238,120.17414634146341,28.465121951219512,44.52926829268293,4.166666666666667,1.5238095238095237,1.5952380952380953,1.119047619047619,11.166666666666666,11.166666666666666,11.166666666666666,11.166666666666666,2.6666666666666665,1.380952380952381,1.5476190476190477,1.0952380952380953,0.378571428525,0.1398809524,0.1455357143,0.108333333375,0.3754047619047619,2,31.6,0,0,47355000,0.033265306,0.720407504,0,1.001,0.17,7.488,7.317,6.245156981,16.98885427,5.997807743,0.239106376,0.250951073,25,150,150,47,39,29,27,24,34,9,8,1.39,1.39,1.33,0.86,1.063294118,0.38,0.236941176,0.031926902,0.01437236,14.7211,79.0189,312.3976994,264,114,875,10.85645211,3.040747881,0,113.0923309,2486,7.710087245,1.2228,0.057971014,-0.033333333,0.216027875,Pennar,0.377600014,Semi_arid,Train
9012,32.017252397142855,20.61158359095238,26.314438631190477,390.2449428404762,307.2538966190476,0.4984744251904762,0.037378347404761904,3.8653065653333334,52.30551325166667,9.353047721380952,57.89658806595238,128.3922142904762,427.0318347333333,575.8854761904762,1019.5466666666666,514.0371428571428,145.2147619047619,209.84119047619046,30.214661124761903,31.10693322585366,36.42896606560976,29.742574969512194,17.0101789,21.984232307317072,22.841495228536584,19.795613754390242,23.612554419761906,26.5455757697561,29.635217391707318,24.769016393414635,13.920238095238096,353.15365853658534,81.25170731707317,141.26634146341465,233.41809523809525,327.91951219512197,318.36926829268293,159.01365853658535,84.80761904761904,224.18536585365854,87.99512195121952,127.5180487804878,4.427619047619047,90.59829268292683,36.26390243902439,17.35878048780488,21.812142857142856,102.58585365853658,38.62560975609756,51.40365853658537,4.761904761904762,1.4047619047619047,1.4761904761904763,1.6428571428571428,11.166666666666666,11.166666666666666,11.166666666666666,11.166666666666666,2.9761904761904763,1.2142857142857142,1.3571428571428572,1.619047619047619,0.4306547619,0.1273809524,0.13958333335,0.15416666665,0.8460714285714286,157.88095238095238,1694.6285714285714,12,0,603936584,0.020607852,0.722148556,0,0.569,0.227,1.578,1.352,1.629664055,23.64532803,7.524214314,0.220219573,0.240751984,25,150,150,47,39,29,27,24,34,9,8,1.39,1.367159905,1.312525773,0.86,0.87575179,0.38,0.361622912,0.022698181,0.011946144,14.9222,78.0028,548.8594773,544,225,1441,4.163808856,2.039795637,0,117.0291443,12482,4.249233595,1.6431,0.575757576,-0.377777778,0.089430894,Pennar,0.25060001,Semi_arid,Train
