gauge_id,num_dams,res_store_sum,n_dams,first_dam_year,last_dam_year,total_storage,reservoir_index,irrigation_frac,hydroelec_frac,drinking_frac,flood_frac,overflow_frac,navigation_frac,tailing_frac,pop_density_2000,pop_density_2005,pop_density_2010,pop_density_2015,pop_density_2020,urban_frac_1985,urban_frac_1995,urban_frac_2005,crops_frac_1985,crops_frac_1995,crops_frac_2005,geol_porosity,geol_permeability,carb_rocks_frac,lai_mean,lai_min,lai_max,lai_diff,soil_depth,soil_conductivity_top,soil_conductivity_sub,soil_awc_top,soil_awc_sub,soil_awsc_min,soil_awsc_max,soil_awsc_major,sand_frac_top,sand_frac_sub,silt_frac_top,silt_frac_sub,clay_frac_top,clay_frac_sub,gravel_frac_top,gravel_frac_sub,bulkdens_top_major,bulkdense_top_mean,bulkdens_sub_mean,org_carb_top_major,org_carb_top_mean,org_carb_sub_major,org_carb_sub_mean,organic_frac_top,organic_frac_sub,wtd,cwc_lat,cwc_lon,elev_mean,elev_median,elev_min,elev_max,slope_mean,slope_median,slope_min,slope_max,cwc_area,dpsbar,sinuosity,region
3002,0,0,1,1982,1982,860000,0.000687915,1,0,0,0,0,0,0,117.1116196,132.9381333,151.3520174,161.9083857,171.5353851,0.002045901,0.00236185,0.002698517,0.467925975,0.498614485,0.510138862,0.040716875,0.725922514,0,1.185,0.519,7.231,6.712,1.230545152,11.61800458,4.103030655,0.228572654,0.23985179,150,150,150,79,68,11,10,10,22,7,4,1.59,1.59,1.45,0.53,0.53,0.3,0.3,0.022702837,0.009654721,-0.895145957,19.2967,81.7889,622.653992,625,535,783,3.028556683,2.68021369,0,39.35842133,1968,2.54963375,1.6297,Humid
3005,109,57631.899,177,1903,2013,10731908100,0.507788022,0.928961749,0.016393443,0.005464481,0.027322404,0.005464481,0,0,210.474674,222.4414516,234.0552992,249.9443627,265.1050572,0.00651266,0.006843618,0.006950115,0.4922805,0.4800817,0.487042115,0.045582805,0.729256467,0,1.152,0.258,7.773,7.515,3.750493971,6.795325139,2.955743283,0.19661467,0.195693625,25,150,125,16,15,29,28,55,57,4,5,1.21,1.273247911,1.218816101,0.75,0.956512535,0.45,0.320389972,0.020041878,0.007881991,-0.098990671,19.6867,79.7856,404.3925749,338,144,1204,3.946640423,2.074370861,0,116.3840637,50990,4.225263319,2.4396,Humid
3008,211,151909.551,315,1800,2016,6605221178,0.688826382,0.946031746,0.006349206,0,0.003174603,0,0,0.003174603,202.0284066,214.6487951,229.1077083,240.6401601,254.3816375,0.004876843,0.010087903,0.010749224,0.744807418,0.738861557,0.768538932,0.098231527,0.744677505,0,0.831,0.202,7.525,7.323,2.611732908,8.152887028,3.780944487,0.197109513,0.194444501,25,150,125,16,15,29,28,55,57,4,5,1.21,1.25834891,1.232137931,0.75,0.874087227,0.45,0.409426791,0.016114092,0.00723606,-0.091358628,19.8139,79.3794,364.6207389,344,106,946,3.274947583,1.779052377,0,108.7554245,46020,3.437317544,1.9406,Dry_sub_humid
3009,18,5140.52,29,1967,2015,264259000,1.430794086,0.966666667,0,0,0,0,0,0,238.2951314,258.7800073,279.3332748,303.7983631,328.1593731,0.001929539,0.003011963,0.003572,0.783402201,0.783124535,0.82551321,0.090000004,0.749894209,0,0.616,0.364,0.909,0.545,1.435415868,10.80440007,4.368577098,0.204403291,0.205039382,125,150,125,21,18,28,28,51,54,5,5,1.23,1.220277778,1.215138889,0.97,0.863055556,0.45,0.45,0.01703139,0.008369872,-1.220475747,18.705,77.545,493.5038492,498,353,668,3.499383645,2.666912317,0,29.10052299,2105,4.176664222,1.438,Dry_sub_humid
3013,1,0,4,1986,2001,130165000,0.122752517,1,0,0,0,0,0,0,109.5540525,112.3402763,118.9853488,123.5707934,129.2423627,0.003333857,0.004204242,0.004223095,0.378931658,0.397388845,0.43743912,0.128084289,0.724564658,0,1.106,0.311,7.498,7.188,4.385316456,8.3316246,3.67640341,0.213247774,0.21100175,125,150,150,47,39,29,27,24,34,9,8,1.39,1.377636364,1.321272727,0.86,0.884727273,0.38,0.398181818,0.021743015,0.008641142,-1.363499504,19.3303,79.5042,375.99271,384,160,656,8.145506079,4.588329315,0,70.93083954,3100,8.120645244,1.2685,Dry_sub_humid
3014,18,0,29,1970,2015,827734800,,0.8125,0,0,0.03125,0,0,0.03125,169.6346023,178.6250858,189.7035222,198.485589,209.0519786,0.003627298,0.003627298,0.003609262,0.668132282,0.626318152,0.727966669,0.090410983,0.749866916,0,0.855,0.378,7.525,7.147,1.955931662,5.83445953,2.754328894,0.195200393,0.187543885,25,125,125,16,15,29,28,55,57,4,5,1.21,1.255780347,1.212706767,0.75,0.946069364,0.45,0.345953757,0.016045611,0.006413868,-0.541485631,21.1072,78.1331,470.677791,434,287,946,4.402450513,2.301902294,0,108.7554245,5000,5.187127927,1.8945,Semi_arid
3017,1,0,1,1981,1981,1249000,0.000798313,1,0,0,0,0,0,0,73.14753724,68.98930528,68.52158714,76.65371349,85.45797956,0,0,0,0.445131466,0.516540532,0.578391979,0.015526509,0.723336015,0,1.216,0.722,1.949,1.227,1.174319066,11.77083012,3.996230286,0.228418916,0.237775545,150,150,150,79,68,11,10,10,22,7,4,1.59,1.59,1.45,0.53,0.53,0.3,0.3,0.022231584,0.009198221,-3.087911394,19.6464,81.4861,650.2287689,637,570,843,4.763498273,3.461853504,0,52.77690506,890,3.81918252,1.4176,Humid
3018,10,0,16,1966,2013,9386405000,1.144136011,0.727272727,0.181818182,0,0.045454545,0,0,0,125.4610188,136.5062879,148.9530958,161.4473264,174.5188517,0.004521385,0.005448122,0.00588286,0.454130427,0.475663295,0.503927373,0.089134996,0.730889696,0,1.188,0.222,7.231,7.009,1.780813927,12.11851305,4.176134565,0.234406933,0.24469977,25,150,150,79,68,11,10,10,22,7,4,1.59,1.557483871,1.440452962,0.53,0.614193548,0.3,0.275548387,0.025245705,0.010628702,-0.358396832,19.0794,81.3011,644.8308084,617,327,1381,6.741576508,3.336306095,0,92.39456177,17270,4.916892403,1.4907,Humid
3019,15,0,33,1966,2015,869887000,3.849084142,0.916666667,0,0,0.027777778,0,0,0,234.4791334,254.2439991,267.7656516,294.7533284,313.5595531,0.003375506,0.004645857,0.004697708,0.830457327,0.828315877,0.834118013,0.089812772,0.749829554,0,0.645,0.388,0.934,0.546,1.334456613,12.48132708,4.86601617,0.206575356,0.21052653,125,150,150,21,18,28,28,51,54,5,5,1.23,1.225223881,1.21761194,0.97,0.917462687,0.45,0.45,0.017601217,0.008326878,-1.365900681,18.5622,77.5831,500.7325705,503,357,688,3.77639872,2.828687668,0,32.14984512,1900,4.906524009,1.4707,Dry_sub_humid
3020,130,0,235,1904,2015,6362319473,5.780322899,0.923766816,0.044843049,0,0,0.004484305,0,0,284.2067187,310.4125429,340.1264952,372.3196828,408.535,0.004608332,0.008369218,0.009772509,0.781628211,0.822093537,0.84581721,0.090000004,0.749894209,0,0.679,0.176,7.672,7.495,1.804956014,8.527885281,3.66008193,0.21159166,0.215844699,50,150,125,16,15,29,28,55,57,4,5,1.21,1.247988722,1.243731203,0.75,0.907349624,0.45,0.468552632,0.017827406,0.008599711,-0.166479169,19.2203,76.3633,577.5161957,553,385,1528,4.015958201,1.686703444,0,156.9631348,30840,4.78567691,1.5399,Semi_arid
3024,3,0,4,1928,1999,25040000,0.300530681,1,0,0,0,0,0,0,211.4197338,222.0000517,232.6773113,243.762114,253.3969448,0.002527533,0.002527533,0.002506529,0.479139098,0.486658685,0.513467342,0.017277827,0.72519627,0,0.906,0.556,7.169,6.613,1.690381332,11.76739454,5.066202338,0.217933247,0.219641942,125,150,125,20,20,24,22,56,58,2,4,1.22,1.232830189,1.219056604,1.2,1.174339623,0.63,0.611132075,0.017835257,0.007467895,-2.193312257,18.8289,78.4367,429.5074944,409,314,667,3.422843514,1.968824387,0,45.60498047,1360,4.278484476,1.2752,Dry_sub_humid
3028,86,0,120,1800,2016,2241450478,0.609092255,0.94214876,0,0,0.008264463,0,0,0.008264463,201.8631925,212.8372046,225.369336,233.6812987,243.5831491,0.00646262,0.011374011,0.012019271,0.768450179,0.75215124,0.78924989,0.099191336,0.748053651,0,0.829,0.202,7.525,7.323,2.200939457,7.110031245,3.303502394,0.194915225,0.188592921,25,150,125,16,15,29,28,55,57,4,5,1.21,1.250043541,1.211970803,0.75,0.922249637,0.45,0.368011611,0.015299102,0.006448727,-0.148245618,19.9472,79.0892,336.4648941,309,118,946,2.84445725,1.600147367,0,108.7554245,21429,3.358350356,1.7484,Dry_sub_humid
3029,137,0,259,1904,2015,6453951473,4.887640704,0.931174089,0.04048583,0,0,0.004048583,0,0,282.5074078,308.7243963,338.2165803,369.9529764,405.4706812,0.004589848,0.008158382,0.009450035,0.784557845,0.82321662,0.846759481,0.090000004,0.749894209,0,0.678,0.176,7.672,7.495,1.78638492,8.566849488,3.691248425,0.210827734,0.214799173,50,150,125,16,15,29,28,55,57,4,5,1.21,1.245476603,1.241325823,0.75,0.900034662,0.45,0.467105719,0.017700682,0.008580069,-0.150406271,19.0217,76.7292,568.8862464,546,364,1528,3.951173212,1.686703444,0,156.9631348,33934,4.777294299,1.6092,Semi_arid
3030,43,0,67,1800,2016,1544280088,1.048609061,0.898550725,0,0,0.014492754,0,0,0.014492754,180.6864545,190.0114453,198.2191109,210.542092,221.2261006,0.004701385,0.005151539,0.0052796,0.762802204,0.741090069,0.796053397,0.090199027,0.749880992,0,0.8,0.32,7.525,7.205,1.743386859,6.685943174,3.071089135,0.195612705,0.18785631,25,150,125,16,15,29,28,55,57,4,5,1.21,1.240422535,1.212772277,0.75,0.868760563,0.45,0.383295775,0.014869009,0.006238748,-0.292845741,20.5472,78.3247,394.5460203,366,232,946,3.247171636,1.738614082,0,108.7554245,10240,3.912982292,1.7458,Dry_sub_humid
3031,7,0,11,1966,2004,9310695000,2.55172471,0.647058824,0.235294118,0,0.058823529,0,0,0,175.1533514,193.0740808,211.1250393,229.0091958,246.5426846,0.008080076,0.009568009,0.010237034,0.561042044,0.586060302,0.605263086,0.085478616,0.730483488,0,1.058,0.222,2.419,2.197,2.030496532,13.29492581,4.415606574,0.238609529,0.249355079,150,150,150,79,69,7,10,12,23,10,10,1.56,1.546929134,1.428385827,0.53,0.578070866,0.26,0.294724409,0.025360862,0.00954588,-0.897086864,19.1081,82.0228,696.9948081,622,532,1381,8.794801201,3.578038216,0,92.39456177,7380,5.208365232,1.3796,Humid
3038,22,0,42,1800,2003,215991000,0.428956028,0.95,0.025,0,0,0,0,0,247.0582145,264.0162757,289.5941228,312.8120036,336.884281,0.006495564,0.006495564,0.006464444,0.935618663,0.934328603,0.943786212,0.090000004,0.749894209,0,0.729,0.411,1.012,0.601,1.450296398,6.583948882,3.42375458,0.197464273,0.196987073,125,150,125,16,15,29,28,55,57,4,5,1.21,1.212580645,1.211290323,0.75,0.778387097,0.45,0.45,0.016639052,0.009856686,-0.978706253,19.9611,77.1481,562.8214101,550,468,740,2.0887937,1.622219443,0,19.44652748,3515,2.525515799,1,Dry_sub_humid
3040,6,0,7,1976,2001,2328444000,2.324730531,1,0,0,0,0,0,0,160.369282,175.6438869,188.5570648,202.8207958,219.7997772,0.001255308,0.001255308,0.001245501,0.670193952,0.636689648,0.541554294,0.100046621,0.749108874,0,0.856,0.342,7.127,6.785,1.802849741,6.589595868,2.670101024,0.191409419,0.184475753,25,125,125,16,15,29,28,55,57,4,5,1.21,1.213302752,1.21,0.75,0.761926606,0.45,0.441743119,0.019469641,0.007678467,-0.791065859,22.3819,79.9,611.5832207,605,430,1028,4.253159706,2.451529264,0,59.14565659,2970,4.900251163,2.473,Humid
3043,714,0,1273,1781,2016,53637530255,0.666294955,0.934504792,0.023961661,0.000798722,0.007188498,0.002396166,0,0.000798722,195.0235211,208.6969785,223.5061518,239.3832197,256.4679198,0.005011786,0.007263582,0.007798056,0.581058327,0.585591442,0.608963393,0.077398655,0.735270684,0,1.026,0.124,9.039,8.914,3.825011559,10.42260393,4.123374857,0.213331058,0.216743394,25,150,125,16,15,29,28,55,57,4,5,1.21,1.326664124,1.282099436,0.75,0.862783436,0.45,0.384226559,0.020626613,0.009128968,-0.025106612,17.4875,81.3875,436.1068997,425,11,1664,4.773591943,2.108379364,0,156.9631348,305460,4.78890407,1.5838,Humid
3045,8,0,13,1781,2000,6478365000,0.440403083,0.65,0.25,0,0,0,0,0,95.1988825,102.6840193,110.5158602,118.9770089,129.6596602,0.006416466,0.006993072,0.006435654,0.399812455,0.400079111,0.399447403,0.055111263,0.727287884,0,1.436,0.124,7.819,7.695,2.806883519,14.75410996,4.990978209,0.247452651,0.262699952,125,150,150,79,69,7,10,12,23,10,10,1.56,1.570373027,1.449268293,0.53,0.51954089,0.26,0.27615495,0.030244353,0.012376322,-0.588009304,17.7989,81.3928,563.6983117,557,34,1664,12.76588259,6.248775005,0,141.7036743,19550,10.63455307,2.2906,Humid
3047,0,0,1,1966,1966,29820000,,1,0,0,0,0,0,0,177.1438464,194.0604629,210.9628425,229.4222144,250.5423137,0.008569569,0.010922468,0.012821508,0.702483682,0.727863938,0.753238222,0.059087925,0.727720766,0,1.005,0.404,2.2,1.796,1.235634959,12.44982911,4.216971963,0.227862195,0.234266143,150,150,150,79,68,11,10,10,22,7,4,1.59,1.541724138,1.421034483,0.53,0.609655172,0.3,0.319310345,0.02236233,0.009122186,-1.174853495,19.2772,82.2333,617.5735212,610,549,929,3.362185956,2.458771706,0,65.47418976,1635,2.686543824,1.8809,Humid
3048,9,0,21,1910,2002,2557026000,0.804268499,0.875,0,0,0.125,0,0,0,137.5692441,149.5004961,163.8468582,174.5393181,188.4434726,0.000520825,0.000520825,0.000524384,0.50525037,0.425225978,0.374978793,0.059129598,0.737313059,0,1.113,0.261,7.773,7.512,1.736550038,5.965686731,2.33068551,0.19029348,0.184216555,25,125,125,16,15,29,28,55,57,4,5,1.21,1.234080268,1.21,0.75,0.836956522,0.45,0.389799331,0.021808495,0.008053358,-0.430109572,21.8842,80.175,533.1835456,533,291,1028,4.506841448,2.515959978,0,73.57512665,8070,5.08582885,3.6946,Humid
3055,350,0,685,1904,2016,18451821187,3.299824431,0.941448382,0.024653313,0,0.003081664,0.003081664,0,0,263.4801236,285.4695457,309.4949362,335.7767207,364.2452316,0.005060637,0.007487469,0.008407433,0.780369805,0.794331439,0.823671861,0.079210438,0.744291113,0,0.718,0.176,7.674,7.497,2.945181965,10.82044303,4.374306931,0.209242895,0.211747138,50,150,125,16,15,29,28,55,57,4,5,1.21,1.249066013,1.237665033,0.75,0.871333142,0.45,0.460622133,0.017196305,0.008337123,-0.057915961,18.8358,79.4447,518.0094385,521,124,1528,3.206468379,1.738614082,0,156.9631348,102900,3.791222333,1.5659,Dry_sub_humid
3056,13,0,19,1970,2013,178508000,0.545321669,0.95,0,0,0,0,0,0,196.1693127,212.9765589,228.2852367,244.7155115,262.4183615,0.003352766,0.003352766,0.003384697,0.826518324,0.824584211,0.836558375,0.090000004,0.749894209,0,0.739,0.36,6.96,6.6,1.73822563,7.452358873,3.595720421,0.193415568,0.192070384,125,150,125,16,15,29,28,55,57,4,5,1.21,1.217733333,1.215066667,0.75,0.760266667,0.45,0.4472,0.015117644,0.007502273,-0.972945362,20.1889,77.9869,395.478865,392,284,570,2.807563656,2.004624128,0,29.94551849,2500,3.008478088,1.7628,Dry_sub_humid
3057,12,0,18,1966,2013,9388576000,,0.75,0.166666667,0,0.041666667,0,0,0,107.5497882,116.622201,126.779213,137.1785581,147.8130835,0.003863155,0.004556884,0.004883148,0.425600864,0.44183627,0.46327235,0.079467795,0.729883567,0,1.302,0.222,7.405,7.183,1.857637372,11.9385006,4.185650408,0.235973486,0.246535615,25,150,150,79,68,11,10,10,22,7,4,1.59,1.550120337,1.443849315,0.53,0.646823105,0.3,0.259518652,0.02639274,0.011426289,-0.319128697,19.2989,80.6892,597.9588149,601,232,1381,7.275514278,3.602800131,0,141.7273865,24210,5.37025309,1.529,Humid
3064,30,0,33,1870,2009,572800000,0.651846296,1,0,0,0,0,0,0,259.4818054,277.4069605,304.2184633,304.6986659,317.1076508,0.011692937,0.013148833,0.013100884,0.67002162,0.662310603,0.683643401,0.095626332,0.748234271,0,0.871,0.202,7.41,7.208,2.001569038,5.997439876,3.070005572,0.19304477,0.186937477,25,125,125,16,15,29,28,55,57,4,5,1.21,1.289875,1.21,0.75,1.0384375,0.45,0.2503125,0.016781297,0.006429012,-0.428470236,20.5256,78.8089,311.3618006,287,198,604,3.0987321,1.738614082,0,50.5518837,4580,3.355240838,1.6284,Dry_sub_humid
3068,7,0,9,1981,2004,9280365000,4.406366982,0.6,0.266666667,0,0.066666667,0,0,0,129.3517451,141.5059892,151.6409927,163.8179565,178.1185497,0.004787459,0.006693704,0.00719894,0.45119823,0.487698169,0.482367239,0.03262638,0.72501839,0,1.148,0.222,2.419,2.197,1.648511577,14.35057105,4.819316521,0.247992395,0.263294941,150,150,150,81,69,7,8,12,23,10,10,1.56,1.561111111,1.44031746,0.53,0.533809524,0.26,0.267301587,0.028349158,0.010305934,-2.427643531,19.1975,82.5119,797.434246,820,550,1381,14.73772118,11.32103443,0,92.39456177,3545,7.94759027,1.4391,Humid
3071,15,0,25,1966,2013,9473439000,0.20312634,0.806451613,0.129032258,0,0.032258065,0,0,0,83.96544955,90.95862081,98.8287318,106.5153199,114.7572736,0.002456347,0.002884263,0.003084231,0.333191465,0.343722261,0.357951824,0.073337589,0.729409181,0,1.443,0.222,7.405,7.183,2.518205367,11.03869382,3.968048901,0.233300202,0.24277354,25,150,150,79,68,11,10,10,22,7,4,1.59,1.519091586,1.432788921,0.53,0.756634401,0.3,0.244951601,0.027225282,0.011849321,-0.204215986,18.8525,80.3494,511.0164068,556,88,1381,7.27582219,3.587963581,0,141.7273865,40000,5.563897221,1.6895,Humid
3072,88,0,147,1903,2013,8873871100,0.792831159,0.922077922,0.012987013,0.006493506,0.032467532,0.006493506,0,0,241.1447479,255.7261003,270.0561482,290.1192281,309.2551382,0.008550251,0.009023489,0.00918105,0.537717084,0.519995787,0.517768259,0.045683363,0.732446331,0,1.086,0.258,7.773,7.515,2.7122133,5.904816566,2.544215792,0.193136605,0.188628166,25,150,125,16,15,29,28,55,57,4,5,1.21,1.263106181,1.217675393,0.75,0.90951664,0.45,0.337083994,0.019844708,0.007617778,-0.140651446,20.7931,79.6483,468.3029417,441,172,1204,4.328535854,2.270793915,0,116.3840637,35520,4.890238699,3.2119,Humid
3073,702,0,1246,1800,2016,46647080665,0.735450851,0.939294504,0.020508614,0.000820345,0.007383101,0.002461034,0,0.000820345,210.0474983,224.8625571,240.8843648,258.1330272,276.5416346,0.005068248,0.007435712,0.008057186,0.620170218,0.624909289,0.649274569,0.076415275,0.736692162,0,0.964,0.151,9.039,8.888,3.627062876,9.742901882,3.968127711,0.209120768,0.211048165,25,150,125,16,15,29,28,55,57,4,5,1.21,1.304661597,1.265220633,0.75,0.88390503,0.45,0.392079358,0.019460909,0.008718803,-0.025312832,18.5872,80.3958,442.1184399,436,70,1528,4.016613144,1.968824387,0,156.9631348,268200,4.128463358,1.5659,Dry_sub_humid
3074,106,0,163,1800,2013,3930170200,0.972673191,0.950310559,0.00621118,0,0,0,0,0,199.0794392,214.5412231,232.3515214,248.5096569,266.4827532,0.003254807,0.003254807,0.003256837,0.761827339,0.759579006,0.785137056,0.089756101,0.748835025,0,0.789,0.307,7.518,7.211,1.871447847,8.582085447,4.021389217,0.198268881,0.19801421,100,150,125,16,15,29,28,55,57,4,5,1.21,1.265,1.246578947,0.75,0.789078947,0.45,0.428815789,0.016512838,0.007974303,-0.245576935,19.8175,78.5778,426.1884199,422,196,740,3.582409309,1.968824387,0,64.86959076,18441,3.424198559,2.1009,Dry_sub_humid
3075,714,0,1276,1781,2016,53752544621,0.66786198,0.93460925,0.023923445,0.000797448,0.007177033,0.002392344,0,0.000797448,193.9670972,207.5590745,222.2733758,238.0538365,255.0363527,0.004978548,0.007215293,0.007746162,0.577688124,0.582256949,0.60570202,0.076947909,0.735186367,0,1.034,0.124,9.039,8.914,3.807952422,10.42769776,4.120596253,0.213633735,0.217119196,25,150,125,16,15,29,28,55,57,4,5,1.21,1.328181129,1.283239987,0.75,0.860590071,0.45,0.383430733,0.020761731,0.009177322,-0.02547508,17.2519,81.6564,435.9732298,425,10,1664,4.900445601,2.133529902,0,156.9631348,307800,4.870795457,1.5787,Humid
3076,1,0,2,1977,1985,3686000000,1.433980886,0.5,0.25,0,0,0,0,0,127.5983954,144.5303387,159.2493789,173.8998812,185.9598119,0.026426917,0.026426917,0.019096513,0.644641398,0.644641398,0.621679608,0.041774809,0.725752581,0,1.285,0.694,2.321,1.628,1.924723757,17.37066548,6.156679963,0.243813043,0.257827794,150,150,150,79,70,10,10,11,20,4,8,1.57,1.574390244,1.455365854,0.5,0.51097561,0.28,0.283414634,0.028005886,0.010865542,-4.174546375,18.1894,81.7981,250.5249929,203,128,1021,9.527590105,3.244438887,0,138.817337,1120,7.63783968,1.305,Humid
3079,80,0,135,1935,2015,3269361590,5.14144087,0.964285714,0.017857143,0,0,0,0,0,219.664336,245.0104949,267.6658068,301.6897832,333.9417095,0.002342792,0.003429489,0.003721619,0.876956455,0.878250264,0.902567994,0.090000004,0.749894209,0,0.725,0.258,1.099,0.84,1.722077922,7.753627295,3.871782586,0.202763936,0.203407851,125,150,125,16,15,29,28,55,57,4,5,1.21,1.223184358,1.218212291,0.75,0.794040968,0.45,0.446219739,0.015711841,0.008104897,-0.318779202,19.1758,77.0131,534.1974501,531,360,934,2.780564518,1.622219443,0,60.373909,15000,2.872929059,1.5451,Semi_arid
3081,10,0,22,1917,2009,1391141000,0.482186524,0.952380952,0,0,0.047619048,0,0,0,206.9526533,217.3959038,227.4023752,243.1754937,258.9495648,0.002754117,0.002754117,0.003272713,0.41469739,0.415369713,0.424535903,0.046324653,0.73407195,0,1.343,0.318,7.604,7.286,1.32348136,6.813742184,2.582263023,0.206548842,0.206672624,25,150,125,16,15,29,28,55,57,4,5,1.21,1.323544974,1.263129771,0.75,0.915714286,0.45,0.288888889,0.024330771,0.009694576,-0.880409566,21.6256,80.2539,427.4188543,367,273,831,5.764516198,2.803431034,0,116.3840637,5380,5.259061782,2.6064,Humid
3082,5,0,5,1912,1975,312903000,0.451075572,1,0,0,0,0,0,0,138.3364618,142.9980835,143.3040745,151.0987308,158.8734647,0.001706844,0.001706844,0.00169104,0.456375379,0.456375379,0.470035401,0.079402944,0.707798736,0,1.142,0.519,3.038,2.518,1.617858654,8.342547513,3.741220288,0.194116967,0.199066041,25,125,25,43,0,34,0,23,0,26,0,1.39,1.310909091,1.21,1.4,1.114393939,0,0.197727273,0.017432468,0.007227261,-0.793666436,20.1936,79.6656,244.9304481,240,186,461,2.325894175,1.555063725,0,57.40369797,1900,2.184236819,1.374,Humid
3083,0,0,5,1979,1994,28429000,0.036149481,0.833333333,0,0,0.166666667,0,0,0,172.3157843,182.7555037,197.0752672,207.3182461,219.511872,0.001459211,0.002093651,0.002434663,0.527691313,0.552275854,0.488486901,0.049783258,0.731165359,0,1.064,0.423,7.457,7.034,1.264659768,5.106770043,2.488628819,0.196146111,0.194749356,25,150,125,16,15,29,28,55,57,4,5,1.21,1.256292135,1.2125,0.75,0.945393258,0.45,0.343820225,0.01877639,0.007037848,-1.314728829,21.7189,78.8242,693.8264601,721,340,1166,6.413320471,4.118631363,0,65.44865417,2500,7.816444976,1.7234,Dry_sub_humid
3087,214,0,319,1800,2016,6734267178,0.722860188,0.946708464,0.006269592,0,0.003134796,0,0,0.003134796,199.1780533,211.6454381,225.9280223,237.1408278,250.5186315,0.004763424,0.009875732,0.010518041,0.732161439,0.72658974,0.756848573,0.10132834,0.7441475,0,0.844,0.202,7.525,7.323,2.848137054,8.217030005,3.788738734,0.197385023,0.194808969,25,150,125,16,15,29,28,55,57,4,5,1.21,1.257875303,1.231923848,0.75,0.882124697,0.45,0.414794189,0.016207238,0.007244672,-0.089058528,19.5614,79.6133,360.335766,339,106,946,3.296544637,1.779052377,0,108.7554245,47500,3.43677301,1.9476,Dry_sub_humid
3089,4,0,11,1907,2009,377527000,0.538943452,1,0,0,0,0,0,0,198.9622126,207.5732564,218.0448843,223.7619709,233.3303206,0.002635809,0.002635809,0.002658289,0.413479155,0.413479155,0.426045612,0.02525193,0.72583263,0,1.287,0.559,2.662,2.103,1.475247525,7.904328928,3.185442911,0.203624636,0.20966904,25,125,125,16,15,29,28,55,57,4,5,1.21,1.292857143,1.21,0.75,1.049206349,0.45,0.242857143,0.021157431,0.009283881,-0.95850673,20.9122,79.9264,293.4224974,278,227,712,3.805274959,1.885791779,0,65.85194397,1800,2.703522828,1.4757,Humid
3092,3,0,4,1781,1988,1221315000,0.236110748,0.666666667,0.166666667,0,0,0,0,0,146.6329625,158.3784311,170.5154742,183.6810306,202.1844582,0.00909164,0.011391037,0.011181109,0.481346834,0.469885168,0.478637392,0.095210124,0.731400325,0,1.234,0.124,7.819,7.695,1.301015551,13.43006072,4.495034882,0.246364692,0.26121909,150,150,150,79,69,7,10,11,20,4,8,1.56,1.572102273,1.45,0.53,0.519261364,0.26,0.278522727,0.028214021,0.011465124,-1.197269249,18.6125,82.1428,710.3047632,611,231,1655,9.884510772,5.293669701,0,108.2779541,3047,8.515917806,2.8521,Humid
3094,30,0,49,1965,2003,1557837000,0.753039849,0.905660377,0.018867925,0,0.018867925,0.018867925,0,0,194.3085588,204.9863065,217.7019655,233.6653702,248.0272144,0.004445725,0.005193521,0.005247063,0.587321205,0.592248804,0.590849587,0.061209202,0.735838826,0,0.992,0.423,7.61,7.187,1.779910109,5.072308334,2.651424441,0.193927212,0.189778314,25,150,125,16,15,29,28,55,57,4,5,1.21,1.266844784,1.211355311,0.75,0.969185751,0.45,0.31259542,0.018798166,0.007192976,-0.406576348,21.2167,79.2331,585.2297084,600,206,1204,5.204063309,3.205846071,0,65.44865417,11100,6.256960156,1.9393,Dry_sub_humid
3098,10,0,28,1891,2012,1008739000,0.844982122,1,0,0,0,0,0,0,341.463748,356.1586735,371.7987185,388.3655707,405.4660607,0.00767339,0.011851915,0.014005754,0.741762822,0.754490194,0.788383963,0.028623917,0.723693037,0,0.797,0.296,9.039,8.743,2.402783901,14.27881004,5.37666665,0.216173651,0.218619374,25,150,150,47,39,29,27,24,34,9,8,1.39,1.363935927,1.310811456,0.86,0.934370709,0.38,0.402677346,0.019341284,0.009899546,-0.441353077,18.62,79.8044,354.4947294,329,121,664,2.422290984,1.555063725,0,99.94126892,12691,3.417156576,1.7331,Dry_sub_humid
3099,1,0,2,1982,2013,72901000,0.102420707,1,0,0,0,0,0,0,80.53447762,82.63524218,85.98716689,98.20093994,109.0418408,0.000905479,0.000905479,0.000939265,0.396998405,0.410952239,0.43333919,0.144496378,0.7366763,0,1.244,0.341,2.011,1.669,1.240196078,11.57524295,4.230555624,0.229288463,0.238473139,150,150,150,79,68,11,10,10,22,7,4,1.59,1.59,1.45,0.53,0.53,0.3,0.3,0.02325741,0.010320706,-1.173605479,19.2697,81.8839,604.8618883,601,537,904,3.098410555,2.640108347,0,59.96284103,1523,2.947363681,1.241,Humid
3103,327,0,504,1800,2016,17697042278,0.556655578,0.941060904,0.009823183,0.001964637,0.011787819,0.001964637,0,0.001964637,195.842131,207.4631563,219.6771147,232.7697566,246.3487972,0.005378823,0.007827174,0.00816058,0.581338874,0.574505523,0.594982954,0.076008908,0.734882688,0,1.02,0.202,7.773,7.571,4.12252935,7.599471568,3.388028651,0.198215357,0.196653846,25,150,125,16,15,29,28,55,57,4,5,1.21,1.271360726,1.232159425,0.75,0.925813767,0.45,0.375133404,0.018470847,0.00766684,-0.048984764,18.9783,79.9469,372.7931302,331,91,1204,3.749158781,1.941541433,0,116.3840637,108780,3.959094486,1.9813,Humid
3105,2,0,2,,,2171000,0.001371913,1,0,0,0,0,0,0,97.73632486,105.9889097,111.8772299,123.2613705,128.5600044,0.005255259,0.005255259,0.005308666,0.579322905,0.579322905,0.583259008,0.010783791,0.722838127,0,1.374,0.613,4.233,3.62,1.132556131,12.78736796,4.484142017,0.237080409,0.248037508,150,150,150,79,70,10,10,11,20,4,8,1.57,1.576060606,1.456969697,0.5,0.509090909,0.28,0.286060606,0.02485234,0.009485998,-2.55718144,19.0122,81.2325,536.6128328,526,318,1266,8.681332009,5.105587482,0,109.1317978,1700,7.544662291,1.8589,Humid
3107,0,0,0,,,0,0,,,,,,,,70.91585879,74.21789777,79.22798474,83.86827204,89.25656151,0,0,0,0.214817125,0.214612986,0.226657216,0.011112688,0.723140248,0,1.629,0.625,2.736,2.111,1.575317604,7.827585108,3.237537249,0.2142846,0.221272841,25,150,25,43,0,34,0,23,0,26,0,1.39,1.389,1.320769231,1.4,1.237166667,0,0.0825,0.024923461,0.009343898,-1.2737393,20.4219,80.0917,300.4933913,277,207,653,5.146057985,2.64683485,0,77.15124512,2600,4.166157484,1.3608,Humid
3109,235,0,430,1904,2015,9860869317,2.925638825,0.943877551,0.030612245,0,0,0.00255102,0,0,273.3085047,299.680414,328.3596577,361.5125462,396.915465,0.004209293,0.006930528,0.00782547,0.818892284,0.843079175,0.866995108,0.090000004,0.749894209,0,0.693,0.176,7.672,7.495,1.80952309,8.503600413,3.795153495,0.207602723,0.21011685,50,150,125,16,15,29,28,55,57,4,5,1.21,1.237707317,1.233051491,0.75,0.858163155,0.45,0.457579687,0.016974237,0.008358316,-0.103712217,19.0439,77.4556,544.6849962,529,333,1528,3.482685332,1.622219443,0,156.9631348,53630,4.087877415,1.6534,Semi_arid
4003,65,0,82,1872,2013,4665616125,0.573835699,0.879518072,0.108433735,0,0,0,0,0,340.1574695,354.125735,368.6783675,384.2586437,400.213022,0.003128296,0.008381805,0.00855475,0.661840023,0.675301588,0.674185891,0.090000004,0.749894209,0,0.89,0.222,8.953,8.731,1.266406932,11.37536734,4.119745645,0.239529851,0.257178395,25,150,150,16,15,29,28,23,57,4,5,1.21,1.314251781,1.284028777,0.75,1.107149644,0.45,0.46807601,0.02710344,0.012031493,-0.681495653,16.7808,74.6333,721.8716281,691,526,1440,8.977722346,3.35755682,0,132.2944336,12660,12.57268861,1.6184,Semi_arid
4004,57,2793939.716,62,1888,2014,8972450545,1.725281159,0.8,0.04,0.013333333,0.026666667,0,0.026666667,0,215.4453138,227.1872522,239.6495939,252.7493895,266.848534,0.002043098,0.003474084,0.007481203,0.706967998,0.701064938,0.71036449,0.015892988,0.723402709,0,0.837,0.161,8.069,7.908,2.764856111,20.32526208,6.886243648,0.228549104,0.244806958,25,150,150,47,39,29,27,24,34,9,8,1.39,1.330994599,1.283245125,0.86,0.871169409,0.38,0.418172521,0.02492548,0.012383281,-0.228952353,15.8833,77.9572,599.9275566,596,269,1903,4.075193371,1.941541433,0,136.8544464,67180,4.980705774,1.6069,Semi_arid
4005,2,0,2,1928,1985,4459000,0.010850257,1,0,0,0,0,0,0,260.8680581,274.636387,295.5524333,311.9290019,332.496217,0.000760758,0.001576987,0.002032649,0.800206039,0.83986449,0.814810999,0.01,0.722769797,0,0.9,0.338,1.688,1.35,1.334775374,16.25486059,5.808781726,0.234777029,0.254369238,125,150,150,47,39,29,27,24,34,9,8,1.39,1.384823529,1.323411765,0.86,0.823176471,0.38,0.384823529,0.020118952,0.009177206,-2.91296478,14.4339,75.7797,662.5685631,650,535,1128,3.601079747,2.108379364,0,91.44982147,2300,3.990233605,1.3041,Semi_arid
4006,15,2034.26,14,1965,2004,1586538714,1.656625344,0.608695652,0.043478261,0.043478261,0.043478261,0.043478261,0.043478261,0.043478261,285.1414279,301.7351856,315.9353832,336.2679743,356.6599053,0.002884601,0.005100916,0.00802741,0.867332293,0.837125772,0.853157651,0.037283423,0.721752342,0,0.661,0.226,4.091,3.866,1.290580495,15.11528292,4.238855304,0.233559976,0.245957928,50,150,150,47,39,29,27,24,34,9,5,1.39,1.345343284,1.293522388,0.86,0.768776119,0.38,0.403522388,0.025902745,0.013720375,-0.829509088,15.8717,75.7228,639.0204977,632,529,1024,2.527074037,1.52037394,0,61.07461929,9373,3.642117193,1.3462,Semi_arid
4007,2,621,11,1898,1963,502355200,0.528994072,0.833333333,0,0,0,0,0,0,742.3164312,806.6607324,880.6155403,974.2904108,1083.626206,0.049589384,0.05112671,0.105376667,0.654208431,0.616235582,0.59737771,0.018372011,0.724665265,0,0.745,0.306,1.547,1.241,1.650211155,18.22836223,6.366689814,0.215834474,0.227148136,125,150,150,47,39,29,27,24,34,9,8,1.39,1.382919897,1.325142119,0.86,0.864702842,0.38,0.385684755,0.019719107,0.009596736,-0.429925164,16.7392,79.6697,430.9974174,459,56,726,2.190881339,1.707657099,0,89.92459106,11501,3.938601549,1.5074,Semi_arid
4012,0,0,4,,,10436000,0.053082887,1,0,0,0,0,0,0,161.8819115,172.2324232,184.4305031,189.5152265,197.9220289,0.000739672,0.000739672,0.001028844,0.684272686,0.657197039,0.68377044,0.01,0.722769797,0,0.763,0.307,1.155,0.848,1.445054945,19.06470863,6.987673066,0.218345741,0.23013979,150,150,150,47,39,29,27,24,34,9,8,1.39,1.39,1.33,0.86,0.86,0.38,0.38,0.023121201,0.009884877,-1.803429561,16.79,79.3387,324.9817601,293,128,701,3.2062612,1.52037394,0,74.04056549,3100,4.999298065,1.2558,Semi_arid
4013,15,0,17,1908,2005,2495028616,0.167020724,0.761904762,0.095238095,0,0,0,0,0,249.5260965,257.738111,264.4928749,275.9953539,286.7790513,0.002758592,0.006466063,0.01036182,0.531132194,0.529496545,0.524915373,0.011096204,0.723058989,0,1.409,0.338,8.069,7.731,1.606636966,12.71882132,4.290598709,0.247566618,0.265903031,50,150,150,47,38,28,27,23,39,10,5,1.4,1.382540984,1.307540984,0.58,0.798565574,0.4,0.400942623,0.02943562,0.013112244,-0.843070901,14.8306,75.6744,691.9411655,653,508,1867,7.374620808,3.602800131,0,136.8544464,14582,8.741570022,1.7784,Semi_arid
4015,3,0,3,1965,1994,2309344352,1.226048456,0.4,0.2,0,0,0,0,0,194.1705402,189.4921272,185.8391691,186.9840767,191.785129,0.004667845,0.008018083,0.008727342,0.22553562,0.21638157,0.215147575,0.01,0.722769797,0,2.079,0.45,8.069,7.619,1.144425044,11.90043098,3.767073789,0.26197518,0.280156527,50,150,150,49,38,28,23,23,39,10,5,1.4,1.39982906,1.31034188,0.58,0.791623932,0.4,0.403418803,0.041121199,0.01766923,-3.083418949,13.9761,75.6853,839.8105815,786,560,1867,12.80958439,8.895261765,0,136.8544464,2990,17.44560202,1.6794,Semi_arid
4016,7,0,7,1928,2005,2417244116,,0.545454545,0.181818182,0,0,0,0,0,208.4869728,210.1681018,212.1729771,217.0366736,222.3321695,0.004137716,0.008706777,0.012242741,0.315419649,0.299759432,0.298401494,0.01,0.722769797,0,1.888,0.386,8.069,7.683,1.227828054,11.59437163,3.766083569,0.257144755,0.276399705,50,150,150,49,38,28,23,23,39,10,5,1.4,1.399919679,1.310160643,0.58,0.834056225,0.4,0.404417671,0.037820552,0.016345349,-1.40707022,14.2372,75.6625,753.4276854,697,540,1867,10.79385915,7.12869215,0,136.8544464,7075,12.11844455,1.7727,Semi_arid
4017,183,0,219,1872,2014,15195833498,1.102741508,0.855932203,0.080508475,0.004237288,0.004237288,0.004237288,0.004237288,0.004237288,305.1345185,323.1638324,341.6025992,360.7729295,381.0723768,0.002880186,0.006745488,0.007946389,0.776739285,0.772485753,0.772938353,0.080187686,0.736283572,0,0.749,0.18,8.953,8.773,1.903220887,15.78555843,4.849994583,0.232927947,0.248691903,25,150,125,16,15,29,28,55,57,4,5,1.21,1.292251908,1.261360656,0.75,0.943762268,0.45,0.460594329,0.02443976,0.011784672,-0.203462333,16.4911,76.9231,632.694238,612,346,1440,4.632586666,2.039795637,0,132.2944336,55150,7.296930311,1.7653,Semi_arid
4018,1,0,8,1966,1989,75781100,0.403206027,1,0,0,0,0,0,0,172.4354973,206.30535,248.4555345,291.5194234,350.572138,0.004679618,0.004921047,0.006564821,0.797646322,0.789494231,0.788122708,0.030587857,0.727237218,0,0.694,0.395,1.466,1.07,1.470071159,12.91277103,4.143441955,0.210635377,0.216964714,125,150,125,16,15,29,28,55,57,4,5,1.21,1.216268657,1.213134328,0.75,0.818955224,0.45,0.45,0.016784797,0.010348981,-1.19856941,17.2544,77.4628,545.2601973,546,422,726,2.753996364,2.150133371,0,31.26663208,1920,4.718289673,1.2834,Semi_arid
4019,455,1516,611,1871,2014,30653582241,1.241956153,0.899529042,0.054945055,0.001569859,0.003139717,0.001569859,0.001569859,0.001569859,278.0948582,300.1613428,324.11937,350.7075464,379.8929532,0.003485998,0.008037444,0.009181506,0.787641269,0.795497911,0.795315883,0.081517634,0.740329782,0,0.663,0.161,9.08,8.919,2.255400803,13.55695721,4.510422395,0.222654298,0.233170891,25,150,125,16,15,29,28,55,57,4,5,1.21,1.267014993,1.249544513,0.75,0.944593367,0.45,0.469404816,0.021821458,0.010628584,-0.078162513,16.2592,77.8411,585.997154,573,268,1472,4.098805025,1.968824387,0,200.589035,132920,5.96355039,1.7417,Semi_arid
4021,22,0,27,1964,2011,4421214242,1.033288282,0.709677419,0.258064516,0,0,0,0,0,293.9143203,305.064271,313.5753692,321.7139589,331.1347922,0.002353087,0.007142844,0.007393598,0.528930245,0.575365092,0.574205811,0.090000004,0.749894209,0,1.014,0.222,8.953,8.731,1.188832643,9.284103568,3.356223989,0.246501279,0.262984283,125,150,150,44,35,33,24,23,41,11,26,1.39,1.368324324,1.31715847,0.99,1.237675676,0.38,0.466,0.032554405,0.014213926,-1.638493735,17.2944,74.1903,784.6174637,738,547,1440,13.80073711,6.600271225,0,132.2944336,5462,16.39768183,1.6082,Semi_arid
4022,1,1.67,8,1902,1968,206477200,0.118166201,1,0,0,0,0,0,0,271.6094706,282.8650805,293.2218621,306.2394324,318.5554297,0.004062229,0.007828401,0.00871562,0.741106699,0.743206608,0.737183009,0.035199668,0.721112317,0,0.944,0.344,2.331,1.987,2.620416408,18.32003718,6.143277726,0.232681388,0.243440031,25,150,150,47,39,29,27,24,34,9,8,1.39,1.362485876,1.307988506,0.86,0.902881356,0.38,0.416864407,0.024141495,0.009918065,-0.563619954,16.7156,80.3164,186.1817385,178,26,791,2.878655918,1.52037394,0,92.43457794,9854,2.625899806,1.3255,Semi_arid
4023,4,0,4,1940,1940,54201000,0.531662127,1,0,0,0,0,0,0,208.3540714,213.1708224,218.0346893,216.6597389,216.58728,0.001075615,0.001367071,0.003296238,0.45838297,0.453879267,0.493431812,0.01,0.722769797,0,0.898,0.421,5.07,4.65,1.430228063,17.03388819,5.477264171,0.237727365,0.259455945,150,150,150,47,39,29,27,24,34,9,8,1.39,1.392638889,1.324722222,0.86,0.786111111,0.38,0.385277778,0.021908009,0.011335367,-2.13767012,13.7542,76.3197,829.8044213,798,655,1903,4.966648605,2.530055046,0,123.7350998,4320,5.684309184,1.2464,Semi_arid
4024,8,0,9,1952,2010,39112000,0.74511178,1,0,0,0,0,0,0,129.2338149,136.2949186,148.2929523,154.6345725,156.0301427,0,0,0,0.913685915,0.903360079,0.904450884,0.090000004,0.749894209,0,0.391,0.228,0.649,0.422,1.315151515,16.78318563,5.276037651,0.224936066,0.235560344,125,125,125,16,15,29,28,55,57,4,5,1.21,1.21,1.21,0.75,0.75,0.45,0.45,0.018114877,0.009180578,-1.438827615,17.2864,75.6372,580.7369655,572,458,757,2.218017641,1.968824387,0,27.55579948,1640,4.344190986,1.4479,Semi_arid
4025,3,0,5,1908,1984,65375000,0.158545872,1,0,0,0,0,0,0,192.6286175,201.063821,214.9734755,219.388076,228.0227942,0.000447287,0.001774721,0.004535398,0.620050981,0.627284533,0.630963832,0.017100922,0.724597438,0,1.179,0.467,7.786,7.319,1.266533066,10.80782817,3.534095178,0.242905824,0.262917681,50,150,150,49,38,28,23,23,39,10,5,1.4,1.397428571,1.315142857,0.58,0.675571429,0.4,0.395285714,0.023068262,0.011831387,-2.295167761,14.5,75.6339,648.1100753,641,537,1025,4.962048301,2.878536224,0,66.0883255,1850,4.980481586,1.3569,Semi_arid
4026,86,0,108,1872,2014,6256720125,0.573529483,0.867256637,0.10619469,0,0,0,0,0,410.2878181,426.7490616,445.7304649,463.7856114,484.7883542,0.005677921,0.012805413,0.012955547,0.650545143,0.659837933,0.65878311,0.090000004,0.749894209,0,0.924,0.222,8.953,8.731,1.272015127,11.74555545,4.124333637,0.240472123,0.257991252,25,150,150,16,15,29,28,23,57,4,5,1.21,1.317015209,1.281609195,0.75,1.083802281,0.45,0.459467681,0.027519687,0.012168312,-0.572532904,16.6836,74.6031,703.1136136,671,521,1440,8.767957947,3.415314198,0,132.2944336,15190,12.12886241,1.7043,Semi_arid
4028,1,0,3,1930,1968,78140000,0.179472921,1,0,0,0,0,0,0,279.3878978,279.8550686,291.9706894,299.1520842,307.6874827,0.001995818,0.004751948,0.004710369,0.793771384,0.798398593,0.800839907,0.031295775,0.723365913,0,1.047,0.431,2.331,1.899,1.543851053,18.05598913,6.316664983,0.238719,0.252084011,125,150,125,47,39,29,27,24,34,9,8,1.39,1.307833333,1.272,0.86,1.024333333,0.38,0.500833333,0.024691565,0.010066972,-2.663063073,16.9181,80.3558,127.9996944,111,44,791,3.753917936,1.52037394,0,85.01596069,1850,2.549640311,1.1871,Dry_sub_humid
4030,14,0,27,1966,2002,869712933,0.750239343,0.964285714,0,0,0.035714286,0,0,0,179.571946,196.5086259,225.6470503,247.1012871,276.1536452,0.002841754,0.004755685,0.005169637,0.858515389,0.862688211,0.859722748,0.081458838,0.732848197,0,0.619,0.192,2.896,2.704,1.461598365,13.74687158,4.469385267,0.211814588,0.215454674,125,150,125,16,15,29,28,55,57,4,5,1.21,1.217708333,1.213854167,0.75,0.834791667,0.45,0.45,0.018402615,0.009471083,-0.414922571,17.2031,77.1572,537.2437648,541,395,726,3.018218662,2.03105998,0,43.6404953,7650,4.376959902,1.382,Semi_arid
4031,57,0,59,1888,2005,8822265545,1.470753419,0.805555556,0.041666667,0.013888889,0.027777778,0,0.027777778,0,215.038502,226.5683177,238.7707032,251.6579546,265.5431096,0.002028322,0.003431398,0.007525534,0.708381147,0.700206551,0.707348855,0.016092443,0.72342414,0,0.843,0.161,8.069,7.908,2.573852437,20.41107368,6.919908615,0.229035171,0.245526525,25,150,150,47,39,29,27,24,34,9,8,1.39,1.334925443,1.285923965,0.86,0.859668661,0.38,0.410763921,0.024903795,0.012319213,-0.240955296,15.9483,77.4264,608.8300192,601,303,1903,4.166249637,2.004624128,0,136.8544464,60630,5.061633956,1.5759,Semi_arid
4038,112,0,139,1879,2013,11199665517,3.497089699,0.841059603,0.099337748,0,0,0,0,0,380.656425,428.6459149,482.7619054,544.9268723,615.9620369,0.005588447,0.016000885,0.017727217,0.67100581,0.700616832,0.69691053,0.09023001,0.749878934,0,0.728,0.187,9.08,8.893,1.460118141,10.16387464,4.205203405,0.224316496,0.23603076,25,150,125,16,15,29,28,55,57,4,5,1.21,1.324457516,1.31175583,0.75,1.103908497,0.45,0.466496732,0.022081086,0.010017905,-0.328307196,17.9722,75.1392,639.8949039,609,445,1472,6.620416335,2.480371714,0,200.589035,22856,7.428622546,1.7579,Semi_arid
4039,0,0,0,,,0,0,,,,,,,,370.1354361,405.749231,418.4266333,445.3578648,463.2955135,0.004838507,0.007755132,0.015387934,0.967701435,0.904781527,0.941355233,0.010213973,0.722841021,0,0.593,0.292,1.416,1.124,1.242708055,11.57045847,3.351647221,0.238936958,0.246534762,125,150,150,47,39,29,27,24,34,9,8,1.39,1.36631068,1.307475728,0.86,0.773300971,0.38,0.395242718,0.026823064,0.014891666,-1.34117254,15.55,75.3667,638.647105,634,567,843,1.583817293,1.320054173,0,54.04199982,2952,2.717788965,1.2892,Semi_arid
4040,30,0,32,1888,2005,7454875545,1.451182104,0.756097561,0.073170732,0.024390244,0.024390244,0,0.024390244,0,229.9821294,242.0452993,254.3685395,268.8155319,283.855995,0.002420513,0.004714503,0.010113437,0.666224638,0.662541903,0.659604452,0.021580532,0.724021777,0,1.033,0.161,8.069,7.908,2.355578728,22.29030493,7.774912798,0.237911711,0.254364855,25,150,150,47,39,29,27,24,34,9,8,1.39,1.363283859,1.302219075,0.86,0.798778281,0.38,0.38638914,0.025875845,0.012009384,-0.405687031,15.4917,76.7169,629.0072584,607,367,1867,5.155014213,2.38535881,0,136.8544464,33018,6.282677441,1.6575,Semi_arid
4041,0,0,2,1928,1928,76418000,0.234960512,1,0,0,0,0,0,0,241.8054701,250.8427986,262.2260912,269.4184609,279.6554171,0.00325132,0.004778516,0.005112088,0.875802783,0.856226539,0.86390271,0.01,0.722769797,0,0.781,0.531,1.346,0.815,1.389128273,20.18988068,6.619334471,0.23162414,0.24054021,150,150,150,47,39,29,27,24,34,9,8,1.39,1.39,1.33,0.86,0.86,0.38,0.38,0.027076419,0.01231412,-1.253710202,16.9489,80.0478,194.9196513,189,73,481,1.556267918,1.333456159,0,79.42295837,2928,2.358957549,1.2414,Semi_arid
4044,10,0,9,1916,2008,1274395000,0.860206637,0.5,0.5,0,0,0,0,0,322.8012383,379.7072508,433.3411998,492.7398751,566.2929371,0.005623515,0.015673072,0.016152061,0.583196699,0.579613493,0.5725438,0.092396457,0.749735075,0,0.797,0.187,8.908,8.721,1.142027864,8.495622193,3.583928131,0.236038565,0.249035578,125,150,150,39,43,38,35,23,22,7,3,1.38,1.336933333,1.351866667,1.83,1.5564,0.64,0.591866667,0.026812056,0.010932692,-3.038940836,18.6669,74.0022,690.6062547,659,542,1260,9.854872713,5.147209644,0,123.0189743,2205,8.869423215,1.6051,Semi_arid
4047,13,0,14,1923,2004,177028000,0.045155226,0.8125,0.125,0,0,0,0,0,359.2183665,396.2163,418.2040439,448.9902454,470.7665619,0,0.002809681,0.002809681,0.685030453,0.703911508,0.688626844,0.09348121,0.749894209,0,1.06,0.305,4.339,4.034,1.442852024,11.52386035,3.757143359,0.246701217,0.264031451,50,125,50,47,36,30,27,23,37,35,19,1.4,1.3525,1.285,1.13,1.035,0.41,0.42,0.028571584,0.012739518,-2.117682707,16.5639,74.5275,639.2657409,605,530,1035,6.979096288,3.661545277,0,64.43670654,2322,10.38215559,1.3639,Semi_arid
4048,11,0,13,1971,2012,124752034,0.039568551,0.928571429,0.071428571,0,0,0,0,0,311.1137295,335.6649256,338.711359,371.2638074,384.7527367,0.001070632,0.002480134,0.002499779,0.626427919,0.626413185,0.623952696,0.090000004,0.749894209,0,1.082,0.357,7.151,6.794,1.233549959,11.67072593,3.748945778,0.246554531,0.263456025,50,150,50,47,36,30,27,23,37,35,19,1.4,1.372608696,1.326956522,1.13,1.304492754,0.41,0.486376812,0.031943954,0.014290031,-2.105146473,16.855,74.4967,667.2037619,618,536,1108,9.167398158,5.229460716,0,84.7627182,1948,16.12607204,1.4734,Semi_arid
4049,32,0,41,1927,2013,1511154970,1.33087666,0.88372093,0.069767442,0,0,0,0,0,220.2513261,238.4983186,261.2999607,289.531261,317.7525044,0.001340255,0.002622427,0.00445348,0.6675108,0.699951356,0.696948488,0.090000004,0.749894209,0,0.691,0.201,7.583,7.382,1.266371364,10.92265809,4.407649723,0.222498005,0.236415895,25,150,125,16,15,29,28,55,57,4,5,1.21,1.280695652,1.260721649,0.75,1.086521739,0.45,0.416478261,0.020845066,0.009715433,-0.636692686,17.9114,75.0075,649.3388734,615,470,1410,6.341406928,2.301902294,0,111.1158676,7200,7.783270743,1.2853,Semi_arid
4050,2,0,2,1979,2005,96969763.78,0.004437829,0.5,0.25,0,0,0,0,0,159.7418301,167.0043304,176.8173117,180.6377575,183.8570039,0.003802705,0.008463621,0.017081649,0.232492836,0.210297825,0.209234935,0.01,0.722769797,0,2.064,0.386,7.913,7.527,1.206024096,9.895606823,3.21416356,0.26011231,0.282396799,50,150,50,47,36,30,27,23,37,35,19,1.4,1.4,1.31,1.13,1.001666667,0.41,0.407666667,0.041197954,0.017897477,-1.722064363,13.9269,75.585,705.5394251,673,561,1639,10.92748726,8.097932816,0,106.3568192,2831,9.088944163,1.6381,Dry_sub_humid
4051,7,0,8,1973,1995,41328000,1.929100515,1,0,0,0,0,0,0,114.6556894,125.8798896,131.292425,136.7294591,147.3497686,0,0,0,0.874170466,0.881082572,0.879313982,0.090000004,0.749894209,0,0.385,0.254,0.581,0.327,1.295755968,17.12452747,5.190544917,0.222631118,0.231328564,125,125,125,16,15,29,28,55,57,4,5,1.21,1.21,1.21,0.75,0.75,0.45,0.45,0.017764321,0.009316858,-2.111096879,17.3686,75.5942,542.8522793,533,442,706,2.212750725,1.923137784,0,18.7908535,630,4.088875204,1.267,Semi_arid
4054,167,0,202,1879,2013,11889960397,3.638496868,0.88372093,0.069767442,0,0,0,0,0,313.8084177,348.8542972,388.6040314,433.9659606,484.7591446,0.004060068,0.011364119,0.012767337,0.717466643,0.74065013,0.737911259,0.090153148,0.749884039,0,0.652,0.187,9.08,8.893,1.422494646,11.351505,4.312971106,0.221738641,0.232931796,25,150,125,16,15,29,28,55,57,4,5,1.21,1.289895105,1.278221815,0.75,1.012141608,0.45,0.45875,0.020723072,0.00980765,-0.215130481,17.4131,75.8478,613.4573344,588,410,1472,5.280769212,2.207262754,0,200.589035,33916,6.373734381,1.7976,Semi_arid
4055,0,0,0,,,0,0,,,,,,,,148.6621206,161.0293644,182.9548257,176.6906741,184.6048021,0.000444773,0.000909948,0.001089489,0.910294652,0.917149864,0.932786277,0.091772025,0.74767015,0,0.431,0.254,0.663,0.409,1.413480885,17.52558095,5.527098018,0.226650051,0.237698131,125,125,125,16,15,29,28,55,57,4,5,1.21,1.213170732,1.21,0.75,0.892682927,0.45,0.507073171,0.02005352,0.009982394,-1.423255527,16.4728,76.2842,599.3861534,599,500,750,1.544459194,1.436176181,0,18.7254467,2486,2.564768733,1.3106,Semi_arid
4056,21,0,25,1883,2014,1590533000,0.330523344,0.827586207,0.103448276,0,0,0,0,0,690.5473071,708.1626167,749.8769394,767.2994273,810.0789203,0.016807605,0.030193085,0.030237529,0.535334354,0.5287204,0.527847697,0.090000004,0.749894209,0,1.156,0.381,7.329,6.948,1.289225589,12.16502354,3.754463092,0.247787833,0.265684174,50,150,50,47,36,30,27,23,37,35,19,1.4,1.35183908,1.284482759,1.13,1.032298851,0.41,0.419770115,0.031357649,0.013501853,-2.013880447,16.6753,74.5736,636.1580063,598,529,1026,9.233949423,5.62585783,0,68.50513458,2425,11.82896392,1.6922,Semi_arid
4057,25,0,24,1892,1987,1346770000,1.616815398,0.857142857,0,0,0.035714286,0,0.035714286,0,196.4253695,205.0551954,214.6467519,223.5703051,233.8097986,0.000996752,0.001424052,0.00456915,0.708782245,0.694963527,0.714454761,0.01053342,0.722816299,0,0.642,0.224,5.07,4.847,2.245722953,17.62458283,5.859335552,0.224692676,0.24221082,25,150,150,47,39,29,27,24,34,9,8,1.39,1.321372796,1.279530201,0.86,0.859496222,0.38,0.393413098,0.024031719,0.012319545,-0.568802574,15.6611,76.9628,645.800752,646,352,1903,3.554655349,1.923137784,0,123.7350998,23500,3.910926718,1.3916,Semi_arid
4060,525,0,738,1871,2014,59928633239,,0.893453145,0.051347882,0.002567394,0.005134788,0.001283697,0.003851091,0.001283697,274.1386279,293.6001697,314.6700506,338.3684912,364.6058013,0.005279418,0.00850247,0.012676183,0.739827148,0.739753027,0.74192413,0.056025773,0.731305175,0,0.739,0.161,9.08,8.919,2.797703157,16.40583206,5.57750354,0.22355564,0.235921963,25,150,150,47,15,29,28,55,57,4,5,1.39,1.301345689,1.268156164,0.75,0.932438605,0.45,0.439834749,0.023053908,0.011211202,-0.048856803,16.5011,80.625,526.9343043,551,-3,1903,3.936147204,1.885791779,0,200.589035,251360,5.335764229,1.7561,Dry_sub_humid
4061,58,0,109,1871,2014,834025850,1.671938447,1,0,0,0,0,0,0,257.7837764,272.9850826,287.7510466,304.7747671,323.7751525,0.004351935,0.009073846,0.010224791,0.856362357,0.876596188,0.87823688,0.090000004,0.749894209,0,0.511,0.242,1.034,0.792,1.61979692,8.207556723,3.096057855,0.211817226,0.214151528,125,150,125,16,15,29,28,55,57,4,5,1.21,1.216578947,1.214545455,0.75,0.81291866,0.45,0.452272727,0.016412631,0.008810795,-0.483021469,17.5342,75.885,576.2026526,557,423,964,2.831619868,1.885791779,0,51.12687302,12092,3.404205079,1.3591,Semi_arid
4062,524,0,726,1871,2014,59551514003,3.381367745,0.89178618,0.052151239,0.002607562,0.005215124,0.001303781,0.003911343,0.001303781,271.5236406,291.5140063,313.2876968,337.7875684,364.8574234,0.005292528,0.008426616,0.012821111,0.738485555,0.738497726,0.741235577,0.057596621,0.731970813,0,0.727,0.161,9.08,8.919,2.595353484,16.26881037,5.529564263,0.2229836,0.235417042,25,150,125,16,15,29,28,55,57,4,5,1.21,1.296420286,1.264715364,0.75,0.934666093,0.45,0.443320625,0.022923566,0.01126984,-0.053099,16.7942,80.0692,553.4198879,561,24,1903,4.016923911,1.923137784,0,200.589035,235544,5.520081517,1.7955,Semi_arid
4063,5,0,9,1964,2010,3099912747,1.070068782,0.625,0.25,0,0,0,0,0,180.3576326,182.2080554,185.9969196,184.380698,192.6498368,0.000387561,0.002154838,0.002501059,0.354147935,0.372301285,0.370828553,0.090000004,0.749894209,0,1.334,0.277,8.953,8.676,1.119047619,8.171834226,2.710813387,0.258584265,0.273590659,150,150,150,44,35,33,24,23,41,11,26,1.39,1.387741935,1.31483871,0.99,1.179677419,0.38,0.438709677,0.044155189,0.020601427,-3.466016551,17.2722,74.165,791.1768762,747,552,1440,18.10485913,14.1748333,0,132.2944336,1890,21.14575805,1.5516,Semi_arid
4064,271,0,389,1871,2014,15119340993,2.69830295,0.927135678,0.037688442,0,0.002512563,0,0,0,262.7461874,288.3209186,316.9753733,350.041416,386.9086967,0.003907739,0.009207526,0.010322073,0.802554815,0.818212926,0.816609627,0.088357802,0.744940095,0,0.598,0.187,9.08,8.893,1.876226096,11.68365999,4.171596729,0.216012753,0.222849106,25,150,125,16,15,29,28,55,57,4,5,1.21,1.25141838,1.243399142,0.75,0.927620646,0.45,0.464792279,0.019529034,0.009488287,-0.108595369,16.7375,77.1253,566.3953658,547,349,1472,3.86207183,1.968824387,0,200.589035,69863,5.043147354,1.8287,Semi_arid
5001,4,7744.16,4,1970,2001,1199668000,1.147073213,0.363636364,0.090909091,0.090909091,0.090909091,0.090909091,0.090909091,0,274.2803429,278.202863,282.6413851,287.0314303,292.347155,0.003006252,0.004762952,0.00942563,0.261692371,0.150592187,0.227919766,0.01,0.722769797,0,1.29,0.217,4.758,4.541,1.429460921,14.58316595,4.347444526,0.250563005,0.272475471,50,150,150,49,38,28,23,23,39,10,5,1.4,1.396610169,1.316779661,0.58,0.684237288,0.4,0.393389831,0.028218346,0.013302229,-1.103148701,12.6028,76.4008,943.4407681,939,758,1862,5.650184076,4.135864258,0,115.2019653,5236,5.10230454,1.7053,Semi_arid
5002,54,40938.844,58,1000,2009,6631262815,0.99061602,0.746478873,0.112676056,0.014084507,0.028169014,0.014084507,0.014084507,0,375.5772642,407.2534783,439.9581449,477.9565408,521.8844231,0.00539774,0.010592212,0.016786305,0.244642263,0.22748445,0.169364741,0.010550211,0.722817763,0,1.2,0.217,8.591,8.375,1.436586241,18.61656462,5.766392465,0.244340824,0.267240385,25,150,150,47,39,29,27,24,34,9,8,1.39,1.392808,1.323838028,0.86,0.842547923,0.38,0.351238019,0.026476041,0.011751707,-0.28624089,12.1822,77.7239,820.7478801,819,257,2026,6.277455355,3.622487545,0,144.8038788,36682,7.231407143,1.626,Semi_arid
5004,0,0,2,1991,1992,24040000,0.191987536,1,0,0,0,0,0,0,810.3114797,873.2418963,945.2532528,1038.369664,1132.426413,0.035758221,0.06370243,0.117275689,0.248655899,0.459688351,0.344032987,0.025981028,0.724164278,0,0.745,0.309,4.701,4.392,1.291139241,23.53656793,7.856239241,0.227249702,0.244282825,125,150,150,47,39,29,27,24,34,9,8,1.39,1.377033898,1.315423729,0.86,0.903559322,0.38,0.399067797,0.029876657,0.012219639,-2.480451822,11.0317,77.8875,371.3507421,351,134,1902,3.871374449,1.707657099,0,162.5165253,3386,5.964705284,1.2072,Semi_arid
5005,2,633,2,1977,1985,17947002.38,0.406032363,0.666666667,0,0,0.333333333,0,0,0,191.8983778,213.3843643,242.2283971,255.1637242,289.5898711,0.000181633,0.000419634,0.001390429,0.408310003,0.297971352,0.327289353,0.01,0.722769797,0,1.152,0.525,4.15,3.625,1.097127937,13.32363886,4.36157644,0.246926207,0.262389307,25,150,150,47,39,29,27,24,34,9,8,1.39,1.376415094,1.316666667,0.86,1.02490566,0.38,0.263396226,0.028809358,0.011350395,-2.529514553,12.1208,77.7856,737.2729117,786,259,1381,11.30062593,5.507674217,0,115.2704773,1636,13.79010814,1.9564,Semi_arid
5007,2,0,2,1973,1983,223740000,0.321477372,1,0,0,0,0,0,0,202.7091887,209.7211679,217.2014495,234.6867399,245.9708034,0.001363803,0.003256843,0.006167646,0.207657652,0.203084501,0.012396358,0.01,0.722769797,0,1.623,0.578,7.688,7.11,1.15617849,11.70986866,3.701985713,0.255564319,0.280640182,50,150,150,47,39,29,27,24,34,9,8,1.39,1.391,1.328,0.86,0.843,0.38,0.3822,0.030302851,0.013157275,-1.305306156,12.3461,76.2878,866.8723716,856,768,1527,6.100496652,4.525900364,0,83.82424164,1330,5.684392441,1.6533,Semi_arid
5008,76,13987.292,89,1000,2009,11251063920,1.493850887,0.571428571,0.232142857,0.026785714,0.044642857,0.017857143,0.035714286,0.008928571,360.7167804,388.5778718,418.2754153,450.7387971,489.1455298,0.005442992,0.010453708,0.017022394,0.239468271,0.227986797,0.197508718,0.0111451,0.722869628,0,1.239,0.217,8.591,8.375,1.595597514,17.95941138,5.787276053,0.246190298,0.266461471,25,150,150,47,39,29,27,24,34,9,8,1.39,1.391022273,1.323991962,0.86,0.911023891,0.38,0.338634812,0.028613984,0.012228352,-0.267231365,11.0811,77.8903,767.1966852,795,121,2629,8.474204749,3.795082808,0,236.2264099,53233,10.76586217,1.6748,Semi_arid
5010,2,0,2,1982,1985,245787000,0.09335188,0.666666667,0.333333333,0,0,0,0,0,213.6553886,203.9038806,211.5223729,203.1363523,206.8455109,0.003805335,0.006790359,0.012036937,0.167867702,0.034589816,0.063739369,0.01,0.722769797,0,2.807,0.471,7.698,7.227,1.124461465,8.818528566,2.631084594,0.274050914,0.296682663,50,150,150,49,38,28,23,23,39,10,5,1.4,1.399824561,1.310350877,0.58,0.623508772,0.4,0.400350877,0.047424866,0.020427617,-1.935287073,12.5025,75.9619,979.014593,931,816,1706,12.43753668,9.859459877,0,89.54830933,1934,12.48807786,1.625,Humid
5012,83,5096.62,101,1000,2009,11526717920,1.563889031,0.598425197,0.212598425,0.023622047,0.05511811,0.015748031,0.031496063,0.007874016,388.945671,419.720271,452.1282117,489.3663725,531.6237341,0.008504653,0.014237274,0.023265975,0.273724606,0.277584648,0.259823964,0.01328588,0.723056299,0,1.166,0.217,8.591,8.375,1.855044762,18.50719559,5.978293807,0.24204959,0.261037185,25,150,150,47,39,29,27,24,34,9,8,1.39,1.389099957,1.323860536,0.86,0.933339085,0.38,0.344236411,0.029483083,0.01220296,-0.211204764,10.9433,78.435,676.948853,732,78,2629,8.035515704,3.110127449,0,309.4549255,66243,10.81735331,1.6342,Semi_arid
5013,2,0,5,1991,2005,913040000,0.377788741,0.333333333,0.666666667,0,0,0,0,0,449.3238246,460.6654542,472.7712918,474.000592,489.2110558,0.003371229,0.005294198,0.00621143,0.08192329,0.065147602,0.09497373,0.01,0.722769797,0,2.77,0.584,8.591,8.007,1.130317353,9.466702595,2.845015443,0.272253085,0.298001877,50,150,50,49,38,30,23,23,39,10,5,1.4,1.399512195,1.311463415,0.58,0.89097561,0.4,0.422682927,0.048200504,0.021026134,-2.922768003,11.8083,76.0839,826.9458342,775,706,2026,13.78650876,10.80181789,0,122.1546249,1260,12.57236045,1.4115,Humid
5014,7,0,10,1958,2007,251614000,0.806214168,0.769230769,0.076923077,0,0.153846154,0,0,0,263.2289426,286.7432557,311.8803834,344.0243517,384.7559329,0.008484341,0.010538553,0.014757861,0.329786188,0.370354875,0.429722401,0.016056189,0.723297935,0,1.073,0.372,7.423,7.051,1.442348412,20.80902737,6.446863686,0.229764433,0.24562471,25,150,150,47,39,29,27,24,34,9,8,1.39,1.381206897,1.318734177,0.86,1.076275862,0.38,0.362482759,0.03539734,0.012909208,-1.087955167,10.8808,77.9847,485.2628923,314,126,2534,8.465341484,1.885791779,0,309.4549255,9080,16.89616577,1.5909,Semi_arid
5015,8,0,14,1961,1984,896284058,0.670040855,0,0.846153846,0,0,0.076923077,0,0,188.0249903,195.67851,202.0696039,209.0503246,212.8983768,0.000444855,0.000484692,0.000464773,0.038908181,0.086826327,0.065592819,0.010070093,0.722775908,0,2.235,0.503,4.937,4.435,0.988215488,10.91916519,3.547460975,0.280334178,0.299425894,25,150,150,43,0,30,0,23,0,26,0,1.39,1.392857143,1.318125,1.4,1.315306122,0,0.336326531,0.05240644,0.021988127,-8.499493022,11.2878,76.8911,1174.650811,918,307,2618,26.30313029,23.10922241,0,194.9862213,1475,50.32697656,2.0625,Dry_sub_humid
5017,0,0,0,,,0,0,,,,,,,,173.3744174,167.6856033,179.4021079,182.8436168,178.1559856,0.003677479,0.004903305,0.006193648,0.235874772,0.263665543,0.226471395,0.01,0.722769797,0,2.314,0.854,4.72,3.866,1.104904632,8.779900686,2.710199778,0.266311458,0.290683303,50,150,150,49,38,28,23,23,39,10,5,1.4,1.4,1.31,0.58,0.65173913,0.4,0.401304348,0.042038572,0.018814746,-5.057323415,12.9436,75.7936,974.8107669,959,892,1419,10.15666596,8.833077431,0,72.15291595,617,6.746032428,1.2167,Humid
5018,16,0,24,1930,1990,1873860103,3.140610091,0.137931034,0.586206897,0.034482759,0.034482759,0.034482759,0.068965517,0.034482759,261.145956,268.6240172,277.4940955,287.2843141,302.4837517,0.004019472,0.006503693,0.014040864,0.120232048,0.125292041,0.160053523,0.010018577,0.722771417,0,1.679,0.256,7.104,6.847,1.614309088,14.2653045,4.935893234,0.261912048,0.280332009,25,150,150,47,39,30,27,24,34,9,8,1.39,1.384947368,1.319738562,0.86,1.162052632,0.38,0.409736842,0.041875823,0.017636615,-2.702175982,11.5217,77.51,905.0060969,752,181,2629,18.5293345,11.39305401,0,236.2264099,5776,34.0245862,1.6765,Semi_arid
5021,6,0,7,1896,1993,268270000,1.132292254,0.714285714,0,0,0,0,0,0,1194.07451,1449.951277,1709.877192,2029.531258,2404.928375,0.028293679,0.046400099,0.073322303,0.45692241,0.32890922,0.288127745,0.01,0.722769797,0,0.786,0.305,7.553,7.249,1.14444995,26.76525466,6.845137767,0.222818905,0.256984754,25,150,150,47,39,29,27,23,34,9,8,1.39,1.394234234,1.320784314,0.86,0.785225225,0.38,0.357657658,0.019761368,0.008452304,-1.623129623,12.5167,77.4333,830.9392874,858,615,1463,5.085305824,3.466985941,0,144.8038788,3500,5.347437568,1.3465,Semi_arid
5022,7,0,9,1930,1977,121697750.3,0.371991854,0.111111111,0.777777778,0,0,0,0.111111111,0,206.2357387,202.2084204,199.7140284,189.2166832,179.7767005,0.001244127,0.004361763,0.005913262,0.112278802,0.017520235,0.02214546,0.01,0.722769797,0,1.837,0.559,7.104,6.545,0.988895743,10.90155496,3.794415728,0.274579316,0.294900377,25,150,150,46,41,30,26,24,33,5,7,1.39,1.393555556,1.329333333,1.73,1.321111111,0.77,0.638444444,0.04721345,0.022269321,-5.96016287,11.5728,76.9192,1300.757176,1006,342,2598,20.15199618,14.31836319,0,200.6777496,1370,39.94315926,1.9118,Semi_arid
5023,0,0,0,,,0,0,,,,,,,,575.0247463,626.1217489,680.3571171,735.1554448,793.233592,0.014307559,0.01602678,0.019440426,0.417307931,0.528487003,0.460222342,0.01,0.722769797,0,0.921,0.419,4.573,4.154,1.366391185,13.32738487,4.95676464,0.23860363,0.247971056,25,150,150,47,39,29,27,24,34,9,8,1.39,1.39,1.33,0.86,0.899512195,0.38,0.352195122,0.026075746,0.009749793,-5.147167576,11.5272,77.7508,349.8833793,300,176,1635,6.451567817,2.294164658,0,134.2704926,1248,7.117520878,1.3878,Semi_arid
5024,2,0,2,1984,2001,144758000,0.732687028,0.666666667,0,0,0,0,0,0,280.1954437,290.9459192,302.1426278,304.0461949,311.6053979,0.00293276,0.006079368,0.009612937,0.270598059,0.129387684,0.175904522,0.01,0.722769797,0,1.39,0.217,4.758,4.541,1.260238908,9.978382677,3.115680274,0.256971307,0.279698706,150,150,150,49,38,28,23,23,39,10,5,1.4,1.4,1.31,0.58,0.58,0.4,0.4,0.029764648,0.013773767,-4.722992119,12.9825,76.0214,1029.110265,1011,912,1862,6.015880953,4.714479446,0,115.2019653,1010,5.401898868,1.3667,Dry_sub_humid
5025,1,0,1,1986,1986,8460000,1.66940955,1,0,0,0,0,0,0,272.7198209,316.2714015,327.6034714,358.7051907,390.6348728,0,0,0,0.326556366,0.329781268,0.338586652,0.01,0.722769797,0,1.349,0.635,4.783,4.149,1.063084112,13.16261292,4.134222191,0.250484463,0.259269013,25,150,25,43,0,29,0,23,0,9,0,1.39,1.39,1.33,0.86,1.13,0,0.19,0.032095907,0.010806285,-5.991300937,11.9383,78.0572,584.328943,491,331,1627,16.39734743,9.207609177,0,117.4895172,362,15.23138203,1.953,Semi_arid
5027,15,0,15,1895,1970,212890914.6,0.310858948,0.882352941,0,0,0.058823529,0,0,0,325.7226804,331.170285,336.5037737,343.2546609,353.0681022,0.003954181,0.006243186,0.01153903,0.304824735,0.276925725,0.135253982,0.01,0.722769797,0,0.816,0.386,1.554,1.168,1.432841933,22.24705714,6.215535698,0.229436702,0.253431613,25,150,150,47,39,29,27,24,34,9,8,1.39,1.390296296,1.329391635,0.86,0.865703704,0.38,0.370740741,0.019805039,0.009436808,-1.209981396,12.4167,77.1925,786.1069655,799,584,1323,3.260854189,2.414991856,0,113.7457657,7890,3.775569787,1.5797,Semi_arid
5028,10,0,13,1959,2005,1756218100,0.155179156,0.625,0.375,0,0,0,0,0,334.0805436,352.0812568,372.5689155,392.8939633,409.7712174,0.003040404,0.009157658,0.013456837,0.113040236,0.238218259,0.137863895,0.01,0.722769797,0,1.535,0.366,8.591,8.225,1.273287509,12.87274383,4.169717783,0.254934481,0.278680703,25,150,150,47,39,29,27,24,34,9,8,1.39,1.39412766,1.321504425,0.86,0.816978723,0.38,0.377829787,0.031264484,0.013588528,-0.877243636,12.23,76.8942,798.294974,772,622,2026,7.026147657,4.402425289,0,122.1546249,7000,7.784281594,1.5382,Semi_arid
5029,60,0,64,1000,2009,9373263817,1.371690739,0.728395062,0.111111111,0.024691358,0.037037037,0.012345679,0.024691358,0,356.3752478,386.806947,418.1208547,453.2782084,494.0913468,0.005022654,0.009501083,0.014977036,0.249009463,0.234747193,0.186751442,0.011225772,0.722876661,0,1.201,0.217,8.591,8.375,1.459861007,18.50025661,5.898344416,0.244798403,0.265788246,25,150,150,47,39,29,27,24,34,9,8,1.39,1.391868721,1.32411487,0.86,0.881153333,0.38,0.327553333,0.02710253,0.011695353,-0.274647429,11.4778,77.7,776.3270284,804,162,2026,7.458008477,3.776294947,0,144.8038788,44100,8.075921966,1.7345,Semi_arid
6001,4,35615.83,12,1964,2010,1589671200,0.552656467,1,0,0,0,0,0,0,292.3060951,316.9901832,349.4998564,381.4616673,416.4122276,0.010044113,0.010416813,0.010485716,0.559390087,0.564430935,0.564095818,0.020189689,0.723495983,0,1.167,0.292,7.837,7.545,1.454307769,10.33265054,4.254280563,0.24369841,0.257580179,25,150,125,16,15,29,28,23,57,4,5,1.39,1.3148,1.234296296,0.75,1.053733333,0.45,0.257244444,0.026031613,0.012832558,-0.911260754,22.7914,86.1736,313.1047824,281,115,956,7.090540275,3.040747881,0,90.76850891,6309,7.351005952,1.7645,Humid
6006,11,825,22,1963,2010,4200865200,0.593031025,0.814814815,0.074074074,0,0,0,0,0.037037037,391.9454186,429.6430343,471.4561707,518.2076226,569.9396016,0.022943873,0.025053471,0.025527452,0.496911469,0.523724445,0.515575594,0.02056409,0.72462843,0,1.099,0.286,7.837,7.551,1.553218575,10.57679397,4.416060493,0.239677983,0.252672702,25,150,25,43,0,34,0,23,0,26,0,1.39,1.353027888,1.265959596,1.4,1.085318725,0,0.239003984,0.02591168,0.012704938,-0.489451942,22.5806,86.4683,341.5416948,286,60,1043,6.940591765,3.244438887,0,108.0313492,14176,7.682009262,1.639,Humid
6007,8,3290.566,8,1980,2002,173365000,0.049091915,0.888888889,0.111111111,0,0,0,0,0,245.8688608,262.0951449,277.6114686,297.7434205,317.118494,0.010014319,0.010027701,0.010025471,0.544335107,0.565255889,0.56439274,0.104590993,0.732633399,0,1.661,0.423,7.113,6.69,5.902303983,11.15142093,3.995422774,0.257353205,0.26855333,25,150,25,43,0,34,0,23,0,26,0,1.39,1.398258065,1.323230769,1.4,1.127935484,0,0.144,0.034349001,0.017887066,-0.596951943,21.5478,86.9181,229.4041024,100,-2,1166,8.644330576,2.878536224,0,121.5434875,4495,13.37395053,2.5016,Humid
6008,11,0,22,1963,2010,4200865200,0.601746476,0.814814815,0.074074074,0,0,0,0,0.037037037,372.3704605,406.7871894,449.2126329,493.9429403,543.3548652,0.022885546,0.024114948,0.024640945,0.524539013,0.551834843,0.543174564,0.020536175,0.724423429,0,1.098,0.286,7.837,7.551,1.513239297,10.35983166,4.376107848,0.239816467,0.252447456,25,150,25,43,0,34,0,23,0,26,0,1.39,1.355535714,1.26739777,1.4,1.090022321,0,0.241517857,0.025954074,0.012636473,-0.529438607,22.8156,86.2161,357.9573141,300,115,1043,6.807771658,3.211387634,0,94.88362885,12649,7.852359511,1.7268,Humid
7001,1,514.16,1,1983,1983,86000000,0.130735648,0.333333333,0,0,0.333333333,0,0.333333333,0,87.46527275,82.77624309,87.87095365,88.99705291,100.8073654,0,0.000222996,0,0.248640785,0.258866754,0.282440641,0.099607161,0.729898421,0,1.626,0.517,7.614,7.097,1.41285956,14.92051221,5.547841998,0.251914731,0.26821165,25,150,150,79,68,11,10,10,22,7,4,1.59,1.499090909,1.45,0.53,0.925454545,0.3,0.163636364,0.033239769,0.014320369,-6.770730712,20.9297,85.5189,208.2682706,147,47,989,10.83188845,4.917543411,0,116.6785583,830,8.412036144,1.3445,Humid
7002,10,2337.86,13,1975,1996,80404000,0.017337307,0.866666667,0.066666667,0,0,0,0,0,171.5095981,183.6700013,197.330738,212.50133,229.566385,0.006369493,0.007046438,0.007449847,0.519486027,0.521663975,0.523839625,0.031342292,0.72724702,0,1.335,0.391,7.798,7.406,1.307069964,10.49772355,3.927006111,0.252555463,0.262666656,25,150,150,44,35,33,24,23,41,11,26,1.39,1.390657895,1.290812183,0.99,1.132796053,0.38,0.245986842,0.030505515,0.016896645,-0.898009013,21.2111,86.1206,473.9472768,426,32,1181,7.20192789,3.661545277,0,123.3568726,8570,9.417191881,3.5394,Humid
7005,0,0,0,,,0,0,,,,,,,,145.2057404,156.0405559,169.1177976,182.8311695,197.3398218,0.016357201,0.016580452,0.01863327,0.338361013,0.354135584,0.356809148,0.053229381,0.733160885,0,1.264,0.391,2.333,1.941,1.136956522,9.053048998,3.332194361,0.250299069,0.262276132,25,150,150,44,35,33,24,23,41,11,26,1.39,1.39,1.29,0.99,1.191746032,0.38,0.193015873,0.032376611,0.0179445,-2.254534181,22.0658,85.6733,590.9151799,573,375,1116,10.35021428,7.101201534,0,96.0451355,1710,9.848994858,1.6406,Humid
7007,3,0,24,1957,2010,1470317143,0.133674759,0.923076923,0.038461538,0,0,0,0,0,182.0382461,199.6405398,218.259013,238.6000739,260.9114383,0.005927414,0.007409726,0.008121785,0.377420384,0.361986472,0.373485728,0.030070308,0.725009204,0,1.091,0.245,7.803,7.558,3.446155522,8.332420154,3.32812685,0.238596959,0.251671313,25,150,150,43,0,34,0,23,0,26,0,1.39,1.451015625,1.366947791,1.4,0.982734375,0,0.221966146,0.02845136,0.013216007,-0.422768575,21.8378,84.9425,503.3641351,507,133,1110,7.659350963,4.237790108,0,107.4656448,21950,8.17484939,2.2923,Humid
7008,0,0,12,1957,2009,637464143,0.161957599,1,0,0,0,0,0,0,191.7967718,214.4570992,238.5839439,263.431652,292.4290122,0.004868696,0.00595399,0.006725419,0.325735646,0.29050141,0.341092365,0.041559135,0.726517803,0,1.07,0.346,7.671,7.325,3.509268949,8.643232266,3.351114924,0.237871018,0.250754306,25,150,150,44,35,33,24,23,41,11,26,1.39,1.386378378,1.289036145,0.99,1.109432432,0.38,0.257108108,0.028692592,0.013532513,-0.677737984,22.3217,85.1047,544.541241,566,200,1086,7.125890891,3.869321108,0,97.11260223,9160,7.422285526,2.4522,Humid
7009,17,0,42,1957,2010,6883802143,0.417922255,0.875,0.041666667,0,0.020833333,0,0.020833333,0.020833333,178.9906826,193.8745074,209.2429374,226.1043534,244.5127717,0.004668432,0.005535695,0.005996083,0.417083195,0.416457851,0.421798246,0.056427093,0.725216176,0,1.187,0.195,7.803,7.609,4.94888684,10.99895263,4.253329459,0.240351963,0.254163022,25,150,150,79,68,11,10,23,22,7,4,1.39,1.486168371,1.401640625,0.53,0.877608183,0.3,0.225263572,0.028035571,0.012716044,-0.259018611,20.8897,86.0142,384.9126669,360,9,1174,7.985951366,3.869321108,0,167.9461365,33955,7.863350582,2.278,Humid
7011,0,0,13,1957,2009,762764143,,1,0,0,0,0,0,0,203.3084228,224.7157921,247.6083098,274.3149804,303.4304025,0.005887735,0.007565223,0.008238315,0.350741811,0.319221794,0.362350419,0.03690808,0.725964219,0,1.067,0.346,7.671,7.325,3.687543848,8.700933546,3.4082518,0.237543693,0.25071649,25,150,150,44,35,33,24,23,41,11,26,1.39,1.407228637,1.312591362,0.99,1.055727483,0.38,0.257205543,0.028243547,0.013237619,-0.619844142,22.2772,84.8519,515.0150161,540,176,1086,7.050900336,3.883082867,0,97.11260223,19448,7.401367762,2.5049,Humid
7014,9,0,32,1957,2010,6729841143,,0.888888889,0.055555556,0,0,0,0,0.027777778,163.9993485,178.7993911,194.5280472,211.5078385,229.9011615,0.004644326,0.005617469,0.006204806,0.387372253,0.380402997,0.385379083,0.043977413,0.724130653,0,1.18,0.245,7.803,7.558,3.811098176,9.946585676,3.938628501,0.239743391,0.253672107,25,150,150,79,68,11,10,23,22,7,4,1.39,1.472226345,1.390524862,0.53,0.922894249,0.3,0.218729128,0.028370218,0.013096562,-0.314434068,20.95,85.25,428.0896631,413,23,1174,8.191727831,4.153025627,0,167.9461365,29750,8.270238624,2.0286,Humid
7015,1,0,5,1985,2010,312508000,0.161086952,0.833333333,0.166666667,0,0,0,0,0,116.9562892,127.0022059,139.6114956,151.2530626,166.3009142,0.004805281,0.004802185,0.003975503,0.404625083,0.411161132,0.382787682,0.031077853,0.723558212,0,1.079,0.407,7.803,7.396,1.548962149,6.716984318,2.56675269,0.242705428,0.254143752,25,150,150,43,0,34,0,23,0,26,0,1.39,1.484017094,1.45,1.4,0.991025641,0,0.141025641,0.030499275,0.013322481,-2.110639612,22.6233,84.4175,732.6605717,746,376,1110,9.142374656,5.472046375,0,84.95570374,3160,8.557204316,2.363,Humid
8001,1,82,5,1984,1993,75924000,0.247511756,1,0,0,0,0,0,0,157.7139672,189.8503932,222.415775,260.3932454,308.7705506,0.002872957,0.002872957,0.002895402,0.548223031,0.638671796,0.61341222,0.124428762,0.715673509,0,1.104,0.512,7.066,6.554,1.313142047,7.263160812,2.7727302,0.199735908,0.19484943,25,150,150,79,68,11,10,10,22,7,4,1.59,1.519113924,1.45,0.53,0.83835443,0.3,0.193670886,0.019658612,0.006829146,-1.538422308,21.8317,81.6058,430.996363,366,251,971,5.904887197,2.074370861,0,92.06546783,2210,7.000104175,1.242,Humid
8003,44,16308,46,1967,2004,3614900000,1.019793646,0.958333333,0.041666667,0,0,0,0,0,157.8703004,174.5770706,183.078742,200.5041246,219.1359814,0.016798002,0.018359215,0.01581603,0.400029621,0.394118518,0.342072,0.150576064,0.712304429,0,1.127,0.144,7.634,7.489,2.089570159,7.104116754,2.89603471,0.196926576,0.19757758,25,150,150,79,68,11,10,10,22,7,4,1.59,1.540432277,1.45,0.53,0.745619597,0.3,0.225648415,0.021230788,0.008982005,-0.71207502,21.8986,82.7117,485.2424658,478,199,1116,6.57562764,3.818437338,0,138.608902,9730,7.014097195,1.5637,Humid
8005,3,2240,4,1977,1988,553631000,0.41415343,1,0,0,0,0,0,0,59.87419671,65.57548404,73.50087969,81.18340871,91.4856165,0.000556141,0.000636472,0.000630293,0.160712355,0.165652739,0.173040144,0.05087749,0.71862435,0,1.485,0.335,7.55,7.215,1.498262165,9.982307365,3.631175129,0.225245005,0.231523458,75,150,150,79,68,11,10,10,22,7,4,1.59,1.536902655,1.418141593,0.53,0.617610619,0.3,0.321238938,0.024395126,0.008844161,-1.110057438,20.9125,81.8861,470.5572022,440,278,929,5.546611703,3.255381346,0,103.8763199,3225,6.05922701,1.2281,Humid
8006,101,15153.921,137,1908,2011,7745704470,0.393777059,0.971631206,0.021276596,0,0,0,0,0,221.9187798,245.1595773,269.5762019,298.3917306,330.3359436,0.016128371,0.017840005,0.017337978,0.541970677,0.548629609,0.542182832,0.122850602,0.714319409,0,1.088,0.144,7.728,7.584,2.432178023,9.471602055,3.668087128,0.202258075,0.20219413,25,150,150,79,68,11,10,10,22,7,4,1.59,1.521967054,1.412274907,0.53,0.673938953,0.3,0.286443798,0.019349102,0.007628329,-0.09091221,21.7267,82.7881,379.9291056,333,199,1139,4.092633213,1.923137784,0,138.608902,57780,4.324717682,1.575,Humid
8009,5,0,6,1917,2003,202086000,0.231111711,1,0,0,0,0,0,0,296.191179,317.3890748,326.4870178,357.0752025,377.514994,0.019306309,0.020828271,0.018401906,0.438257606,0.432949299,0.36257458,0.05230347,0.718749497,0,1.4,0.418,7.634,7.216,1.422234244,6.938098346,2.709699882,0.213633437,0.215126934,25,150,75,79,68,11,10,10,22,7,4,1.59,1.571308411,1.45,0.53,0.611308411,0.3,0.271962617,0.023448566,0.009004168,-1.768076934,22.0567,82.2194,456.0500721,378,234,1139,6.543468399,3.138582945,0,106.1707458,3035,6.935508597,1.4359,Humid
8011,37,0,60,1908,2005,1465565470,0.175310163,0.983606557,0.016393443,0,0,0,0,0,281.2232206,310.3037082,342.5114805,379.2625996,420.5735487,0.019575834,0.022380723,0.022237106,0.625782762,0.63977734,0.641481279,0.136232456,0.714283541,0,1.036,0.173,7.635,7.463,2.437830156,9.360726061,3.615750662,0.200457488,0.198397227,25,150,150,79,68,11,10,10,22,7,4,1.59,1.510114723,1.40157672,0.53,0.684674952,0.3,0.284493308,0.018229657,0.007081269,-0.131032753,21.7158,82.3472,352.6636621,314,216,1139,3.401795323,1.52037394,0,106.1707458,29645,3.694579047,1.601,Humid
8013,19,0,30,1958,2014,3376487000,0.291796399,0.833333333,0.027777778,0,0.027777778,0,0,0.027777778,149.378737,163.2431003,178.0265838,194.5516356,212.8889995,0.002748831,0.002992169,0.003230109,0.499675959,0.546292267,0.555521432,0.030924326,0.721988167,0,1.319,0.394,7.635,7.241,3.459665025,12.76748619,4.793443434,0.235177167,0.245834605,150,150,150,47,39,29,27,24,34,9,8,1.39,1.47985755,1.385270655,0.86,0.704900285,0.38,0.333618234,0.024287133,0.009664787,-0.404307868,20.65,83.7222,388.1384166,299,119,1321,9.372519122,3.211387634,0,180.815567,19600,8.257787854,1.4285,Humid
8016,12,0,20,1958,2014,2758657000,0.366675314,0.8,0.04,0,0.04,0,0,0.04,171.1188065,186.828413,203.7581517,223.0546736,244.2634193,0.001374135,0.001805696,0.002182893,0.568928818,0.619833715,0.622929074,0.044440564,0.721331964,0,1.208,0.394,7.635,7.241,1.587365591,13.27950339,4.955182601,0.23074167,0.240272369,150,150,150,47,39,29,27,24,34,9,8,1.39,1.462205882,1.374068627,0.86,0.73625,0.38,0.34627451,0.022096232,0.007778522,-0.54806979,20.2039,83.2231,372.3421657,296,166,1096,7.953628601,2.700042963,0,180.815567,11960,7.809003928,1.4766,Humid
8020,14,0,22,1908,2005,682460470,0.361359494,1,0,0,0,0,0,0,229.6619884,251.8961426,277.9583558,300.4542425,325.1186986,0.007831996,0.007572575,0.008278935,0.487216434,0.497807605,0.516226543,0.106374718,0.723123798,0,1.015,0.254,7,6.746,1.461240751,10.27099878,4.021448498,0.203817689,0.201712949,25,150,150,79,68,11,10,10,22,7,4,1.59,1.526854839,1.408117155,0.53,0.626774194,0.3,0.301532258,0.018282384,0.00689094,-0.270700614,21.2361,81.2472,350.4945645,341,271,759,2.734976933,1.686703444,0,75.24497986,6990,2.638273997,1.3787,Humid
8021,13,0,12,1981,2003,20057000,0.00771946,1,0,0,0,0,0,0,110.5433513,117.355515,134.4136041,145.1858786,156.5906915,0.002055024,0.002052933,0.002669649,0.459045867,0.461790776,0.398647406,0.132451134,0.717513009,0,1.179,0.407,8.024,7.617,1.272712256,5.776084896,2.398667865,0.213586492,0.219133408,25,150,150,79,68,11,10,10,22,7,4,1.59,1.514311377,1.413478261,0.53,0.691856287,0.3,0.269461078,0.02478845,0.010894134,-1.349710041,21.9864,83.2042,461.9137609,392,211,1147,7.648566812,3.602800131,0,121.7013779,4625,7.858927267,1.6445,Humid
8023,11,0,10,1967,2004,15704000,0.050160723,1,0,0,0,0,0,0,114.0897658,123.8408147,121.1710542,127.5498539,136.3700152,0.006795161,0.0080723,0.010665575,0.268433213,0.268452712,0.263422148,0.183023593,0.70617792,0,1.224,0.578,7.478,6.9,5.164122137,5.921239938,2.240879042,0.194532323,0.192176309,25,150,25,43,0,34,0,23,0,26,0,1.39,1.412222222,1.45,1.4,1.303333333,0,0.033333333,0.020171604,0.008340886,-3.86305536,23.2036,82.2172,668.1544332,684,419,1046,5.76987321,4.237790108,0,87.34147644,1100,7.750810007,1.3239,Humid
8028,1,0,2,1909,1909,12090000,0.011729819,1,0,0,0,0,0,0,500.6299336,536.6330573,585.7421237,632.0285618,716.8428196,0.040090101,0.050579048,0.050341304,0.845002942,0.822727529,0.835404528,0.18989128,0.704703853,0,0.887,0.199,7.154,6.956,1.465555912,12.7370578,4.789413672,0.198212557,0.198835753,50,150,150,79,68,11,10,10,22,7,4,1.59,1.506428571,1.389642857,0.53,0.6275,0.3,0.318571429,0.016139219,0.00693534,-0.280945067,21.3411,81.5939,309.0935805,306,258,448,1.208421165,1.01552999,0,13.90891266,2511,1.488961645,1.4903,Humid
8029,13,0,15,1923,1988,1935939000,0.598053849,0.9375,0,0,0,0,0,0,119.6485478,130.2179542,141.2239454,154.2329799,168.6198092,0.003418864,0.003668107,0.003636364,0.356599947,0.361272081,0.369136173,0.065895213,0.718333875,0,1.296,0.335,7.603,7.268,1.468007663,12.23155324,4.382356592,0.218916318,0.22439395,75,150,150,79,68,11,10,10,22,7,4,1.59,1.569591837,1.437755102,0.53,0.563673469,0.3,0.308163265,0.02219496,0.008309381,-0.428501156,20.9736,81.8783,445.8448123,420,269,929,4.941582497,2.564954042,0,103.8763199,8760,5.179658104,2.0046,Humid
8030,0,0,4,1961,2002,124542000,0.093018625,1,0,0,0,0,0,0,135.6337984,145.6743643,161.5720073,179.8037442,202.2148044,0,0,0,0.519256466,0.522711528,0.520068058,0.039322033,0.719793789,0,1.097,0.457,7.728,7.271,1.3461006,8.92543094,3.762592262,0.202776257,0.198204952,50,150,150,47,39,29,27,24,34,9,8,1.39,1.452975207,1.367603306,0.86,0.755371901,0.38,0.354545455,0.019139072,0.006524539,-0.653777499,21.6517,82.5172,346.942471,320,220,863,4.38343879,2.530055046,0,97.96865082,2920,3.717777835,1.3433,Humid
8031,7,0,11,1974,2006,78750500,0.041265808,1,0,0,0,0,0,0,184.2816997,196.8043077,210.4252138,221.810124,237.2700458,0.000988426,0.000785178,0.000958473,0.749132453,0.758982478,0.763002503,0.047063355,0.719010139,0,0.977,0.332,7.59,7.258,6.547037733,10.85291496,4.686202158,0.21472862,0.217602075,125,150,150,47,39,29,27,24,34,9,8,1.39,1.432168675,1.35313253,0.86,0.71686747,0.38,0.362771084,0.018434092,0.006366525,-0.639810236,20.9833,83.5394,257.3732106,250,126,1005,4.822895577,2.207262754,0,143.5631409,4650,3.552890359,2.0073,Humid
8034,57,0,90,1908,2011,4127897470,0.264860484,0.97826087,0.010869565,0,0,0,0,0,233.0021017,257.3250198,284.7316847,315.5128642,349.7462596,0.01584553,0.017631097,0.017535059,0.564742389,0.574095836,0.576847414,0.115848194,0.714939392,0,1.083,0.173,7.728,7.555,2.364330721,9.971364458,3.830829318,0.203503866,0.20309404,25,150,150,79,68,11,10,10,22,7,4,1.59,1.516869773,1.405289256,0.53,0.661989247,0.3,0.298506571,0.018989191,0.007304429,-0.093198259,21.7167,82.5967,361.4380346,322,204,1139,3.636170903,1.707657099,0,116.2132874,48050,3.806854348,1.5904,Humid
8035,19,0,36,1908,2005,973902470,0.200837115,1,0,0,0,0,0,0,299.7105131,332.2819698,369.2025022,410.3546752,456.6817277,0.024606101,0.029028213,0.029267998,0.622073141,0.614595397,0.641409297,0.143502062,0.715766349,0,0.965,0.173,7.154,6.982,1.885334599,10.04501084,3.905163926,0.198729368,0.19577783,25,150,50,56,44,20,19,24,37,11,10,1.41,1.492436548,1.384764493,0.74,0.685837563,0.34,0.298950931,0.017578692,0.006780065,-0.12084496,21.6256,81.6931,339.423031,317,240,882,2.730605285,1.372877121,0,81.06031799,30761,2.957618149,1.4584,Humid
8036,5,0,4,1981,2006,42696000,0.013531666,1,0,0,0,0,0,0,137.1176943,147.3582041,157.9861488,170.0743823,183.2960101,0.003687386,0.003796729,0.003221416,0.660154863,0.675338417,0.580108973,0.032079858,0.721766989,0,1.083,0.468,7.866,7.398,1.278803987,6.58310774,2.694415405,0.232768756,0.242835609,25,150,150,79,68,11,10,10,22,7,4,1.59,1.528666667,1.439299363,0.53,0.752428571,0.3,0.23,0.024780808,0.010450796,-1.011486348,22.1153,84.0111,517.7097306,480,215,1138,6.327791508,3.813777685,0,113.2664032,5870,7.587464679,1.6454,Humid
8038,176,0,238,1908,2014,20665105030,0.472134084,0.926070039,0.019455253,0.003891051,0.011673152,0,0.003891051,0.007782101,193.3381238,211.1847342,230.6639584,252.453016,276.4664344,0.009758388,0.010613887,0.01041961,0.551181335,0.568707122,0.56089403,0.086492949,0.717159969,0,1.151,0.131,8.024,7.892,4.786539424,12.97948817,5.090883258,0.216137685,0.220830689,25,150,150,79,68,11,10,10,22,7,4,1.59,1.504176123,1.401121678,0.53,0.671644424,0.3,0.299886903,0.021685737,0.008789246,-0.061046391,20.5894,84.7833,358.4428147,310,41,1321,5.832801794,2.362890244,0,180.815567,124450,5.499013291,1.7687,Humid
9001,1,199,7,1919,2004,409294162,0.230700531,1,0,0,0,0,0,0,162.4623887,175.6232746,187.2767966,200.0742026,211.5668753,0.019021545,0.020676575,0.020780089,0.559107545,0.564272524,0.555323939,0.179585453,0.70572638,0,0.792,0.156,2.074,1.918,14.67643012,20.12205808,7.049604108,0.205798559,0.215566428,25,150,125,16,15,29,28,55,57,4,5,1.21,1.276512456,1.220461538,0.75,0.979608541,0.45,0.317651246,0.030850859,0.016635516,-1.369550402,14.7172,78.6686,289.3874684,247,135,912,4.68649953,1.333456159,0,108.5986862,8758,4.451493495,1.6705,Semi_arid
9002,15,5677.97,49,1908,2008,1579183208,0.68272896,0.941176471,0.019607843,0,0,0,0,0,185.664454,196.1339779,207.4433168,218.9966369,231.0966712,0.007042455,0.007750272,0.007996355,0.621218335,0.620123401,0.610788146,0.072143647,0.716155998,0,0.647,0.156,7.379,7.223,6.14623335,21.79605522,7.405034158,0.217849592,0.234277733,25,150,150,47,39,29,27,24,34,9,8,1.39,1.350331754,1.298505535,0.86,0.913902054,0.38,0.343372828,0.026479967,0.013834378,-0.443771571,14.5722,78.8,458.9351632,432,118,1441,5.176799953,2.150133371,0,117.0291443,37981,4.846242404,2.0475,Semi_arid
9005,1,0,9,1969,2008,60585000,0.437575729,1,0,0,0,0,0,0,139.2375303,145.560974,152.6247544,160.619914,167.0153223,0.000599975,0.001032516,0.00109949,0.571394287,0.551465335,0.543840066,0.044133846,0.721226379,0,0.649,0.266,7.379,7.113,1.893678493,20.83064848,7.42475921,0.223984585,0.241168371,25,150,150,47,39,29,27,24,34,9,8,1.39,1.385726141,1.326095238,0.86,0.920912863,0.38,0.333278008,0.02612544,0.0124301,-1.820277769,14.5806,78.6778,540.8020885,567,133,1358,6.763941368,3.222442389,0,116.0229416,7187,6.258822107,1.3083,Semi_arid
9008,0,0,8,1959,2000,47355000,0.439390548,0.875,0,0,0,0,0,0,108.0769079,114.8705256,121.1861402,127.0361675,133.9441304,0.001702235,0.001702235,0.001860677,0.30912016,0.308982031,0.308608271,0.033265306,0.720407504,0,1.001,0.17,7.488,7.317,6.245156981,16.98885427,5.997807743,0.239106376,0.250951073,25,150,150,47,39,29,27,24,34,9,8,1.39,1.39,1.33,0.86,1.063294118,0.38,0.236941176,0.031926902,0.01437236,-4.886061163,14.7211,79.0189,312.3976994,264,114,875,10.85645211,3.040747881,0,113.0923309,2486,7.710087245,1.2228,Semi_arid
9011,0,0,10,1975,2008,82321462,1.455509943,1,0,0,0,0,0,0,181.4217126,192.2787074,204.3428164,215.4655012,227.8175052,0.002206992,0.002500029,0.002690922,0.654995956,0.652931297,0.649187114,0.011907197,0.722965149,0,0.607,0.25,1.494,1.243,1.237083333,22.9715103,7.463824579,0.225276676,0.244120658,150,150,150,47,39,29,27,24,34,9,8,1.39,1.390049505,1.3299,0.86,0.863960396,0.38,0.376336634,0.028698843,0.016473619,-1.995034118,14.5978,78.0133,553.3518925,540,257,1220,6.309262964,2.872352362,0,81.7096405,6262,5.700759813,1.4161,Semi_arid
9012,12,0,17,1908,1994,603936584,6.982129156,0.941176471,0.058823529,0,0,0,0,0,222.3277668,233.9008716,246.1691004,258.1148609,272.7299574,0.003837639,0.003995142,0.004429275,0.701881802,0.71978199,0.694427188,0.020607852,0.722148556,0,0.569,0.227,1.578,1.352,1.629664055,23.64532803,7.524214314,0.220219573,0.240751984,25,150,150,47,39,29,27,24,34,9,8,1.39,1.367159905,1.312525773,0.86,0.87575179,0.38,0.361622912,0.022698181,0.011946144,-0.938394735,14.9222,78.0028,548.8594773,544,225,1441,4.163808856,2.039795637,0,117.0291443,12482,4.249233595,1.6431,Semi_arid
10004,8,0,27,1911,2002,91522000,0.055907607,0.928571429,0,0,0,0,0,0,312.4427027,352.7304997,401.4554922,455.2331582,522.1579798,0.002326334,0.001947756,0.002828362,0.336939883,0.34184768,0.705814738,0.053125088,0.736074667,0,0.67,0.327,1.069,0.742,1.218729535,12.35762595,5.129202438,0.189083163,0.183121517,75,150,125,48,37,23,22,29,41,7,3,1.37,1.331640625,1.27859375,1.63,1.343046875,0.56,0.51265625,0.013329585,0.00689824,-0.998951491,23.0542,74.3197,364.0338056,357,216,567,4.107836219,3.138582945,0,47.24124908,3121,4.487977777,1.376,Semi_arid
10005,1,73.74,2,1986,1986,152120000,0.628782343,1,0,0,0,0,0,0,125.3844998,137.0258873,148.3637538,160.918336,184.3950932,0,0,0.000583903,0.356492222,0.378735033,0.385274746,0.063950472,0.72089865,0,0.88,0.285,1.696,1.411,1.261453879,11.99157885,4.856450758,0.191958434,0.182352444,125,150,125,16,15,29,28,55,57,4,5,1.21,1.273333333,1.266666667,0.75,0.833333333,0.45,0.433333333,0.013588042,0.00637771,-1.72079882,24.0867,74.4756,436.671917,459,216,588,4.509529983,2.68021369,0,85.16098785,1510,6.366061754,1.9234,Semi_arid
10008,71,27772.35,152,1730,2016,6405341512,1.178757965,0.862857143,0.017142857,0.005714286,0.028571429,0.005714286,0.005714286,0.005714286,278.5568144,310.1429227,346.2971108,385.1734339,429.6362319,0.00173565,0.002109738,0.002327363,0.459573539,0.471964764,0.551604868,0.051293076,0.736490007,0.230769231,0.734,0.177,7.406,7.229,3.684553578,17.46282477,6.98686701,0.198133916,0.199272234,25,150,125,48,37,23,28,29,41,4,5,1.37,1.354650767,1.303646953,1.63,1.060620221,0.45,0.427875956,0.014843248,0.007499927,-0.210593595,22.5347,73.1408,306.2759274,301,2,1005,4.750513786,2.803431034,0,114.0417633,32510,4.61673148,2.5201,Semi_arid
10010,5,0,23,1974,2012,296519500,0.165811234,0.793103448,0,0.034482759,0.034482759,0,0.034482759,0,226.7432883,250.224674,279.7134111,307.5749826,341.4290609,0.003411515,0.005494722,0.005949766,0.649605585,0.658382937,0.699089649,0.090000004,0.749894209,0,0.628,0.183,1.141,0.959,1.357142857,7.350334314,2.528566758,0.179135022,0.162590963,125,150,125,16,15,29,28,55,57,4,5,1.21,1.211353383,1.210676692,0.75,0.764887218,0.45,0.45,0.0128661,0.006943385,-0.568197817,23.3497,74.7181,456.8879124,459,286,602,2.739625003,2.03105998,0,48.37671661,3880,4.258782975,1.5395,Semi_arid
10011,7,0,50,1730,2016,3334682500,1.349477229,0.833333333,0.016666667,0.016666667,0.016666667,0.016666667,0.016666667,0,200.7141954,223.8652326,249.7381345,276.0169416,306.8790898,0.001101702,0.001941494,0.002142132,0.354575637,0.383265543,0.431599264,0.054882014,0.739801346,0.333333333,0.724,0.177,1.696,1.519,1.584291645,16.00237128,6.261911357,0.198639863,0.196413167,25,150,125,16,15,29,28,55,57,4,5,1.21,1.338031088,1.298560461,0.75,0.823762887,0.45,0.36371134,0.015292987,0.007444827,-0.340857572,23.7675,74.1367,390.3901901,400,128,1005,5.667079925,3.211387634,0,99.45008087,16247,5.507219923,1.7467,Semi_arid
10013,8,10846.006,8,1892,1989,151454000,0.322833161,0.7,0,0,0.1,0,0,0,826.7213737,897.1789046,962.6704924,1042.929651,1125.349229,0.023159334,0.048754067,0.050206087,0.857717409,0.830624561,0.830048362,0.183244535,0.738922759,0,0.737,0.179,1.205,1.025,39.11087091,17.91706842,7.565618567,0.209112014,0.225416327,75,150,150,42,40,36,35,22,25,9,12,1.4,1.38,1.347096774,1,1.146451613,0.4,0.444946237,0.01545382,0.009251335,-0.892498747,22.1103,73.0789,58.04293846,44,13,809,1.622677966,0.942895889,0,118.6946716,2400,1.215700821,1.2843,Semi_arid
10014,1,0,8,1730,2000,792223000,0.877730307,0.888888889,0,0,0,0,0,0,182.3573228,203.9050228,229.8572701,256.7069838,287.8129817,0.000423622,0.001121218,0.001299646,0.212772448,0.279176423,0.292865875,0.032802666,0.732341502,0.333333333,0.788,0.209,1.696,1.487,1.365757687,18.83244373,7.485209378,0.207706613,0.210494183,25,150,50,79,70,10,10,11,20,4,8,1.57,1.438766667,1.386157025,0.5,0.854818482,0.28,0.284587459,0.016149401,0.007587375,-0.739225377,23.8728,74.2236,386.9892031,385,148,1005,6.891892308,3.883082867,0,99.45008087,8329,5.975791045,1.6899,Semi_arid
11001,8,7591.23,11,1935,1990,984095000,1.969768293,0.916666667,0,0,0,0,0,0,158.3941032,173.4311788,188.4582947,205.0946134,223.6168208,0.000779333,0.000779333,0.001212125,0.268719013,0.280963478,0.295724603,0.144768004,0.718415806,0,0.893,0.27,7.5,7.23,8.430609756,20.01502042,7.430378032,0.213765199,0.219581367,25,150,25,43,0,34,0,23,0,26,0,1.39,1.434824561,1.421538462,1.4,1.099122807,0,0.154035088,0.019337131,0.008388938,-1.448909146,23.5764,72.8067,426.9952625,393,88,1173,11.28491814,6.037479401,0,131.2857819,6724,6.493777506,1.6367,Semi_arid
11005,0,0,0,,,0,0,,,,,,,,117.2180923,131.5775941,150.9862582,172.7568795,191.0612473,0,0,0,0.083317205,0.151846757,0.161414007,0.10040605,0.713633428,0,0.971,0.465,7.329,6.864,1.121487603,13.72996457,5.043789977,0.218650174,0.218652619,25,150,25,43,0,34,0,23,0,26,0,1.39,1.393134328,1.38,1.4,1.274626866,0,0.125373134,0.022970347,0.008835532,-5.713415487,24.3556,73.1681,624.2221473,616,284,1173,16.5878816,11.81294632,0,131.2857819,1421,9.165259915,2.0745,Semi_arid
11006,3,0,3,1978,1988,46688000,0.081343438,1,0,0,0,0,0,0,116.5972285,128.5636001,142.9064125,158.557665,175.5977027,0,0,0,0.091221492,0.1309599,0.146551526,0.119583453,0.71171027,0,0.949,0.443,7.429,6.986,1.136497842,15.87496919,5.896931723,0.216944303,0.218221239,25,150,25,43,0,34,0,23,0,26,0,1.39,1.39204918,1.38,1.4,1.318032787,0,0.081967213,0.021648861,0.008416251,-3.006415347,24.2311,73.0083,571.3328527,566,206,1173,14.76824092,10.57557678,0,131.2857819,3650,7.914570366,1.8624,Semi_arid
11007,8,5276.2,8,1965,2009,236747000,0.533348988,1,0,0,0,0,0,0,281.0210808,301.7082024,326.588503,354.7289802,386.6380885,0.002340035,0.002340035,0.002281371,0.660505878,0.659994199,0.69707626,0.071130391,0.730008989,0,0.771,0.332,1.327,0.995,14.41046903,22.20272371,8.646058955,0.212708746,0.226036205,50,150,125,48,37,23,22,29,41,7,3,1.37,1.433301887,1.359622642,1.63,1.198490566,0.56,0.45245283,0.013957143,0.006796115,-1.266875789,22.9772,72.8844,163.885356,154,35,380,2.579361503,1.738614082,0,39.06821823,2916,2.839690224,1.3687,Semi_arid
11010,29,2386.41,42,1910,2009,2137534000,0.83878149,0.933333333,0,0,0.022222222,0,0,0,539.647094,589.9695366,639.689092,700.5113933,763.4830435,0.009126896,0.016152505,0.016592647,0.591404928,0.591226507,0.600689287,0.152108995,0.729273909,0,0.802,0.189,7.5,7.311,22.53780577,20.50302763,7.8873921,0.213242224,0.223262994,25,150,150,42,40,36,35,22,25,9,12,1.4,1.434422188,1.390971429,1,1.037180277,0.4,0.315254237,0.016325574,0.007762365,-0.437228003,22.6497,72.5356,231.7910185,164,4,1173,5.596199564,1.779052377,0,131.2857819,19636,3.483004879,1.5514,Semi_arid
12004,23,1024.72,43,1909,2003,4036874000,,0.913043478,0.02173913,0,0.02173913,0,0,0,169.8418032,183.2044127,197.88273,213.3803943,229.2925846,0.003620311,0.005641446,0.005698138,0.518683127,0.526259718,0.545782385,0.099179806,0.73897043,0,1.101,0.308,7.74,7.432,7.875206289,5.96497393,2.246275431,0.194437178,0.19027784,25,150,125,16,15,29,28,55,57,4,5,1.21,1.26723913,1.223380282,0.75,0.94576087,0.45,0.363347826,0.02141097,0.007926217,-0.223664801,23.0308,79.0156,569.9489272,556,309,1139,6.052295361,3.441246986,0,91.25751495,26453,5.801452987,2.0399,Humid
12006,0,0,3,1978,1988,30045000,,1,0,0,0,0,0,0,104.4613591,112.0510502,123.5420389,134.066687,150.3665314,0,0,0,0.51542501,0.507447251,0.466141531,0.092479883,0.749200263,0,0.832,0.383,7.333,6.95,1.337744839,6.003487852,2.455860207,0.186564216,0.177294609,125,125,125,16,15,29,28,55,57,4,5,1.21,1.210384615,1.21,0.75,0.767307692,0.45,0.456923077,0.018660655,0.006856486,-1.300266931,22.9278,79.3397,559.4917926,583,346,895,5.64418675,3.415314198,0,59.4763298,1508,6.912420267,1.5083,Dry_sub_humid
12012,0,0,1,1956,1956,973000,,1,0,0,0,0,0,0,73.7930929,76.3442968,79.46812944,85.75346506,98.1349083,0,0,0,0.224394381,0.153879639,0.236905334,0.106340047,0.736451847,0,1.181,0.593,7.668,7.075,2.198654709,5.675524807,2.610490201,0.196021762,0.191709665,125,150,150,21,18,28,28,51,54,5,5,1.23,1.22703125,1.21703125,0.97,1.03828125,0.45,0.5034375,0.020861766,0.006939932,-1.578337608,22.4058,77.3081,506.3907967,512,289,827,8.302373105,5.848995209,0,62.37525177,1729,7.707312556,2.4361,Humid
12015,1,0,2,1984,1991,4620000,,1,0,0,0,0,0,0,190.7343926,209.9501253,243.7172725,260.3356251,296.9358912,0,0,0,0.704655057,0.704655057,0.712486936,0.092012101,0.743690496,0,0.698,0.416,1.024,0.608,1.176823177,9.839191088,4.01832241,0.192756468,0.183931712,125,150,150,21,18,28,28,51,54,5,5,1.23,1.227241379,1.21862069,0.97,0.939655172,0.45,0.45,0.013342164,0.007113353,-2.803899705,22.2056,74.8519,334.2696608,317,150,573,5.050617642,3.399659395,0,54.72631454,787,6.488080215,1.3713,Semi_arid
12016,3,0,4,1976,2000,7457970,0.053858074,1,0,0,0,0,0,0,57.59867771,66.11230793,73.39173331,79.91487101,83.24880791,0.000442927,0.000442927,0.000430026,0.602982661,0.639233865,0.584310926,0.105589818,0.748568454,0,1.15,0.514,7.369,6.855,2.447305998,6.114639222,2.1847982,0.220190999,0.220109467,25,150,25,43,0,34,0,23,0,26,0,1.39,1.446962025,1.46,1.4,1.115189873,0,0.088607595,0.024945761,0.0095209,-1.678851697,22.9478,81.0761,834.2984277,805,656,1139,8.232341721,4.714479446,0,63.25278473,2292,7.165767963,1.6274,Humid
12018,3,0,3,1976,1983,31568500,,1,0,0,0,0,0,0,100.8830324,106.8373843,115.037411,127.7627117,141.707034,0.000461465,0.000461465,0.000461465,0.264200142,0.266959973,0.319894087,0.136562957,0.739591362,0,1.039,0.509,7.803,7.294,5.38355681,5.628681464,2.256916339,0.197739292,0.189714933,125,150,125,16,15,29,28,55,57,4,5,1.21,1.213333333,1.210493827,0.75,0.866419753,0.45,0.492222222,0.021824292,0.007226452,-1.093928147,22.9228,78.7908,631.5899492,634,322,1093,9.058485628,6.16570282,0,80.16034698,2270,10.77950892,2.0573,Humid
12020,54,0,0,,,0,,,,,,,,,160.3391287,174.9371494,190.5558146,208.2449611,227.5036718,0.002509016,0.00309934,0.003331151,0.48076165,0.463998852,0.518403488,0.112492015,0.738243545,0,0.963,0.034,8.943,8.909,8.801091889,8.698677197,3.676622096,0.195176609,0.191427525,25,150,125,16,15,29,28,55,57,4,5,1.21,1.239501953,1.217571429,0.75,0.949580078,0.45,0.440983073,0.018166419,0.007361269,-0.072119306,21.8864,73.6544,439.4832859,397,9,1317,5.884934862,2.719727516,0,161.1884308,87892,6.155111609,1.5237,Dry_sub_humid
12025,41,0,0,,,0,,,,,,,,,153.1279083,165.1684032,177.8290977,191.3233624,206.1010419,0.002798989,0.003772485,0.004133376,0.500820818,0.478723455,0.522933156,0.123097092,0.735001817,0,1.095,0.245,8.943,8.698,12.7050746,6.742596831,2.620392029,0.193583611,0.189350703,25,150,125,16,15,29,28,55,57,4,5,1.21,1.249385113,1.217863464,0.75,0.984347357,0.45,0.424185545,0.020018458,0.007456485,-0.1138737,22.4917,76.9936,508.4395334,470,259,1317,5.935102791,2.872352362,0,161.1884308,54027,5.94643772,1.7695,Dry_sub_humid
12026,40,0,139,1909,2004,6957200570,0.293865855,0.872611465,0.025477707,0.006369427,0.031847134,0.012738854,0.006369427,0.006369427,157.596819,169.85169,183.0761535,196.6668868,211.6032167,0.002712045,0.003999845,0.004173501,0.491831416,0.468678033,0.518161551,0.120273971,0.734544915,0,1.101,0.245,8.943,8.698,11.65359466,6.368105505,2.462086209,0.194054799,0.189681086,25,150,125,16,15,29,28,55,57,4,5,1.21,1.254134008,1.218687023,0.75,0.979178255,0.45,0.407458913,0.020611592,0.007660854,-0.135171438,22.7561,77.7328,527.2687412,491,281,1317,6.1673383,3.06984663,0,161.1884308,44548,6.207107696,1.8488,Humid
12029,3,0,5,1955,1992,7156000,,1,0,0,0,0,0,0,204.3955471,228.8133281,255.3687677,280.4958679,311.231379,0.002166979,0.002166979,0.002156876,0.522842934,0.517496205,0.435305082,0.090000004,0.749894209,0,0.688,0.264,1.356,1.091,1.339102435,13.70172708,6.750278583,0.198181734,0.194872163,125,150,125,16,15,29,28,55,57,4,5,1.21,1.213741007,1.211870504,0.75,0.791151079,0.45,0.45,0.014751247,0.007191353,-0.788218948,22.1014,75.6842,372.2109883,325,153,980,4.974433261,2.458771706,0,85.42969513,3919,7.601772093,1.4953,Semi_arid
12035,47,0,35,1909,2002,110167000,,0.944444444,0,0,0.027777778,0,0,0,154.1619192,167.7556271,182.1936175,197.7601876,214.2040262,0.002704797,0.003410325,0.003674211,0.504550763,0.481020949,0.51310927,0.117313508,0.736899882,0,1.019,0.034,8.943,8.909,10.35147877,8.276364072,3.425582369,0.193854998,0.189770949,25,150,125,16,15,29,28,55,57,4,5,1.21,1.240501961,1.216281826,0.75,0.954517647,0.45,0.438431373,0.018465751,0.007190692,-0.079957103,22.1683,75.6608,461.1159435,416,131,1317,5.40015535,2.537073374,0,161.1884308,72809,5.756073803,1.6595,Semi_arid
12036,3,0,192,1909,2010,21093729070,0.693913255,0.882629108,0.028169014,0.004694836,0.028169014,0.014084507,0.004694836,0.004694836,71.90813207,78.56384557,86.28391338,93.65532106,102.1686518,0.00026721,0.00026721,0.000255064,0.597957866,0.615717227,0.610393265,0.098118715,0.749218118,0,1.087,0.392,7.369,6.976,1.796458765,5.907077878,2.132173356,0.211733664,0.210141418,25,150,25,43,0,34,0,23,0,26,0,1.39,1.414352941,1.389245283,1.4,1.141470588,0,0.102294118,0.024470121,0.009031348,-1.128996822,22.7358,80.5131,765.9497297,761,442,1139,8.353376676,5.393496513,0,66.64533234,4667,7.546842638,2.6406,Humid
12038,0,0,3,1984,2000,5345000,,1,0,0,0,0,0,0,78.04745316,80.13007201,87.16357918,96.54454083,106.6815324,0,0,0,0.31835673,0.341958275,0.435478177,0.093011696,0.737955126,0,1.316,0.454,2.752,2.298,1.165021713,4.896498361,1.831536157,0.208701105,0.205534423,25,125,125,16,15,29,28,55,57,4,5,1.21,1.297428571,1.21,0.75,1.065714286,0.45,0.231428571,0.024902737,0.00867011,-1.256827226,22.7658,80.6233,694.2966547,678,450,1009,8.371609979,5.597340107,0,70.115448,3919,8.18004853,1.8969,Humid
12043,3,0,18,1912,1986,57077000,0.034005359,0.85,0,0,0.05,0.05,0,0,402.5757914,429.8264356,449.3344183,485.1275243,513.6480809,0.016414389,0.022624246,0.022729498,0.654957606,0.662900446,0.6561423,0.1484653,0.726381919,0,1.04,0.353,7.74,7.387,19.17753414,6.737874485,2.526656539,0.18220038,0.178655269,25,125,125,16,15,29,28,55,57,4,5,1.21,1.230068493,1.21,0.75,0.887671233,0.45,0.432123288,0.016852288,0.00701954,-0.801439922,23.3111,79.6619,430.1179203,409,345,749,3.858815518,1.789019108,0,91.25751495,3950,3.435653362,1.7736,Humid
12044,1,0,10,1980,1997,15452980,0.039469379,1,0,0,0,0,0,0,223.07419,259.2520333,288.5929326,329.4617116,374.1847534,0.002394206,0.002394206,0.002400147,0.212365512,0.280680596,0.280484545,0.090019506,0.749892914,0,0.555,0.31,1.22,0.91,1.129154796,8.66018832,3.714951364,0.197544786,0.191575428,50,150,150,21,18,28,28,51,54,5,5,1.23,1.222142857,1.216071429,0.97,0.883571429,0.45,0.45,0.015765655,0.007669471,-1.276202949,21.9433,74.7447,452.0392242,438,192,994,7.550955348,4.77444315,0,79.62419128,2151,9.135939804,1.4052,Semi_arid
12046,30,0,86,1909,2003,4135626000,0.270178509,0.884210526,0.021052632,0,0.052631579,0.010526316,0,0,164.4901542,177.2070582,191.0670383,205.6460023,221.2175193,0.003045413,0.004660961,0.004727516,0.517050633,0.52455096,0.546379709,0.113246998,0.739174184,0,1.078,0.308,7.869,7.561,10.79116321,6.116355527,2.306609603,0.193421716,0.188479352,25,150,125,16,15,29,28,55,57,4,5,1.21,1.256643599,1.22012685,0.75,0.950138408,0.45,0.39816609,0.020736301,0.007660965,-0.171485826,22.9158,78.3475,551.2474729,532,292,1208,6.003507014,3.244438887,0,96.17334747,33953,5.980384278,1.8857,Humid
13004,17,0,41,1966,2014,1106655000,0.227719598,0.951219512,0,0,0.024390244,0,0,0,113.4674036,122.4057218,129.5027898,138.4183884,149.3385778,0.00096281,0.000641873,0.000969404,0.284727924,0.254633522,0.253338785,0.090633567,0.747911595,0,1.061,0.38,7.643,7.263,1.321729218,6.581375864,3.384899491,0.198221919,0.194816533,50,150,150,21,18,28,28,51,54,5,5,1.23,1.225394322,1.217697161,0.97,0.919337539,0.45,0.45,0.020168437,0.00798777,-0.590079002,21.2994,76.235,511.2784491,491,214,1163,8.215898591,5.095128536,0,102.0978165,8487,8.544531845,1.4641,Semi_arid
13006,12,0,32,1966,2013,990567000,,0.939393939,0,0,0.03030303,0,0,0,96.95706852,104.1735666,111.6014257,116.0977269,124.0385458,0.0000645,0.0000645,0.0000645,0.262909966,0.230880474,0.224278238,0.090844484,0.747252737,0,1.113,0.437,7.643,7.206,1.21517805,5.473944533,2.710056205,0.198376112,0.19550707,50,150,150,21,18,28,28,51,54,5,5,1.23,1.226820084,1.218410042,0.97,0.935020921,0.45,0.45,0.021407144,0.008261688,-0.839471983,21.5131,76.7572,559.3646835,548,270,1163,8.612230327,5.651085854,0,102.0978165,6660,9.168334696,1.5259,Dry_sub_humid
13007,345,7538681.113,447,1873,2015,13709887119,,0.956834532,0.016786571,0,0.004796163,0,0,0.002398082,240.9506557,260.8039331,282.3344282,305.2272323,330.7610783,0.004175787,0.005222375,0.005575483,0.576632681,0.582266887,0.618425194,0.117452139,0.747811737,0,0.79,0.196,8.944,8.748,8.19974909,9.133853408,4.420282076,0.204019741,0.204968413,50,150,125,16,15,29,28,55,57,4,5,1.21,1.231317446,1.227891187,0.75,0.89182554,0.45,0.459334532,0.016295683,0.007560164,-0.113180855,21.2972,73.0253,379.2178545,333,1,1556,5.176563504,1.968824387,0,164.6210938,63325,6.053331111,1.3699,Dry_sub_humid
13010,44,0,52,1970,2015,502452000,0.439303535,0.893617021,0.042553191,0,0.021276596,0,0,0,286.3741049,301.8398762,317.9121033,340.3981187,359.5943079,0.0048008,0.009772273,0.010910908,0.73031282,0.721663334,0.770453991,0.1466046,0.746256811,0,0.784,0.271,7.598,7.327,14.82516116,7.543160766,3.48116928,0.201996984,0.199747426,50,150,125,16,15,29,28,55,57,4,5,1.21,1.214507042,1.212253521,0.75,0.799577465,0.45,0.45,0.014962204,0.006773073,-0.468198241,20.8742,76.9914,398.1531254,341,240,1162,3.661984442,1.359863758,0,121.0914764,9500,4.679410367,1.7152,Semi_arid
13016,296,0,399,1873,2015,5950991249,,0.956873315,0.016172507,0,0.005390836,0,0,0,240.8379708,259.6594216,279.5121163,300.5261356,324.3127675,0.004380835,0.005580025,0.005970856,0.586862977,0.59265052,0.630454909,0.115534758,0.747901766,0,0.786,0.196,8.944,8.748,8.154462341,8.603330057,4.207137619,0.204018725,0.204425466,50,150,125,16,15,29,28,55,57,4,5,1.21,1.229123711,1.226304124,0.75,0.886469072,0.45,0.459237113,0.016094838,0.007458702,-0.126960699,21.4283,74.5272,402.7606491,349,100,1556,5.042249276,1.941541433,0,164.6210938,58400,5.898194079,1.4088,Semi_arid
13017,221,0,309,1884,2015,4716739600,,0.954385965,0.01754386,0,0.007017544,0,0,0,244.7887544,262.6994823,281.4030207,301.9121018,324.8695844,0.004306332,0.005759987,0.006208637,0.616585265,0.58655957,0.627769419,0.115589234,0.747822964,0,0.82,0.196,8.944,8.748,7.931731735,8.104975689,4.092109009,0.20358284,0.203306947,50,150,125,16,15,29,28,55,57,4,5,1.21,1.226117193,1.222569221,0.75,0.869529942,0.45,0.45469414,0.016355136,0.007428402,-0.150646239,21.1481,75.2408,418.4960819,359,130,1556,5.276920547,1.968824387,0,164.6210938,48136,5.961166499,1.4095,Semi_arid
13025,76,0,97,1970,2015,931944000,0.516570727,0.91954023,0.034482759,0,0.011494253,0,0,0,266.0679421,281.6617274,298.8041736,316.6382308,336.8835523,0.005295087,0.008118967,0.008814344,0.723799976,0.719982254,0.763262641,0.14206921,0.746501679,0,0.776,0.271,7.71,7.44,14.45226307,7.715013253,3.748091243,0.202321924,0.201086688,50,150,125,16,15,29,28,55,57,4,5,1.21,1.215107914,1.212553957,0.75,0.80618705,0.45,0.45,0.014993027,0.007105971,-0.339984479,20.9358,76.4756,384.4972704,335,215,1162,3.8602269,1.436176181,0,121.0914764,16517,4.748584171,1.7987,Semi_arid
14001,8,2371.54,10,1916,2005,504834000,,0.666666667,0.166666667,0,0,0.083333333,0,0,472.9794992,525.9710978,582.30299,662.9235922,737.6243251,0.001588667,0.011070073,0.013620035,0.334712876,0.329744498,0.365818366,0.090301395,0.749874194,0,1.234,0.484,7.579,7.096,1.251239669,10.38390545,4.40833164,0.247309099,0.266964018,50,150,50,49,38,28,23,23,39,10,5,1.4,1.40125,1.3371875,0.58,0.8221875,0.4,0.4225,0.032697518,0.017375158,-4.833255138,19.1622,73.2544,220.3222799,114,4,1096,14.38822241,6.279997826,0,199.2953644,785,19.87085537,1.2989,Humid
14003,14,6801.833,13,1954,2012,1089009615,0.298841667,0.692307692,0.076923077,0,0,0,0,0,159.7260162,177.9802892,205.0545001,235.0896778,277.2232251,0.000463397,0.000559937,0.00143846,0.438952338,0.452950774,0.462141471,0.090000004,0.749894209,0,1.068,0.243,7.645,7.402,1.254045307,10.62771019,4.334788226,0.242188314,0.257569285,50,150,50,49,38,28,23,23,39,10,5,1.4,1.403188406,1.329130435,0.58,0.707536232,0.4,0.4,0.028966954,0.013925528,-2.097799875,19.7125,72.9306,236.6053879,164,-13,1226,10.74938428,6.016828537,0,146.7279358,2019,13.11557345,1.5578,Humid
14004,1,418,2,1969,2000,3401000,,1,0,0,0,0,0,0,182.5970633,192.8118078,211.5092125,230.1138713,247.2067707,0.000607192,0.000607192,0.00063303,0.265795066,0.270471737,0.290405721,0.090447545,0.749864488,0,1.335,0.552,7.684,7.132,1.225248821,10.43591615,5.489554979,0.215903969,0.226919933,125,150,150,49,38,28,23,23,39,10,5,1.4,1.37125,1.305178571,0.58,0.686785714,0.4,0.403928571,0.025691407,0.010702169,-2.583368812,20.8569,72.9836,295.4921763,271,1,1116,11.91402325,7.64152956,0,104.7578964,1510,9.797511354,1.4405,Humid
14005,0,0,0,,,0,,,,,,,,,61.41737208,62.33505994,64.42870986,72.19648549,75.06478646,0,0,0.000820345,0.039106836,0.041871285,0.041725196,0.013150685,0.723819257,0,2.631,0.659,4.501,3.842,1.194756554,9.591552116,2.938855922,0.259147023,0.280366123,50,150,50,47,36,30,27,23,37,35,19,1.4,1.397333333,1.304666667,1.13,1.074333333,0.41,0.401666667,0.046096753,0.02732037,-3.9631349,15.4711,74.1,387.6009154,289,4,1020,17.25287672,13.20188904,0,154.5385284,880,31.42030988,1.634,Humid
14008,0,0,0,,,0,0,,,,,,,,152.5798007,164.2361089,174.7569708,189.5386213,207.036647,0.000546935,0.000546935,0.000535658,0.255959899,0.27921309,0.28343633,0.090000004,0.749894209,0,1.191,0.563,7.616,7.053,1.183303085,10.21459854,5.375852245,0.203497754,0.211013087,125,150,150,49,38,28,23,23,39,10,5,1.4,1.368225806,1.303709677,0.58,0.690806452,0.4,0.410322581,0.022830385,0.009190532,-2.386361339,21.0156,73.1394,308.2101891,295,9,1440,9.688818712,5.855072021,0,128.8448486,1995,9.24112021,1.5071,Humid
14009,2,1994.9927,2,15,15,13551818.6,,0.5,0,0,0,0,0,0,168.3097949,190.2096025,207.0961147,254.532198,260.8122232,0,0,0.001819652,0.370265534,0.420777733,0.444669093,0.090000004,0.749894209,0,1.248,0.63,1.867,1.237,1.252077562,9.10004378,4.286056366,0.249577882,0.269665067,50,50,50,49,38,28,23,23,39,10,5,1.4,1.398181818,1.318181818,0.58,0.693636364,0.4,0.421818182,0.03348022,0.01567414,-8.96242709,18.2317,73.2833,187.8867631,92,5,1053,14.29251479,5.990172386,0,188.3014832,259,24.49157594,1.4451,Humid
14012,8,0,12,1976,2007,42790000,0.039180604,1,0,0,0,0,0,0,154.8680058,162.6479154,187.3060186,203.7704305,221.6208906,0,0,0,0.27964252,0.326897496,0.327762782,0.090000004,0.749894209,0,0.867,0.463,7.155,6.692,1.032528856,8.801553453,3.610700464,0.223259148,0.226722351,150,150,150,49,38,28,23,23,39,10,5,1.4,1.4,1.31,0.58,0.58,0.4,0.4,0.028940622,0.010580927,-4.874383157,20.2033,73.2811,430.3264143,421,96,903,15.43037401,11.69799042,0,78.98969269,764,20.6392592,1.5613,Humid
14014,5,0,6,1976,2010,36462000,0.032809926,0.75,0.125,0,0,0,0,0,126.5631546,146.7427511,168.9362671,193.604734,219.9292551,0.000218103,0.000334424,0.000319884,0.487953471,0.526179571,0.546143221,0.090000004,0.749894209,0,0.939,0.569,7.391,6.822,1.015348288,8.846401356,3.504646681,0.23633121,0.246042658,50,150,50,49,38,28,23,23,39,10,5,1.4,1.4,1.31,0.58,0.58,0.4,0.4,0.030456075,0.012253605,-7.335817378,20.1111,73.2647,399.2818217,388,80,1218,16.29858886,13.2059288,0,146.7279358,640,24.73087087,1.515,Humid
15001,0,0,0,,,0,0,,,,,,,,238.7918312,242.4456477,250.9811208,260.0455665,243.5919894,0.00328131,0.024292726,0.059160095,0.174364418,0.155683009,0.180251475,0.013495145,0.723074549,0,2.149,1.07,4.739,3.669,1.663972286,10.72855063,3.532761588,0.261528157,0.282050286,50,150,150,44,35,33,24,23,41,11,26,1.39,1.3916,1.2932,0.99,1.0124,0.38,0.3848,0.048928873,0.018835606,-6.744563914,12.9289,74.9539,186.5246485,104,2,1880,10.24535598,6.037479401,0,138.7061005,688,19.93988699,1,Humid
15003,4,4909,0,,,0,,,,,,,,,206.0801242,246.8208084,280.7822554,302.8702787,330.9377747,0.004508519,0.00578768,0.00576671,0.155019659,0.162034076,0.087454784,0.01,0.722769797,0,1.705,0.578,9.192,8.614,1.111504425,13.26474011,4.622461216,0.260572762,0.276143854,150,150,150,46,41,30,26,24,33,5,7,1.39,1.3903125,1.321875,1.73,1.456875,0.77,0.6246875,0.041953148,0.012699,-2.997782134,10.6303,76.9461,670.3725341,384,223,2504,17.42716162,4.561121941,0,225.5987854,950,37.07785677,1.3921,Humid
15005,7,72981,0,,,0,,,,,,,,,164.6496252,166.9833629,172.8316043,186.5554519,199.8913027,0.003784281,0.005995489,0.006648463,0.000860738,0.000860738,0.000823638,0.01,0.722769797,0,2.986,0.802,4.541,3.739,2.716096324,8.24651434,2.660656746,0.285522769,0.302051177,50,150,50,47,36,30,27,23,37,35,19,1.4,1.396136364,1.317045455,1.13,1.294545455,0.41,0.513636364,0.053600663,0.017377818,-5.789759326,10.2814,76.3153,699.1831903,699,-5,2315,21.29511151,17.73546791,0,201.0261993,1342,26.83593886,1.328,Humid
15006,0,0,6,1957,1971,883470000,0.472948359,0.4,0.6,0,0,0,0,0,85.54822816,89.62284767,88.38920272,84.09441333,73.62725081,0,0.004430924,0.008828781,0.15309834,0.130646121,0.130778388,0.019767442,0.72362177,0,3.153,1.408,4.666,3.258,1.308333333,10.8246365,3.433766605,0.267026733,0.286773619,50,150,50,47,36,30,27,23,37,35,19,1.4,1.3975,1.305,1.13,1.095,0.41,0.4025,0.053388696,0.024361573,-3.714207417,13.5214,74.88,317.8739792,163,17,1149,16.80584481,9.194081306,0,192.7683258,253,41.825305,1.3213,Humid
15007,0,0,0,,,0,0,,,,,,,,655.8707976,640.5078473,647.1937937,609.3512995,635.4949919,0.014728015,0.025317136,0.031229843,0.012058339,0.012058339,0.010087436,0.01,0.722769797,0,3.493,1.17,4.83,3.659,1.689863843,7.185348745,2.463738095,0.27017921,0.28657955,50,150,150,44,35,33,24,23,41,11,26,1.39,1.393333333,1.296666667,0.99,1.036666667,0.38,0.39,0.046212578,0.016299148,-15.77065347,8.715,76.85,193.109308,114,11,1592,13.59750443,9.459083557,0,123.5469971,540,12.02645961,1.3291,Humid
15008,0,0,0,,,0,0,,,,,,,,179.8830998,189.3325011,191.0921042,204.1184316,221.0936051,0.003786317,0.012243829,0.021796905,0.05252386,0.038919605,0.036180696,0.01,0.722769797,0,2.97,0.931,4.849,3.918,1.310632911,11.73816453,3.656126917,0.262114281,0.284376374,50,150,150,47,36,30,27,23,37,35,19,1.4,1.395794393,1.301588785,1.13,1.014579439,0.41,0.39635514,0.048911805,0.02077272,-2.044325726,12.8808,75.0411,360.950961,163,5,1713,16.17258581,10.32374096,0,212.0102997,3184,25.3623541,1.6283,Humid
15009,0,0,0,,,0,0,,,,,,,,158.7978072,160.842223,173.6482611,164.0305492,162.309488,0.005153574,0.011709704,0.022897527,0.021919,0.01268823,0.011753194,0.01,0.722769797,0,3.633,1.211,4.857,3.646,1.138964578,13.33858721,4.022391384,0.260573681,0.284548426,50,150,50,47,36,30,27,23,37,35,19,1.4,1.398387097,1.306774194,1.13,0.965483871,0.41,0.402580645,0.050484924,0.021488137,-5.166582646,12.4792,75.1472,299.4820565,192,15,1459,18.83912565,15.51629639,0,110.4863129,957,21.97568917,1.3912,Humid
15010,4,2045.28,0,,,0,0,,,,,,,,109.7983954,107.98335,105.7922184,115.2605277,116.0501849,0.001626613,0.007048658,0.009217476,0.217703851,0.119617309,0.119354952,0.01,0.722769797,0,2.357,0.518,4.569,4.051,2.275510204,11.14993289,3.599794429,0.258974116,0.282981624,50,150,50,47,36,30,27,23,37,35,19,1.4,1.397647059,1.305294118,1.13,1.097058824,0.41,0.402941176,0.052736602,0.027256819,-2.630731677,13.5817,74.8578,346.8098047,261,7,958,12.51969815,8.475580215,0,135.6880493,583,15.24628739,1.6113,Humid
15011,0,0,4,1988,2009,1200896037,0.622064522,0.25,0.75,0,0,0,0,0,358.3203199,370.0166863,397.9685627,382.600819,355.8515799,0,0.002192926,0.002296122,0.024122185,0.024122185,0.024122185,0.01,0.722769797,0,3.899,1.26,4.866,3.606,1.529032258,7.67062173,2.668419987,0.283437856,0.295215165,50,150,50,47,36,30,27,23,37,35,19,1.4,1.395714286,1.301428571,1.13,1.07,0.41,0.397142857,0.047093263,0.015516363,-14.46209634,9.9906,76.6322,243.4098557,74,14,1170,16.68468226,9.364622116,0,146.4047394,405,18.48594676,1.3368,Humid
15012,0,0,0,,,0,0,,,,,,,,643.7281713,648.3856359,653.0606867,629.3399887,625.4234518,0.022295028,0.022376596,0.033605677,0.000829266,0.000829266,0.00303158,0.01,0.722769797,0,3.738,0.935,4.74,3.806,1.442791762,8.859162598,2.892804206,0.277192077,0.294626363,50,150,50,47,36,30,27,23,37,35,19,1.4,1.396521739,1.303043478,1.13,1.081304348,0.41,0.399565217,0.041822384,0.01321104,-11.05309652,9.4036,76.6503,195.739668,106,4,1395,16.59830917,11.35396957,0,146.9922333,731,17.79131475,1.5751,Humid
15013,0,0,0,,,0,0,,,,,,,,830.6066921,879.9559468,930.142553,1001.340027,1099.686859,0.002391925,0.002391925,0.002391925,0.035766167,0.035753644,0.033499474,0.01,0.722769797,0,2.576,0.808,4.934,4.126,1.577731092,11.61855982,3.337689532,0.26245521,0.286233975,50,150,150,44,35,33,24,23,41,11,26,1.39,1.3904,1.2908,0.99,0.9956,0.38,0.3812,0.045529975,0.013986038,-7.070906479,11.0569,76.0394,117.5202999,67,9,1316,12.05655365,7.414783478,0,181.6793671,750,5.78783182,1.4823,Humid
15014,0,0,0,,,0,0,,,,,,,,514.0396968,514.4713731,521.5616714,518.5376493,521.6040111,0.008884168,0.008948546,0.014098788,0.011652423,0.011716801,0.008755412,0.01,0.722769797,0,3.703,0.926,4.864,3.938,1.71253406,8.851023586,2.968091443,0.277481034,0.29341046,50,150,50,47,36,30,27,23,37,35,19,1.4,1.396190476,1.302380952,1.13,1.076666667,0.41,0.398571429,0.045343758,0.014391619,-12.61252737,9.6756,76.6056,183.4731835,85,4,1182,17.57656285,11.22956944,0,147.8312836,615,14.78241399,1.2889,Humid
15016,11,8548,12,1956,2007,754340400,0.147644606,0.4,0.2,0,0.16,0,0.12,0,666.3022965,719.6994602,771.5767672,810.0262464,842.4517701,0.005844055,0.008129088,0.010634652,0.233714681,0.236815677,0.2072222,0.010044763,0.722773699,0,1.624,0.252,9.192,8.941,1.817751649,14.47821122,4.594461024,0.252294092,0.27239259,50,150,150,44,35,33,24,23,41,11,26,1.39,1.385,1.299175258,0.99,1.092371134,0.38,0.436546392,0.039191633,0.013237369,-1.453518915,10.85,76.02,289.7702171,148,-14,2504,11.35261467,4.561121941,0,314.5357056,5755,14.93161714,1.4701,Humid
15017,3,33.75,4,1965,1966,101935000,0.023269902,,,,,,,,400.4536701,419.7996136,444.8037381,455.9660477,473.8569431,0.002814634,0.002741463,0.002726829,0.017458537,0.017604878,0.01684878,0.01,0.722769797,0,3.059,0.739,5.178,4.439,3.183723798,11.04803691,3.523375917,0.273936986,0.293969752,50,150,150,47,36,30,27,23,37,35,19,1.4,1.395797101,1.307391304,1.13,1.125072464,0.41,0.442028986,0.053118199,0.023820428,-5.325293456,11.2394,76.0233,592.0949909,391,1,2573,23.06915099,16.20135498,0,385.3076477,1876,43.14842597,1.4094,Humid
15018,6,1208.42,8,1906,1976,383313762.8,2.98666489,0.571428571,0.428571429,0,0,0,0,0,616.6822951,648.3106552,718.7963221,675.4942951,730.6567075,0.005868703,0.005868703,0.005612369,0.076832789,0.076832789,0.076239173,0.01,0.722769797,0,3.171,0.553,5.076,4.523,1.866434379,8.502153729,2.694787475,0.266830081,0.27584962,25,150,150,44,35,33,24,23,41,11,26,1.39,1.412608696,1.323913043,0.99,1.001304348,0.38,0.38173913,0.059999833,0.021565535,-12.19809529,8.3053,77.1856,377.9938847,137,3,1814,20.74745204,12.6474638,0,187.8454895,841,20.45796864,1.5471,Humid
15019,9,1187.82,11,1966,2005,967473000,0.25704452,0.090909091,0.909090909,0,0,0,0,0,357.828447,349.6473108,341.3255909,337.9192296,333.3756164,0.007702477,0.013038675,0.017741049,0.004611828,0.004611828,0.004563536,0.01,0.722769797,0,3.733,1.132,4.773,3.642,1.8443519,7.762972333,2.746472417,0.285189213,0.298968692,25,150,50,47,36,30,27,23,37,35,19,1.4,1.396315789,1.304259259,1.13,1.112982456,0.41,0.385789474,0.051804671,0.017244378,-7.877023357,9.3325,76.6631,545.7645844,418,-5,1916,25.43830007,22.45913887,0,198.2795868,1713,27.64684646,1.5008,Humid
15020,6,0,7,1956,2007,582030000,0.749927829,0.3125,0.3125,0,0.125,0,0.125,0,602.2759083,661.6530848,728.4660915,779.3517051,826.7089909,0.0113087,0.016079225,0.020963334,0.302509495,0.310552657,0.228573457,0.010056124,0.72277469,0,1.322,0.252,9.192,8.941,1.24655069,17.72323654,5.90633321,0.244542238,0.263366727,125,150,150,44,35,33,24,23,41,11,26,1.39,1.375483871,1.300967742,0.99,1.146344086,0.38,0.485698925,0.034995773,0.011735842,-1.969786024,10.7611,76.4861,409.500358,305,34,2504,10.66386458,3.341631413,0,314.5357056,2775,17.85669607,1.5247,Humid
15021,15,4343.13,17,1895,1997,9434292000,1.349736228,0.208333333,0.666666667,0,0,0.041666667,0,0.041666667,203.6846797,199.7984247,195.2711217,193.2610396,195.8014442,0.002112237,0.002114637,0.002131439,0.004634919,0.004634919,0.004610916,0.012706088,0.723005737,0,3.319,0.691,7.576,6.885,1.407467864,7.488572785,2.5712615,0.294782927,0.307288431,25,150,150,47,36,30,27,23,37,35,19,1.39,1.393623188,1.311259259,1.13,1.234492754,0.38,0.481521739,0.058064779,0.019135812,-4.3265862,10.1833,76.5,930.3305561,936,-2,2674,24.41456426,20.81302452,0,315.9709778,4234,32.86010143,1.4341,Humid
15022,1,433,1,1986,1986,524000000,0.367663754,0.25,0.25,0,0,0,0.25,0,371.1758764,378.5642635,386.4015105,390.5187436,399.6149227,0.022253231,0.033147278,0.041446338,0.007972647,0.007972647,0.007442225,0.01,0.722769797,0,3.451,0.834,4.908,4.074,1.373876987,7.699084509,2.696065403,0.278643219,0.292405832,50,150,50,47,36,30,27,23,37,35,19,1.4,1.396315789,1.302631579,1.13,1.078421053,0.41,0.398947368,0.05116206,0.017849985,-6.08699777,9.0728,76.7611,286.1688706,161,6,1756,19.79939348,14.37661171,0,133.4642334,1210,16.60288489,1.4069,Humid
15023,0,0,1,1979,1979,97500000,0.025819032,1,0,0,0,0,0,0,235.1830482,248.4445971,263.6528334,234.8814433,208.2188549,0.008406328,0.01213112,0.011991789,0.022404488,0.012892798,0.014917748,0.01,0.722769797,0,3.598,1.23,4.926,3.696,1.184292379,9.85939175,2.881106272,0.276804889,0.297067503,50,150,50,47,36,30,27,23,37,35,19,1.4,1.398787879,1.312424242,1.13,1.080606061,0.41,0.406060606,0.056601774,0.021175322,-2.952048619,11.9814,75.5875,488.1095486,429,9,1584,19.94248391,14.22367096,0,142.3772736,1070,39.43025856,2.5965,Humid
15024,1,0,1,1983,1983,70872400,0.040568296,1,0,0,0,0,0,0,521.8103748,553.7417026,583.7043517,631.1976865,681.6993054,0,0,0,0.076552549,0.076541773,0.075862886,0.01,0.722769797,0,2.568,0.593,5.052,4.46,1.388788427,10.76925228,3.160211667,0.268468705,0.2892722,50,150,150,44,35,33,24,23,41,11,26,1.39,1.392580645,1.29516129,0.99,1.026129032,0.38,0.387741935,0.046917735,0.016921703,-8.321364135,10.8992,76.1972,308.1769581,90,9,2355,17.29935432,8.608798981,0,258.1731567,940,20.21637047,1.6974,Humid
15026,2,499.13,2,1976,1994,2033600000,0.41058919,0.25,0.5,0,0,0,0.25,0,580.0481953,599.3029742,614.9850696,625.3664046,631.0117358,0.022459161,0.022694159,0.03032826,0.041896909,0.040157919,0.038022788,0.01,0.722769797,0,3.409,0.709,4.866,4.158,5.154195011,8.636419913,2.879797069,0.275791738,0.290183379,50,150,150,44,35,33,24,23,41,11,26,1.39,1.394081633,1.298163265,0.99,1.047142857,0.38,0.392244898,0.044898914,0.01433326,-7.026741804,9.845,76.4667,149.613183,57,-3,1170,13.28377773,7.697172642,0,151.4674683,1208,11.18384028,1.7865,Humid
15030,0,0,0,,,0,0,,,,,,,,288.6485781,290.4832513,290.5630686,278.9079202,277.5879745,0.03371267,0.062424271,0.065691003,0.033011808,0.030077689,0.031621962,0.01,0.722769797,0,3.724,0.986,4.925,3.939,2.069582505,8.027157374,2.808425904,0.278712086,0.293702116,25,150,50,47,36,30,27,23,37,35,19,1.4,1.397142857,1.305384615,1.13,1.119285714,0.41,0.374285714,0.048438182,0.017041867,-8.866699724,9.2325,76.7147,310.9129708,178,10,1881,22.97927589,19.60135078,0,144.3468628,810,17.16184426,1.3009,Humid
15031,2,0,1,1895,1895,443230000,2.696234547,0.5,0.5,0,0,0,0,0,85.68725401,85.63155519,78.12292243,90.51175971,93.95211628,0,0,0,0,0,0,0.025746321,0.724143778,0,3.356,1.119,7.576,6.457,1.025830258,7.156599761,2.492821701,0.298226848,0.309857694,25,150,150,46,41,30,26,23,33,5,7,1.39,1.39,1.3175,1.73,1.397391304,0.77,0.516956522,0.061383994,0.019826371,-9.603470157,9.5733,77.0908,1131.998969,1091,800,1972,24.33333,22.27231026,0,123.0468674,712,17.51475667,1.7429,Humid
15032,0,0,0,,,0,0,,,,,,,,116.1292208,115.2108683,114.878448,123.5241406,128.7234757,0.006523248,0.006523248,0.006689799,0.350284525,0.341068702,0.344594032,0.01,0.722769797,0,2.742,1.422,4.628,3.206,1.297674419,11.41891102,3.62984946,0.259711055,0.281868367,50,150,150,44,35,33,24,23,41,11,26,1.39,1.393333333,1.296666667,0.99,1.036666667,0.38,0.39,0.046647072,0.019530335,-16.70643457,13.2942,74.9806,220.561655,102,21,1217,12.58078985,6.245929241,0,133.7410583,327,29.17779226,1.2666,Humid
16001,2,2627,5,1980,1982,147340000,0.222663272,1,0,0,0,0,0,0,240.4832262,253.0101075,261.8875202,282.1633006,299.429253,0.002822845,0.002822845,0.00277564,0.439745472,0.431645133,0.415897622,0.01,0.722769797,0,1.618,0.618,7.825,7.207,2.307515337,14.1285436,4.850166235,0.249184526,0.267325921,25,150,150,81,69,7,8,12,23,10,10,1.56,1.541527778,1.44295082,0.53,0.662916667,0.26,0.230277778,0.030775124,0.012194198,-4.506719953,17.7,82.9953,377.043807,146,21,1631,17.33899552,9.541435242,0,131.6121826,2090,21.13758673,1.4485,Dry_sub_humid
16004,3,0,3,1983,1998,217560000,0.07700407,1,0,0,0,0,0,0,87.59996665,95.52229943,103.0783328,110.0282614,117.4894397,0.000470833,0.000540744,0.000657739,0.200801557,0.285227555,0.328949358,0.026997428,0.724253059,0,1.719,0.548,4.372,3.823,1.223731154,13.24218781,4.298064825,0.258422678,0.273320803,50,150,150,81,69,7,8,12,23,10,10,1.56,1.557344398,1.438008299,0.53,0.53780083,0.26,0.262655602,0.035307344,0.015658192,-2.58201346,19.0833,83.8056,495.5274419,477,79,1507,20.18238722,16.44427681,0,162.2540588,6740,14.82381498,1.6934,Humid
16007,4,0,6,1974,2000,228410000,0.082560507,1,0,0,0,0,0,0,93.22213992,101.2558469,109.4676776,116.533023,123.8251007,0.000787646,0.000848907,0.00097518,0.225858034,0.303437386,0.347979376,0.028226861,0.724360462,0,1.692,0.548,4.372,3.823,1.529192296,13.60834329,4.407588779,0.257474882,0.272726154,50,150,150,81,69,7,8,12,23,10,10,1.56,1.557664234,1.438248175,0.53,0.536861314,0.26,0.262335766,0.034646052,0.015146816,-2.159753036,18.8483,83.8731,468.2018139,443,50,1507,19.53706214,15.23878384,0,162.2540588,7820,14.41280606,1.6,Humid
16012,11,9938.53,15,1894,2003,237814000,0.102040912,0.555555556,0,0,0.222222222,0,0.037037037,0.037037037,232.389977,245.9960887,260.7295594,277.2467489,294.5940933,0.003160898,0.003160898,0.003648603,0.432025151,0.456400535,0.465956737,0.057962135,0.726962987,0,1.563,0.595,7.557,6.962,2.383990852,14.19103042,4.893055715,0.25283769,0.267477648,50,150,150,81,69,7,8,12,23,10,10,1.56,1.562727273,1.440082645,0.53,0.535826446,0.26,0.268264463,0.031903798,0.013375632,-1.372637147,19.5167,84.8833,260.2843535,154,8,1308,13.08224723,4.402425289,0,126.9608536,7112,11.85241808,1.4306,Humid
16014,5,3875,8,1908,2007,419497000,0.167823821,0.857142857,0.142857143,0,0,0,0,0,224.4014931,232.3137771,240.7186581,251.1010334,261.8554061,0.003308286,0.00379264,0.004065499,0.459702791,0.485574052,0.492208158,0.026546536,0.724213673,0,1.371,0.278,3.83,3.552,2.827968431,14.50951278,4.814933324,0.251424951,0.268034709,100,150,150,81,69,7,8,12,23,10,10,1.56,1.512604502,1.408231511,0.53,0.570353698,0.26,0.302475884,0.02915351,0.011228187,-1.222599104,18.3133,83.8842,410.0957798,337,-1,1614,16.47905634,8.029576302,0,160.7160492,9500,15.56368566,1.3419,Dry_sub_humid
17001,0,0,0,,,0,0,,,,,,,,173.3616623,187.7767281,223.8707626,228.8966885,250.164699,0,0,0,0.147141962,0.215261436,0.253804915,0.013260188,0.722438301,0,1.711,0.512,4.828,4.317,1.022170362,13.68883187,4.089917745,0.261595729,0.277749684,25,150,25,43,0,34,0,23,0,26,0,1.39,1.39,1.34,1.4,1.4825,0,0.1925,0.050065399,0.017030679,-5.530144746,9.9256,77.5117,677.2088856,568,301,1958,23.19914311,18.85508919,0,145.6485748,850,14.80153763,1.3053,Semi_arid
17003,0,0,0,,,0,0,,,,,,,,354.8484963,376.4979627,395.6694122,419.3576004,440.6753981,0.005829851,0.005829851,0.005991791,0.651062266,0.662152062,0.635824307,0.010261866,0.722792626,0,0.74,0.448,7.513,7.065,1.225462119,23.76715865,6.558673887,0.226437222,0.252148555,25,150,150,47,39,29,27,24,34,9,8,1.39,1.390462963,1.329029126,0.86,0.872037037,0.38,0.363333333,0.020208717,0.008496757,-2.074978108,12.6842,78.5394,800.3207691,823,367,1328,3.591742796,2.270793915,0,100.8205719,3300,5.308713467,1.4291,Semi_arid
17006,2,315.54,5,1940,1996,27011000,0.04737837,0.833333333,0,0,0,0,0,0,904.2941543,1026.869339,1205.734017,1417.503827,1669.526829,0.059359515,0.066554137,0.081106542,0.515639173,0.588958664,0.481625938,0.01218718,0.722960489,0,0.736,0.239,1.752,1.513,1.240547588,23.57100906,6.326441936,0.227472417,0.25641947,125,150,150,47,39,29,27,24,34,9,8,1.39,1.38994152,1.318888889,0.86,0.741169591,0.38,0.38994152,0.020121811,0.009269465,-1.193986807,12.555,78.1386,847.4609233,882,492,1472,3.675224311,2.564954042,0,114.0211792,4620,4.298163758,1.3941,Semi_arid
17007,0,0,7,1976,2004,33724237.05,0.789358228,1,0,0,0,0,0,0,426.2218934,450.07905,474.175522,502.7314281,530.212303,0.004790597,0.007980919,0.019901172,0.245299515,0.334613212,0.525061161,0.01005378,0.722774486,0,0.883,0.313,8.034,7.721,1.443334781,17.9559249,6.177842763,0.233990373,0.251443321,25,150,125,16,15,29,28,55,57,4,5,1.21,1.31828125,1.280598291,0.75,0.758671875,0.45,0.373828125,0.042604636,0.015712023,-1.497853019,9.3239,77.9903,214.5326674,133,47,1987,7.372350693,1.147082329,0,221.4508209,3721,5.338756644,1.2276,Semi_arid
17009,5,5071.52,5,1923,1993,122720195.8,0.358417591,0.833333333,0,0,0,0,0,0.166666667,297.7224023,316.5913941,335.8692572,358.7403902,382.0985339,0.004887575,0.004887575,0.005001143,0.542285346,0.570191196,0.585978519,0.040503913,0.722225843,0,1.04,0.435,7.325,6.889,6.131092241,15.66760398,4.561418898,0.241086947,0.249953457,25,150,150,47,39,29,27,24,34,9,8,1.39,1.385413223,1.324680851,0.86,0.999256198,0.38,0.303429752,0.032562676,0.010669589,-0.90944438,11.4222,79.4722,262.8652035,151,10,1410,7.784869271,1.52037394,0,153.1389465,7890,7.564361604,1.7999,Dry_sub_humid
17011,7,12001,11,1942,2003,911266500,1.632550877,0.583333333,0.333333333,0,0,0,0,0,448.1105154,477.3929639,509.472717,542.0845836,577.8501117,0.00852953,0.014316974,0.023132928,0.135002454,0.323599841,0.358596187,0.01195019,0.722939824,0,1.142,0.339,4.852,4.514,2.028643036,15.5934907,5.050835394,0.23464837,0.245998145,25,150,150,79,70,10,10,11,20,4,8,1.57,1.48724359,1.413809524,0.5,0.742628205,0.28,0.251089744,0.045241774,0.017658068,-1.098693022,8.7144,77.835,235.118784,119,13,1847,8.136078601,1.359863758,0,178.4207153,4380,12.46449688,1.3091,Semi_arid
17012,4,332.285,10,1922,2011,58591416.28,0.201011904,0.545454545,0,0,0,0,0,0,365.3979357,384.4559185,406.355764,428.6518419,454.5468094,0.01187945,0.012229694,0.016877637,0.347693335,0.346362408,0.340589564,0.030106119,0.721049825,0,1.125,0.418,7.673,7.255,3.220743773,15.4046326,4.654151224,0.244521739,0.253292771,25,150,25,43,0,34,0,23,0,26,0,1.39,1.3345,1.24972973,1.4,1.124125,0,0.197625,0.037314046,0.013766788,-2.831852445,13.9472,79.8972,272.3501563,191,20,1144,11.742756,2.803431034,0,162.5339203,2650,8.396174627,1.2985,Dry_sub_humid
17015,6,2317,12,1958,2009,216136110,2.076278249,0.538461538,0.461538462,0,0,0,0,0,490.2623037,522.8583063,557.5193041,606.6828351,651.8291807,0.007740153,0.013205908,0.017747849,0.2905094,0.229129781,0.413561722,0.027523184,0.722964743,0,1.345,0.349,5.149,4.801,4.387912248,16.42614043,5.090277031,0.243611892,0.259859993,25,150,150,47,39,29,27,24,34,9,8,1.39,1.399183673,1.337793103,0.86,1.043112245,0.38,0.301326531,0.0399236,0.013572208,-1.396250097,9.5531,78.5861,477.1380462,334,37,2650,14.35882416,2.828687668,0,359.2239685,6796,15.40123749,1.4714,Semi_arid
17019,4,0,6,1958,2004,18506430,0.031660333,0.166666667,0.833333333,0,0,0,0,0,451.0349791,478.1910774,506.3751752,539.7448285,569.5236972,0.008565373,0.011978367,0.017152671,0.25983337,0.163136739,0.348278886,0.022208982,0.721529168,0,1.491,0.448,4.788,4.34,1.25647349,13.14560965,4.327786283,0.259658908,0.274905246,25,150,150,47,39,29,27,24,34,9,8,1.39,1.39,1.327857143,0.86,1.065208333,0.38,0.389375,0.048542291,0.016633469,-4.994817033,10.0011,77.485,693.1156624,462,285,2650,19.86151914,4.906683922,0,337.8467407,1200,25.72080308,1.2388,Semi_arid
17022,7,2343,12,1940,2007,333259000,1.030649478,0.705882353,0.058823529,0,0.058823529,0,0,0.117647059,588.130591,657.1406525,752.6913089,864.8163196,997.9531362,0.028910909,0.032083734,0.038578431,0.527578049,0.559911908,0.509551881,0.010964005,0.722853839,0,0.914,0.239,7.552,7.313,1.338012959,18.6794586,5.408927956,0.23472846,0.253900329,25,150,150,47,39,29,27,24,34,9,8,1.39,1.3825323,1.318424242,0.86,0.88248062,0.38,0.331317829,0.024412667,0.009477374,-0.647946761,12.0658,78.9781,638.2511582,640,133,1632,6.186060156,2.480371714,0,114.909111,10780,6.073428865,1.4912,Dry_sub_humid
17024,7,0,12,1940,2007,333259000,0.942509497,0.705882353,0.058823529,0,0.058823529,0,0,0.117647059,574.8157178,638.4783128,726.1523184,829.2719764,951.1120338,0.026404193,0.029153424,0.034850804,0.547617952,0.575635017,0.53060152,0.01290024,0.723022668,0,0.904,0.239,7.552,7.313,2.141004054,18.38121708,5.367096469,0.235089416,0.253366447,25,150,150,47,39,29,27,24,34,9,8,1.39,1.384129464,1.320489691,0.86,0.881875,0.38,0.335691964,0.025177383,0.009393274,-0.521522488,11.8706,79.4594,573.0516643,526,41,1632,5.739579971,2.294164658,0,124.1236343,12900,5.63563857,1.4448,Dry_sub_humid
